idx,dative,best_lr,best_wd,best_epoch,verbhood_diff,do,pp
0,do,0.05,0.0,5,0.4515611457824704,-4.964082239613388,-4.158600944942898
0,pp,0.05,0.0,70,2.0425370061397548,-8.033473279259422,-6.688642194535997
0,do,0.05,0.0,5,0.10301606416702302,-4.936102596918742,-4.199413190947639
0,pp,0.05,0.0,22,1.3575936722755433,-5.559075417663112,-4.6722807089487715
1,do,0.05,0.0,20,0.9914064645767215,-4.834646493738348,-4.464706571896871
1,pp,0.05,0.0,22,2.0144227337837224,-4.321586968682029,-3.7901662826538085
1,do,0.05,0.0,18,0.6699799919128413,-4.985208998304425,-4.56740550465054
1,pp,0.05,0.0,30,2.4035671639442437,-4.552251782561793,-3.9840414351887175
2,do,0.05,0.0,9,0.2160882389545442,-5.387148543560143,-4.806281118922763
2,pp,0.05,0.0,7,1.3170296335220337,-4.102964213400176,-3.5841813789473638
2,do,0.05,0.0,8,0.29639923930168166,-5.502217099160859,-4.892091215981377
2,pp,0.05,0.0,6,1.1702488827705384,-4.036873499552409,-3.575914874341753
3,do,0.05,0.0,12,-0.44124729275703434,-6.357783960573601,-5.499669271045261
3,pp,0.05,0.0,25,0.4698199343681333,-6.430298272046175,-5.557019805908203
3,do,0.05,0.0,11,-0.7897764194011687,-6.338889051206184,-5.552654104762607
3,pp,0.05,0.0,24,0.41724137902259795,-6.458040647795706,-5.589843334092034
4,do,0.05,0.0,28,-1.1462987971305854,-9.052680306001143,-8.731571213404338
4,pp,0.05,0.0,70,-0.4992414033412942,-8.936323379747796,-7.223727544148763
4,do,0.05,0.0,1,-1.3924812936782835,-6.560964606025002,-5.771006300714281
4,pp,0.05,0.0,70,-1.011292648315429,-9.11358446785898,-7.2497720638910925
5,do,0.05,0.0,12,0.026963254213333343,-5.731493827068444,-4.917959099345737
5,pp,0.05,0.0,20,0.9686957073211673,-5.780303504250266,-4.728046822547912
5,do,0.05,0.0,13,-0.08434634685516418,-6.025381845416445,-5.23736555841234
5,pp,0.05,0.0,39,0.6828424108028406,-6.8907942945306955,-5.7266627417670355
6,do,0.05,0.0,20,-0.5468068623542788,-6.409977414391258,-5.640976428985596
6,pp,0.05,0.0,20,0.3237502598762507,-5.54861232584173,-4.724861245685154
6,do,0.05,0.0,17,-0.28516033649444594,-6.204241913015192,-5.444735590616862
6,pp,0.05,0.0,20,0.9010607421398165,-5.095652581706192,-4.278968032201131
7,do,0.05,0.0,18,0.954529289007187,-5.971707153320312,-5.269134653939141
7,pp,0.05,0.0,16,1.56409880399704,-5.729038159052531,-4.557590060763889
7,do,0.05,0.0,28,0.5935251820087428,-7.325474178429806,-6.752407360076904
7,pp,0.05,0.0,15,1.5252128386497503,-5.633360604083899,-4.569740912649366
8,do,0.05,0.0,13,-0.7578701949119573,-6.983045489860303,-6.263951998286777
8,pp,0.05,0.0,70,1.3351451301574704,-7.338700979406183,-6.285044299231635
8,do,0.05,0.0,70,0.5771633076667797,-7.7064533089146465,-8.109000590112474
8,pp,0.05,0.0,70,1.4881671810150152,-7.358563204967615,-6.7084689511193165
9,do,0.05,0.0,6,-0.48856281161308246,-5.820107990322691,-4.961480360560947
9,pp,0.05,0.0,64,0.9669328761100768,-8.497525241158225,-6.579681232240465
9,do,0.05,0.0,4,-1.068029879331589,-6.151693484277436,-5.245750138494704
9,pp,0.05,0.0,70,0.2832959687709806,-8.284173185175115,-6.823677015304566
10,do,0.05,0.0,7,0.5815673434734343,-4.48731389912692,-4.049541187286377
10,pp,0.05,0.0,9,0.7471457886695863,-5.125606323010993,-4.517992691198985
10,do,0.05,0.0,57,0.15041534304618764,-7.942283890464089,-7.516927451557583
10,pp,0.05,0.0,25,1.4433879375457765,-6.304473061995073,-5.293141471015082
11,do,0.05,0.0,16,0.09217169642448386,-6.467011950232766,-5.601790155304803
11,pp,0.05,0.0,23,2.433720595836639,-4.651670515176022,-4.255276608467102
11,do,0.05,0.0,58,1.0046823406219492,-7.772842709223429,-6.890533309512668
11,pp,0.05,0.0,31,2.0888869702816013,-5.811454153060913,-5.01538511912028
12,do,0.05,0.0,64,2.072947534322738,-7.2317767316644845,-5.764158500565423
12,pp,0.05,0.0,66,1.811116979122163,-7.832150811860056,-6.104490249686771
12,do,0.05,0.0,70,0.39490786552429213,-9.027017097762137,-7.366880279117161
12,pp,0.05,0.0,23,1.7906507265567777,-5.45739025925145,-4.691715100076464
13,do,0.05,0.0,46,-0.6044589245319365,-8.338220038558498,-7.819353895717197
13,pp,0.05,0.0,3,-0.1254296135902404,-5.565659429087783,-4.665452024671766
13,do,0.05,0.0,9,-0.8492624509334572,-6.690188061107289,-5.612838368945652
13,pp,0.05,0.0,36,0.654902880191802,-9.861463658014934,-8.316703012254504
14,do,0.05,0.0,61,0.06091002225875819,-8.85312043536793,-7.3373568216959635
14,pp,0.05,0.0,13,0.10741602659225435,-8.190229739564838,-6.127117541101244
14,do,0.05,0.0,24,-0.026291153430937797,-7.480863361647635,-6.546909459431967
14,pp,0.05,0.0,70,0.19951674461364632,-10.620969831582272,-7.894843316078186
15,do,0.05,0.0,50,2.5230069315433497,-5.713561698162194,-5.094356306393942
15,pp,0.05,0.0,70,1.0677232170104975,-10.311694911032012,-7.064084527227614
15,do,0.05,0.0,60,1.0135014486312874,-7.010050991809729,-6.382380779584249
15,pp,0.05,0.0,7,0.9389640796184535,-4.704355072252678,-3.937599069542355
16,do,0.05,0.0,26,0.6021470284461978,-6.0797848470283276,-5.569091198179457
16,pp,0.05,0.0,34,2.0952937793731685,-5.765425302043106,-5.056568720605639
16,do,0.05,0.0,50,0.5633479142189017,-8.08400430390329,-6.894794625706143
16,pp,0.05,0.0,22,1.1709455168247223,-6.616066233317057,-5.62535060511695
17,do,0.05,0.0,39,1.4930406045913704,-6.933861746932521,-5.3338390747706095
17,pp,0.05,0.0,17,1.6849620890617372,-8.216905166163588,-6.778395104408264
17,do,0.05,0.0,70,2.06495086312294,-7.877896162957856,-6.3923125743865965
17,pp,0.05,0.0,25,1.6650958395004274,-8.756604593450373,-7.032567368613349
18,do,0.05,0.0,24,1.1384558224678045,-7.220457624666619,-6.701392881075541
18,pp,0.05,0.0,44,1.6580789232254016,-8.393751219547156,-7.205853862232632
18,do,0.05,0.0,56,1.6637135970592496,-7.632110968503085,-7.318382181061638
18,pp,0.05,0.0,29,1.599012739658356,-8.05444322788354,-6.827855825424194
19,do,0.05,0.0,70,-0.17184717178344755,-10.124808675592595,-9.591267734103733
19,pp,0.05,0.0,70,1.968304414749145,-6.82888091694225,-5.412210294935439
19,do,0.05,0.0,67,-0.2519649291038508,-9.236927645134204,-8.392328484853108
19,pp,0.05,0.0,70,1.7322491431236262,-6.100739190072725,-5.1961596488952635
20,do,0.05,0.0,13,0.5990877604484552,-5.544010636300752,-4.752744081285265
20,pp,0.05,0.0,11,-0.06379181623458852,-6.174736811897971,-5.176920286814371
20,do,0.05,0.0,12,0.323511726856232,-5.665119698553374,-4.779470698038737
20,pp,0.05,0.0,20,0.4809959745407104,-6.382254976214784,-5.776694819662306
21,do,0.05,0.0,33,1.714181227684021,-5.850629716930968,-5.102741773923238
21,pp,0.05,0.0,32,1.638589177131653,-5.2168395692651925,-4.83143564330207
21,do,0.05,0.0,30,1.5208980989456178,-5.64950486385461,-4.970668057600657
21,pp,0.05,0.0,39,2.233019763231277,-5.1120717164241904,-4.5662826432122126
22,do,0.05,0.0,23,1.1589695286750796,-6.446571517713142,-5.611847432454427
22,pp,0.05,0.0,17,1.741751455068588,-5.223385134610263,-4.597288322448731
22,do,0.05,0.0,11,-0.19423891901969892,-6.112001231222441,-5.128644680976867
22,pp,0.05,0.0,10,0.6450742173194879,-4.907689695647268,-4.424864984883202
23,do,0.05,0.0,14,0.30292341113090515,-6.435996142300692,-5.554541982544793
23,pp,0.05,0.0,28,0.43379931092262325,-7.150304901238644,-6.071250743336147
23,do,0.05,0.0,17,0.46233989238738893,-7.120428343975183,-6.139386325412326
23,pp,0.05,0.0,23,0.4737832498550416,-6.747985430919763,-5.82140023973253
24,do,0.05,0.0,3,-0.8593056404590609,-6.252986149354414,-5.3906059106191
24,pp,0.05,0.0,50,0.7855311691761022,-5.845280715191003,-5.857102759679159
24,do,0.05,0.0,3,-1.0955021131038665,-6.3689935510808775,-5.533754303720262
24,pp,0.05,0.0,56,0.6792381250858313,-6.617508230787335,-6.308210873603821
25,do,0.05,0.0,16,0.8889796698093413,-4.880700086824822,-4.494852468702528
25,pp,0.05,0.0,34,1.8006494772434234,-6.904559615164092,-5.92505566544003
25,do,0.05,0.0,20,0.6444646763801574,-5.692656941847368,-5.184948727819655
25,pp,0.05,0.0,30,1.6599608898162845,-6.715686033711289,-5.830755517217848
26,do,0.05,0.0,1,-0.9267354786396025,-5.910993827473034,-5.244875264167786
26,pp,0.05,0.0,34,1.0807028961181642,-5.430700887333263,-4.752034237649705
26,do,0.05,0.0,7,-0.2705592656135556,-6.056136024359501,-5.269789036115011
26,pp,0.05,0.0,48,1.7374083125591273,-5.387080319722494,-4.824789031346639
27,do,0.05,0.0,25,0.8880613672733313,-6.137544260603009,-5.1200351609124075
27,pp,0.05,0.0,43,1.8911881065368652,-6.103607679135871,-5.190401826964484
27,do,0.05,0.0,70,0.7894735527038579,-7.827810550458503,-6.422820986641778
27,pp,0.05,0.0,70,2.119898005723954,-6.241541913061431,-5.2467079533471
28,do,0.05,0.0,4,-0.5537140202522277,-6.038215170484601,-5.134925619761149
28,pp,0.05,0.0,40,2.1963354027271267,-5.08212204990965,-4.791625505023532
28,do,0.05,0.0,14,-0.5544083905220036,-7.705300524740508,-6.44624973932902
28,pp,0.05,0.0,63,2.363700937032699,-6.433602276715365,-5.9402333418528235
29,do,0.05,0.0,3,-0.8721940946578979,-5.782200124047019,-4.98973875840505
29,pp,0.05,0.0,70,1.586063231229783,-6.676882142731638,-6.190366053581238
29,do,0.05,0.0,3,-1.0406531536579138,-5.984466885075425,-5.11744044886695
29,pp,0.05,0.0,70,1.0544767248630516,-6.0969677318226205,-5.782316936386956
30,do,0.05,0.0,22,1.3783511459827427,-7.177877596652869,-6.842285847663879
30,pp,0.05,0.0,27,2.1232748353481297,-4.341436235832446,-4.047507796022627
30,do,0.05,0.0,22,1.413149608373642,-7.43856915994124,-7.183548016018338
30,pp,0.05,0.0,32,2.517076843976975,-4.416679302851359,-4.115119887722863
31,do,0.05,0.0,21,0.34046701669692947,-7.240095993966767,-5.970299747255114
31,pp,0.05,0.0,70,2.786472263336182,-6.8592745318557276,-6.047805500030518
31,do,0.05,0.0,13,0.09696101427078219,-6.861965225682114,-5.503262742360433
31,pp,0.05,0.0,70,3.2050705718994132,-6.506203953425089,-5.836307840877109
32,do,0.05,0.0,70,1.6255077290534965,-6.257898686148904,-5.778406874338786
32,pp,0.05,0.0,39,1.8201501655578607,-6.032967748063983,-5.0105616198645695
32,do,0.05,0.0,70,1.7860138332843771,-6.221900372071699,-5.708005989922418
32,pp,0.05,0.0,67,2.2359590482711784,-5.1988237034190785,-4.659652298026614
33,do,0.05,0.0,64,1.9202208721637728,-11.345720200105147,-10.023816357718573
33,pp,0.05,0.0,20,0.748965896368027,-9.807197934930974,-7.920248889923096
33,do,0.05,0.0,49,1.258553683757782,-10.284459575017292,-8.929891808827717
33,pp,0.05,0.0,30,1.4963615858554835,-8.062512604395549,-6.672089711825053
34,do,0.05,0.0,70,0.8891133224964154,-10.400188392581361,-8.536524748802185
34,pp,0.05,0.0,70,0.5403988182544701,-12.656839854789503,-9.008926102850172
34,do,0.05,0.0,70,1.443176296949387,-9.045603357661854,-7.835388700167338
34,pp,0.05,0.0,8,0.08720741033554091,-7.5994702353621975,-5.922401144769457
35,do,0.05,0.0,13,1.309989664554596,-4.696916688572276,-4.095518234041002
35,pp,0.05,0.0,20,2.0516946172714237,-5.191064100554495,-4.542682931158278
35,do,0.05,0.0,49,1.0499612903594961,-7.563369292923898,-6.4932908561494616
35,pp,0.05,0.0,60,2.3313110804557793,-7.571955308047208,-6.365102561314901
36,do,0.05,0.0,28,2.3096709322929385,-7.4835173809167115,-6.3157283041212295
36,pp,0.05,0.0,28,1.7005540430545807,-5.41062982154615,-4.822841012477875
36,do,0.05,0.0,25,0.7258396434783938,-6.987650801918724,-6.04483228524526
36,pp,0.05,0.0,23,1.6204937112331388,-4.967945702870687,-4.490074235863156
37,do,0.05,0.0,70,1.7688477289676676,-8.28133704734571,-6.437897226545545
37,pp,0.05,0.0,70,2.360133128166199,-9.005635963786732,-6.9170787281460235
37,do,0.05,0.0,67,0.7923628115653987,-9.042811594587384,-7.607204479641385
37,pp,0.05,0.0,66,2.25217001914978,-9.99479438752839,-7.647758523623149
38,do,0.05,0.0,44,2.3338586902618417,-8.575169105240793,-7.119485812717014
38,pp,0.05,0.0,70,2.3576443707942962,-6.293780042185928,-5.371046029196846
38,do,0.05,0.0,51,1.7616819393634806,-9.775812937996605,-8.16199889977773
38,pp,0.05,0.0,45,3.12897956252098,-6.151739637779467,-5.225722710291545
39,do,0.05,0.0,15,0.7123021900653841,-6.9495528481223365,-5.919645428657532
39,pp,0.05,0.0,43,1.5085014092922204,-7.235354767423687,-6.036621538798014
39,do,0.05,0.0,20,-0.3200483739376061,-8.785398351784908,-7.805274560716417
39,pp,0.05,0.0,48,1.2870962405204764,-8.508328864068696,-6.9122807529237535
40,do,0.05,0.0,10,0.49082532405853296,-4.938865196343624,-4.421297237608168
40,pp,0.05,0.0,70,1.4979141807556164,-8.173831954146877,-6.764814053641425
40,do,0.05,0.0,6,0.2203151834011079,-5.077703250538219,-4.323696144421896
40,pp,0.05,0.0,56,1.3363532638549813,-8.707188574473063,-7.181158979733785
41,do,0.05,0.0,60,1.511999863386154,-5.022828567389286,-4.677233848306868
41,pp,0.05,0.0,42,2.016999115943909,-5.943715364282782,-5.202484771940443
41,do,0.05,0.0,26,1.3494068896770477,-4.836700487136841,-4.628597991996341
41,pp,0.05,0.0,33,2.190695620775222,-5.300163027734468,-4.841348813639747
42,do,0.05,0.0,7,0.3265184128284453,-5.400968074798584,-4.8330659627914425
42,pp,0.05,0.0,22,1.95025928735733,-5.515115321766246,-4.9617433852619595
42,do,0.05,0.0,5,0.17056557536125183,-5.322332711653276,-4.759642558627658
42,pp,0.05,0.0,16,1.5203539431095123,-5.332749645637743,-4.7116249018245275
43,do,0.05,0.0,16,0.7174798035621643,-5.372848929780902,-4.9657480398813885
43,pp,0.05,0.0,70,1.7548384165763853,-5.748900722734856,-5.186412853664822
43,do,0.05,0.0,16,0.7916423118114473,-5.488148365598736,-5.058687014049954
43,pp,0.05,0.0,70,0.8640439808368692,-6.993708097573482,-6.154184659322103
44,do,0.05,0.0,13,-0.2842419373989111,-7.1471476338126445,-6.318484452035692
44,pp,0.05,0.0,40,1.6621342980861655,-5.670803533900868,-5.034529410468208
44,do,0.05,0.0,4,-1.0820424187183377,-6.567527453104655,-5.696762143241035
44,pp,0.05,0.0,40,1.181587700843811,-5.86091589494185,-5.203006842401293
45,do,0.05,0.0,14,0.3777042031288147,-5.40255165533586,-4.895645454194811
45,pp,0.05,0.0,38,1.7261915910243992,-4.932863874146433,-4.466228193706936
45,do,0.05,0.0,13,0.4129924261569977,-5.328286904999704,-4.7920197672314115
45,pp,0.05,0.0,44,2.1099933922290797,-5.294572940017238,-4.6143320745892
46,do,0.05,0.0,19,-0.24575482487678535,-6.351057097406098,-5.61592615975274
46,pp,0.05,0.0,57,1.2181634449958807,-5.9360622680548465,-5.070306600464715
46,do,0.05,0.0,19,-0.4629351651668552,-6.890561873985059,-6.054487355550131
46,pp,0.05,0.0,66,1.2907552087306975,-6.552250729185162,-5.488404703140259
47,do,0.05,0.0,16,0.324129860401154,-6.3732425819743765,-5.245850880940755
47,pp,0.05,0.0,23,1.581968425512314,-6.202190101507938,-4.896944811609056
47,do,0.05,0.0,15,0.7069959270954129,-6.528748327313047,-5.386219088236491
47,pp,0.05,0.0,23,1.7999485671520228,-5.649779779260808,-4.536237631903754
48,do,0.05,0.0,12,-0.1152150583267213,-6.049118943647905,-5.486247229576111
48,pp,0.05,0.0,53,2.185886304378509,-5.755640973466815,-5.262827735477024
48,do,0.05,0.0,5,0.10036785721778863,-4.903617178310047,-4.394500973489549
48,pp,0.05,0.0,70,2.469535841941833,-6.393198085553719,-5.713473897510105
49,do,0.05,0.0,3,-0.5296915948390959,-5.886909383716005,-5.016545510292053
49,pp,0.05,0.0,70,2.675344039201736,-5.5459315328887016,-4.529828760359022
49,do,0.05,0.0,9,-0.9011719036102299,-6.566769231449474,-5.8165864706039425
49,pp,0.05,0.0,60,2.7128418600559243,-5.313485462015326,-4.375278185473548
50,do,0.05,0.0,15,1.5246407485008246,-4.378866265036843,-4.229413930575053
50,pp,0.05,0.0,23,2.132661424875259,-4.743400403225061,-4.253861716058519
50,do,0.05,0.0,12,0.6986918914318085,-4.8408626874287926,-4.616826066705916
50,pp,0.05,0.0,25,2.5425468599796295,-4.417019416346695,-3.973752156893412
51,do,0.05,0.0,36,1.6672268319129948,-5.421950578689575,-4.969208966361152
51,pp,0.05,0.0,22,2.6240718460083006,-4.690977635528102,-4.233269148402744
51,do,0.05,0.0,26,1.1740845119953152,-5.495858459761648,-5.133486559655931
51,pp,0.05,0.0,22,2.2011090719699853,-5.144954534010454,-4.587681625949012
52,do,0.05,0.0,25,1.332304159402847,-4.5548450224327315,-4.393289229604933
52,pp,0.05,0.0,33,2.476977323293686,-4.651001317573316,-3.9845008465978835
52,do,0.05,0.0,18,1.634972932338715,-4.04502339218602,-3.9515791455904643
52,pp,0.05,0.0,35,2.7679191243648527,-4.756491018064095,-4.056502468056149
53,do,0.05,0.0,27,0.21699808478355376,-5.991477847821785,-5.700118536419339
53,pp,0.05,0.0,29,1.347552193403244,-7.130282338460287,-6.09403723080953
53,do,0.05,0.0,12,0.14795607089996388,-5.538267304680565,-4.910315998395284
53,pp,0.05,0.0,24,1.1719272494316098,-8.076472705783265,-6.4522331211302015
54,do,0.05,0.0,24,1.2809468817710874,-5.429720978303389,-5.03340145084593
54,pp,0.05,0.0,20,1.7188239932060245,-7.576382650028576,-5.397263590494791
54,do,0.05,0.0,24,1.1112279415130617,-6.006998640118224,-5.666381206777361
54,pp,0.05,0.0,70,2.166373769044876,-8.664268607804269,-6.166139247682359
55,do,0.05,0.0,18,1.7728935110568997,-4.192220401763916,-3.897243254714542
55,pp,0.05,0.0,16,2.4359229350090033,-4.421899817206643,-3.8595001075002884
55,do,0.05,0.0,39,2.208033738136291,-4.561831836989431,-4.108626619974772
55,pp,0.05,0.0,18,1.971271013021469,-4.84373220241431,-4.1863866355684065
56,do,0.05,0.0,31,1.3923185122013093,-5.69103020176743,-5.324938127729628
56,pp,0.05,0.0,24,2.327042579650879,-6.709129271362767,-5.698041889402601
56,do,0.05,0.0,28,1.0547538161277767,-5.86296510551915,-5.366983511712816
56,pp,0.05,0.0,27,2.407281402349472,-6.319151606704249,-5.611823263433244
57,do,0.05,0.0,11,1.212660529613495,-4.4155316641836455,-4.198205966419644
57,pp,0.05,0.0,28,2.0748558914661404,-7.642054758649884,-5.840243424309625
57,do,0.05,0.0,12,0.8205305063724522,-4.657530346783725,-4.432741730742984
57,pp,0.05,0.0,70,1.7682363545894617,-9.608235534032186,-7.078329899575976
58,do,0.05,0.0,70,2.626968450546265,-6.773527438712843,-6.464780720074971
58,pp,0.05,0.0,60,2.9956103599071504,-6.348035730015148,-5.431034498744541
58,do,0.05,0.0,25,2.053167865276336,-6.976559751684015,-6.555225332578023
58,pp,0.05,0.0,70,3.8133324027061466,-5.592927503585815,-4.708489918708802
59,do,0.05,0.0,70,2.159919873476028,-6.7494075645099985,-6.240745125876533
59,pp,0.05,0.0,70,2.46186564564705,-5.066436367323904,-4.304130837652418
59,do,0.05,0.0,70,1.593726402521133,-7.369259149377997,-6.951403201950921
59,pp,0.05,0.0,64,3.054612559080124,-5.024361723119562,-4.330070006847381
60,do,0.05,0.0,6,0.08719693303108222,-4.999194552681663,-4.400885507795546
60,pp,0.05,0.0,17,0.6215997517108915,-5.927675843961311,-5.105549404356215
60,do,0.05,0.0,10,0.32256539583206223,-5.09162180929473,-4.327827631102668
60,pp,0.05,0.0,27,1.0283272707462308,-5.883467969027433,-5.495267751481798
61,do,0.05,0.0,22,0.8475710237026206,-6.0815739125916455,-5.548546304967668
61,pp,0.05,0.0,17,1.6065683197975158,-5.007411019007365,-4.40861194398668
61,do,0.05,0.0,22,0.4611739802360537,-6.038548403075247,-5.517082526948717
61,pp,0.05,0.0,51,1.9125072276592254,-6.2631888288440125,-5.44746356010437
62,do,0.05,0.0,10,0.6137515008449554,-5.102395326440985,-4.532325757874383
62,pp,0.05,0.0,19,1.794650766849517,-5.066030580347235,-4.459396345085568
62,do,0.05,0.0,11,0.4882914543151857,-5.083158458362926,-4.513928649160597
62,pp,0.05,0.0,55,2.3751212227344514,-6.419174679842862,-4.850992782910665
63,do,0.05,0.0,70,-0.4715580749511723,-10.777897144086433,-9.52927698029412
63,pp,0.05,0.0,70,1.132766476869584,-7.471230657172925,-6.537960788938734
63,do,0.05,0.0,3,-0.7369071197509767,-5.9068560715877645,-5.115610848532783
63,pp,0.05,0.0,28,1.4725000369548793,-5.489772416606094,-4.710795097880894
64,do,0.05,0.0,5,-1.2108111453056338,-6.677038909449722,-5.786781997150845
64,pp,0.05,0.0,37,1.3736649954319002,-5.4734782421227655,-5.146463995509677
64,do,0.05,0.0,2,-1.2870665407180786,-6.439121314251062,-5.6883335934744945
64,pp,0.05,0.0,45,1.0121022295951843,-5.879947691252737,-5.3959233310487535
65,do,0.05,0.0,17,0.3972713601589204,-5.820347450718735,-5.193143134646945
65,pp,0.05,0.0,23,0.8343766951560969,-7.23026891188188,-6.183975513776144
65,do,0.05,0.0,17,-0.2298829650878913,-6.894067258545847,-6.026630926132202
65,pp,0.05,0.0,25,1.3418162167072296,-5.303440752896395,-4.668831017282274
66,do,0.05,0.0,14,-0.11759320378303517,-5.872482526663578,-5.149188425805834
66,pp,0.05,0.0,28,1.2563616633415222,-5.199841753641764,-4.638009423679776
66,do,0.05,0.0,15,-0.02226523399353031,-5.814132834925796,-5.149433800909255
66,pp,0.05,0.0,49,1.3389453363418582,-5.356852664369526,-4.533979018529256
67,do,0.05,0.0,3,-0.4936611723899844,-5.77105262929743,-5.0050205734041
67,pp,0.05,0.0,17,1.900624047517776,-5.703524556304469,-4.563343556722005
67,do,0.05,0.0,5,-0.3217883121967322,-5.743617560646751,-5.005087966389127
67,pp,0.05,0.0,19,1.9239949417114257,-5.541297073075266,-4.463809434572855
68,do,0.05,0.0,70,0.11184285163879437,-9.343187388506802,-7.9538134468926325
68,pp,0.05,0.0,27,1.828208937644959,-5.531222148375078,-4.989641851849026
68,do,0.05,0.0,16,0.03592856168746916,-6.737818992499149,-6.088217875692579
68,pp,0.05,0.0,40,2.505433682203293,-5.117509687308109,-4.792780256271362
69,do,0.05,0.0,4,-0.4202579677104952,-6.025665520176743,-5.17291747464074
69,pp,0.05,0.0,32,1.3066492557525642,-5.106220535798506,-4.581628304057651
69,do,0.05,0.0,4,-0.6632994878292084,-6.008420312765873,-5.186833800209893
69,pp,0.05,0.0,25,1.0271995329856871,-5.147405420650135,-4.569447096188863
70,do,0.05,0.0,17,1.0840357840061188,-5.701643927892049,-5.557210789786445
70,pp,0.05,0.0,14,1.7530816996097567,-4.274055456392693,-3.9323268267843456
70,do,0.05,0.0,20,1.2850594162940983,-6.202424745848685,-6.017816485299004
70,pp,0.05,0.0,18,1.6206221663951874,-5.233001761002974,-4.464713034364912
71,do,0.05,0.0,12,0.4294964182376866,-5.756215435085875,-5.0687074343363445
71,pp,0.05,0.0,25,2.748680864572525,-4.556271324735699,-4.175505333476597
71,do,0.05,0.0,28,0.7847354447841646,-6.925853996565848,-6.228305029869079
71,pp,0.05,0.0,23,2.244301612377166,-4.802976791786425,-4.3281667457686535
72,do,0.05,0.0,10,1.0989502763748167,-4.4078151009299535,-3.816283134619395
72,pp,0.05,0.0,67,1.4980652129650123,-6.642794028195468,-5.8359851386812
72,do,0.05,0.0,14,1.4717294168472286,-4.570599660006437,-4.161561686462826
72,pp,0.05,0.0,51,2.146930868625641,-6.888835853518862,-5.675028891033596
73,do,0.05,0.0,36,0.12182967424392643,-7.856149367130164,-6.973630958133274
73,pp,0.05,0.0,52,1.0279994916915882,-7.596252006472963,-6.426539021068149
73,do,0.05,0.0,10,-0.2321430957317352,-6.520998040112582,-5.216629709137811
73,pp,0.05,0.0,40,2.2315646469593062,-7.725463586865049,-6.421294615003798
74,do,0.05,0.0,28,1.3113500154018407,-6.255447640563503,-5.781054502063327
74,pp,0.05,0.0,14,0.5851868140697469,-8.39735020868706,-6.208475719557868
74,do,0.05,0.0,25,1.3006038331985472,-5.972435929558494,-5.6520986901389225
74,pp,0.05,0.0,70,1.5289992475509635,-10.255497139150446,-7.087687320179409
75,do,0.05,0.0,70,1.231765924692155,-8.706575910972827,-7.772765488094754
75,pp,0.05,0.0,20,1.7641901087760923,-5.4732948852307866,-4.46653463045756
75,do,0.05,0.0,70,1.714825460910797,-7.558379882754702,-6.602319113413492
75,pp,0.05,0.0,26,1.6110548222064978,-6.400914463852391,-5.054662638240391
76,do,0.05,0.0,48,0.6897066831588745,-8.434811368133083,-7.02023061381446
76,pp,0.05,0.0,19,1.3331574499607077,-6.210053977099332,-5.455537311236063
76,do,0.05,0.0,16,-0.35813457369804347,-6.796750983324918,-6.0930342382854885
76,pp,0.05,0.0,24,1.7744384121894834,-5.966243899952282,-5.195057937833998
77,do,0.05,0.0,19,1.2481334078311912,-6.027208712606719,-5.32721680270301
77,pp,0.05,0.0,29,2.017474899291992,-8.186736892931389,-6.5749363872740005
77,do,0.05,0.0,16,0.57486089348793,-5.472661330483176,-4.827578748597039
77,pp,0.05,0.0,35,2.4844393885135654,-7.734478690407493,-6.297905577553643
78,do,0.05,0.0,29,1.412679107189179,-6.8613952506672256,-6.652015209197998
78,pp,0.05,0.0,68,2.7900116658210763,-6.290493775859024,-5.377973463800219
78,do,0.05,0.0,27,1.6769857585430152,-6.839228083870628,-6.243221592903137
78,pp,0.05,0.0,68,4.043836311101913,-6.091713078816732,-5.262374128235711
79,do,0.05,0.0,47,2.0242190933227535,-6.159303574128584,-5.71261150042216
79,pp,0.05,0.0,44,1.4059571075439452,-6.205750978354252,-5.656741234991285
79,do,0.05,0.0,39,2.0488726210594175,-6.3591162609331535,-6.020410543017917
79,pp,0.05,0.0,70,2.1627640676498414,-5.031383949337584,-4.37756786081526
80,do,0.05,0.0,9,0.7818402445316313,-4.934742320667613,-4.223627604378594
80,pp,0.05,0.0,57,1.0236105108261109,-7.329971449302905,-6.037653989262051
80,do,0.05,0.0,15,0.5001308059692384,-5.527657004558679,-4.625080961651272
80,pp,0.05,0.0,8,0.541988925933838,-4.9020128958153,-4.273781224091848
81,do,0.05,0.0,30,1.2921464633941646,-4.821647800098766,-4.478737285402086
81,pp,0.05,0.0,21,1.6083812654018406,-5.500369873913852,-4.857624283101823
81,do,0.05,0.0,31,0.5089626288413998,-5.313897446430091,-5.027444812986586
81,pp,0.05,0.0,23,1.5123842155933378,-5.614608141870209,-4.906337600284153
82,do,0.05,0.0,18,1.481888988018036,-4.851094566692005,-4.286127154032389
82,pp,0.05,0.0,35,1.4807312941551212,-6.230964377432159,-5.270973430739509
82,do,0.05,0.0,61,0.9756068217754361,-8.368001988439849,-6.886453824573093
82,pp,0.05,0.0,38,1.8157776391506202,-6.268649098367402,-5.054677128791809
83,do,0.05,0.0,7,-0.5975076353549955,-5.706354862270933,-4.992244299252828
83,pp,0.05,0.0,16,0.05538843870162946,-6.558908329587994,-5.453656236330668
83,do,0.05,0.0,4,-0.46016782164573655,-5.464099450544878,-4.723694003952874
83,pp,0.05,0.0,17,0.14096321582794236,-7.17693037553267,-5.99547983540429
84,do,0.05,0.0,19,0.5854049718379972,-6.779895906737356,-6.10924149884118
84,pp,0.05,0.0,38,1.2259085845947268,-5.846773823824796,-5.10973961353302
84,do,0.05,0.0,8,-0.4642144429683688,-6.175307717467799,-5.437626298268636
84,pp,0.05,0.0,41,1.3549697971344,-5.783976820743445,-5.006808026631673
85,do,0.05,0.0,5,0.21862960219383165,-5.015135096058701,-4.362093136045668
85,pp,0.05,0.0,32,1.4264431953430172,-5.19915704871669,-4.766241145133972
85,do,0.05,0.0,9,0.3983907341957096,-5.223163028196855,-4.617539970080058
85,pp,0.05,0.0,22,1.499415258169174,-5.442452445174709,-4.765815101729499
86,do,0.05,0.0,14,-0.06699934840202282,-6.196389412157464,-5.074472114774916
86,pp,0.05,0.0,70,1.7386762487888339,-5.65500990116235,-4.725869388050503
86,do,0.05,0.0,14,-0.10337682247161872,-6.0937241626508305,-5.159230592515733
86,pp,0.05,0.0,27,1.1176928722858426,-5.477380326299956,-4.800582938724094
87,do,0.05,0.0,12,0.8336565732955927,-5.621685165347475,-4.742349725299412
87,pp,0.05,0.0,20,1.7481436109542852,-6.088542572657267,-4.966194372706943
87,do,0.05,0.0,11,0.9602938270568853,-5.371457159157956,-4.619829183154636
87,pp,0.05,0.0,17,1.6776674747467046,-5.904927035534021,-4.719900496800741
88,do,0.05,0.0,12,0.17425204873085054,-6.450334774364125,-5.642163464758132
88,pp,0.05,0.0,23,1.9512512230873105,-5.2273907516941875,-4.835549171765646
88,do,0.05,0.0,9,-0.10561048984527588,-6.363403203270652,-5.307209608289931
88,pp,0.05,0.0,32,1.7085518276691438,-5.677962693301114,-5.064167653189765
89,do,0.05,0.0,15,0.1676738631725314,-5.342673923030044,-4.814056319660611
89,pp,0.05,0.0,39,1.5663671147823335,-5.98233966104912,-4.95687948067983
89,do,0.05,0.0,17,0.3010864913463598,-5.953093283104174,-5.405830428335402
89,pp,0.05,0.0,23,0.7536110246181487,-5.752847061735211,-4.794921663072374
90,do,0.05,0.0,50,1.015480424165725,-8.899421963547216,-7.602733620007833
90,pp,0.05,0.0,13,1.1149773752689365,-4.942852319370616,-4.560419246885512
90,do,0.05,0.0,9,0.36774810671806346,-5.33553414922772,-4.8061957637468975
90,pp,0.05,0.0,25,1.9414137077331546,-5.284474193688595,-4.65376056432724
91,do,0.05,0.0,35,1.6512896096706395,-5.50265771114465,-4.916992526584202
91,pp,0.05,0.0,20,1.9881442475318911,-5.207286304416079,-4.609807170761956
91,do,0.05,0.0,28,1.1679510843753818,-5.028560017094468,-4.644818719228109
91,pp,0.05,0.0,24,1.8230744433403014,-5.32220112916195,-4.753123458226522
92,do,0.05,0.0,8,1.001396557092666,-4.55639564629757,-3.9079206042819554
92,pp,0.05,0.0,9,1.599255528450012,-4.5581006584745465,-3.928399443626404
92,do,0.05,0.0,19,1.5000154852867125,-5.422581211725871,-4.823413855499691
92,pp,0.05,0.0,22,2.1674128925800336,-5.2759871034911185,-4.6683885071012705
93,do,0.05,0.0,17,0.713377836942672,-6.725257312890255,-5.826812664667766
93,pp,0.05,0.0,16,0.8543009054660793,-7.685327060294874,-6.3659070624245535
93,do,0.05,0.0,14,0.06420929312706036,-7.143746941017382,-6.124455308914184
93,pp,0.05,0.0,13,0.7219508731365201,-6.891104927929965,-5.793963066736857
94,do,0.05,0.0,15,0.8470357525348664,-5.625140703085697,-5.0598248349295725
94,pp,0.05,0.0,15,0.9137935221195219,-7.721497402769146,-5.646756921874152
94,do,0.05,0.0,17,1.0873884034156793,-5.194639980431759,-4.793858239385817
94,pp,0.05,0.0,19,1.2407410407066353,-7.844416891444813,-5.633531739976671
95,do,0.05,0.0,29,1.8052592933177944,-4.986998589833577,-4.495833688312107
95,pp,0.05,0.0,15,2.223680596351623,-4.7023552258809405,-3.9142281068695914
95,do,0.05,0.0,40,1.5138498413562775,-5.190665724783233,-4.546181866857741
95,pp,0.05,0.0,21,1.3428888022899628,-5.883476297783129,-4.68208817243576
96,do,0.05,0.0,26,1.396300373077393,-5.513625036586415,-5.091671209865146
96,pp,0.05,0.0,26,1.936348839998245,-6.517534151944247,-5.546860580974155
96,do,0.05,0.0,21,1.225267057418824,-5.635210155718254,-5.018960078557332
96,pp,0.05,0.0,24,1.1004096019268044,-7.047869536370942,-5.977697881062825
97,do,0.05,0.0,14,1.55669835805893,-5.81306301463734,-4.782865887218051
97,pp,0.05,0.0,69,1.8023668885231015,-11.167956847855539,-8.562229956520929
97,do,0.05,0.0,15,0.8491669476032255,-5.636222219467163,-5.062159326341417
97,pp,0.05,0.0,14,1.385785841941833,-4.899807347673359,-4.286976745393541
98,do,0.05,0.0,70,1.8946428084373483,-7.595599993792447,-6.694461925824483
98,pp,0.05,0.0,70,2.2237269246578215,-7.170267685976896,-6.316232747501797
98,do,0.05,0.0,27,1.9960738074779503,-5.445309344204989,-4.935710186428494
98,pp,0.05,0.0,68,3.038115661144257,-6.692619339625041,-5.813427389992608
99,do,0.05,0.0,33,1.3489271605014803,-6.726430608287002,-6.380947020318773
99,pp,0.05,0.0,70,2.245217827558518,-5.462310720212532,-4.777488280667199
99,do,0.05,0.0,13,0.6414480459690095,-5.3181102564840605,-5.0517498864067925
99,pp,0.05,0.0,70,2.095869745016099,-5.666992905645659,-4.837316830952962
100,do,0.05,0.0,10,0.1451657354831699,-5.074264140562578,-4.298052440749275
100,pp,0.05,0.0,22,1.1444760203361515,-5.413841613133749,-4.638803203900655
100,do,0.05,0.0,9,0.2859991788864136,-4.908041199770841,-4.205542495515611
100,pp,0.05,0.0,59,1.3565146005153652,-6.867569436448993,-5.981859562132094
101,do,0.05,0.0,70,0.9160131955146795,-7.761799935138587,-7.20657311545478
101,pp,0.05,0.0,24,1.630233691930771,-5.459507465362549,-4.833641258875529
101,do,0.05,0.0,43,1.0055201339721673,-6.9654705509994965,-6.429942017131381
101,pp,0.05,0.0,21,1.4929783177375793,-5.248397480357777,-4.6963189151551985
102,do,0.05,0.0,54,0.8491367471218112,-7.153618331388993,-6.844528643290202
102,pp,0.05,0.0,70,2.591551378965379,-6.513036553064982,-5.802190065383911
102,do,0.05,0.0,70,1.281461170911789,-7.669898418946699,-6.556027793884278
102,pp,0.05,0.0,70,3.051836166381837,-6.151893998637344,-5.375804954104954
103,do,0.05,0.0,64,0.7113337934017192,-7.730314072695646,-7.9052328480614555
103,pp,0.05,0.0,27,1.1878763377666477,-6.562883879921653,-5.520731494161818
103,do,0.05,0.0,2,-1.3431211984157567,-6.313968870856545,-5.656572943263583
103,pp,0.05,0.0,29,0.8519787883758543,-7.021032789981726,-5.751135121451484
104,do,0.05,0.0,11,-0.765199586153031,-7.0756795493039215,-6.147415012783474
104,pp,0.05,0.0,49,1.8660276663303375,-5.99312573779713,-5.159836859173245
104,do,0.05,0.0,15,-0.6600471472740175,-7.766744781262947,-6.594041570027669
104,pp,0.05,0.0,64,2.829560513496399,-6.357610847010757,-5.355280039045546
105,do,0.05,0.0,12,0.5439690673351292,-4.871483101989284,-4.27371840874354
105,pp,0.05,0.0,24,1.148805946111679,-5.939654526566014,-5.222211641735501
105,do,0.05,0.0,22,0.7158813405036932,-6.4838578397577455,-5.528257717026604
105,pp,0.05,0.0,20,1.312517886161805,-6.168483711011482,-5.35426013469696
106,do,0.05,0.0,20,-0.26597336173057595,-7.540155425216213,-6.367511428727044
106,pp,0.05,0.0,29,0.4793717360496528,-6.485383221597383,-5.4376482115851505
106,do,0.05,0.0,20,0.08069123387336763,-7.200503501025113,-6.036070452796088
106,pp,0.05,0.0,18,0.8276810634136202,-5.395156188444658,-4.506926216019524
107,do,0.05,0.0,48,0.7045890569686897,-8.055045934156938,-6.343219913376702
107,pp,0.05,0.0,52,3.042382009029388,-6.172188933690389,-5.040993701087104
107,do,0.05,0.0,20,0.5578488028049469,-6.511809740644512,-5.533971500396729
107,pp,0.05,0.0,26,2.6320660066604615,-4.787208340384743,-4.151184233029683
108,do,0.05,0.0,70,0.34671857118606475,-9.826856939720384,-9.088016684850057
108,pp,0.05,0.0,43,1.147241823673248,-6.883868570038767,-5.993781320254008
108,do,0.05,0.0,70,0.41539021253585773,-8.080386442126649,-7.3733301692538795
108,pp,0.05,0.0,28,2.0232180964946744,-5.331335038849802,-4.832723122172886
109,do,0.05,0.0,2,-1.2530272448062894,-6.193845774910667,-5.431116798188952
109,pp,0.05,0.0,70,1.8527226305007938,-5.401388772328695,-4.815772255261739
109,do,0.05,0.0,5,-1.2423463332653046,-6.489086445895109,-5.660927799012926
109,pp,0.05,0.0,70,1.3140709900856011,-6.703719394857234,-5.50869165526496
110,do,0.05,0.0,63,0.7655789732933052,-10.897673946438413,-9.645892551210192
110,pp,0.05,0.0,27,1.8064635515213006,-5.562526948524244,-4.980206170347002
110,do,0.05,0.0,51,2.1067614626884446,-9.079658025683779,-8.286010773976644
110,pp,0.05,0.0,43,2.394575691223144,-5.498626853480483,-4.789216183291542
111,do,0.05,0.0,59,0.22631939649581856,-7.8918849872820305,-6.917530356513129
111,pp,0.05,0.0,70,2.1368230283260345,-8.388765167467522,-6.781216838624743
111,do,0.05,0.0,70,0.8483406496047969,-7.777873016126228,-7.1110156430138485
111,pp,0.05,0.0,70,2.719485737085342,-7.164586471788811,-6.222997249497308
112,do,0.05,0.0,10,0.530884331464768,-5.1041997591654455,-4.367188882827759
112,pp,0.05,0.0,70,1.9684146809577951,-6.996967363357544,-5.807852341069116
112,do,0.05,0.0,8,0.3202207851409913,-4.893781903295806,-4.250800606939528
112,pp,0.05,0.0,70,2.5689951014518737,-6.782935843323216,-5.718896211518182
113,do,0.05,0.0,47,-0.3434921324253075,-10.387054535836885,-9.494605686929491
113,pp,0.05,0.0,22,0.736095192432404,-8.6790041995771,-6.980004631148445
113,do,0.05,0.0,26,-0.01603996753692627,-9.056128013495243,-8.184638974401686
113,pp,0.05,0.0,24,1.456830022335053,-7.866919679352732,-6.311138836542765
114,do,0.05,0.0,14,-0.3699774146080017,-7.276383248242465,-5.985350320074294
114,pp,0.05,0.0,15,-0.09069616198539876,-9.63598359859351,-6.945538290341696
114,do,0.05,0.0,2,-1.168380711078644,-6.098738444935192,-5.3753813054826525
114,pp,0.05,0.0,70,-0.005703072547913024,-10.188881798946497,-6.667704648441738
115,do,0.05,0.0,31,1.862498795986176,-4.979466517766316,-4.583977482053968
115,pp,0.05,0.0,8,1.243558155298233,-4.5694207856149385,-3.9104181104236178
115,do,0.05,0.0,70,1.4437367343902583,-5.924942444310044,-5.510731750064426
115,pp,0.05,0.0,41,1.7315805256366739,-6.670245264515732,-5.310867793030209
116,do,0.05,0.0,16,-0.028527805805206974,-6.773854053381718,-5.6967478195826216
116,pp,0.05,0.0,26,1.5153246068954465,-6.387206766822121,-5.381377969847785
116,do,0.05,0.0,50,-0.49965847253799467,-9.265801363280325,-7.690003183152941
116,pp,0.05,0.0,29,1.1191922259330749,-5.9979516809636895,-5.067489359113905
117,do,0.05,0.0,21,0.7803975105285641,-6.908008250323209,-6.016363779703776
117,pp,0.05,0.0,31,1.957053542137146,-9.776087154041637,-7.45943345228831
117,do,0.05,0.0,28,0.6815033042430878,-6.113174369118431,-5.5306727594799465
117,pp,0.05,0.0,43,2.104180881977081,-8.078308073679606,-6.172355553838941
118,do,0.05,0.0,70,1.0947723102569586,-7.631810118935325,-6.916337076822916
118,pp,0.05,0.0,70,2.1461361193656927,-7.446958703705759,-6.295935066541036
118,do,0.05,0.0,63,2.182503867149352,-7.681451894297744,-6.915646102693346
118,pp,0.05,0.0,63,2.2595473647117608,-7.38075152165962,-6.136035381423103
119,do,0.05,0.0,2,-1.2218332684040067,-6.152458348418727,-5.4135876205232405
119,pp,0.05,0.0,70,1.965294361114502,-6.342276922861735,-5.2756590313381615
119,do,0.05,0.0,2,-1.2315193378925322,-6.082513140187119,-5.359604162640042
119,pp,0.05,0.0,70,2.261598242521285,-6.089149060393825,-5.2656458271874325
120,do,0.05,0.0,13,0.13526213288307165,-5.461128402478767,-4.691479296154446
120,pp,0.05,0.0,26,0.7638723695278165,-5.619680057872426,-4.897624411847857
120,do,0.05,0.0,11,0.17544732689857412,-5.302608375838308,-4.6303349812825525
120,pp,0.05,0.0,16,0.539297032356262,-5.4480959415435795,-4.734154037634531
121,do,0.05,0.0,70,2.4210696828365315,-5.305458636717363,-5.045022657182481
121,pp,0.05,0.0,40,1.7605558383464812,-5.813499190590599,-5.208740173445808
121,do,0.05,0.0,70,2.147297085523605,-5.431042580171065,-5.233029307259454
121,pp,0.05,0.0,24,1.8447617208957672,-5.03566338076736,-4.507445451948378
122,do,0.05,0.0,33,1.7446964168548593,-7.159649661093047,-6.800675355063545
122,pp,0.05,0.0,6,0.6110201668739315,-4.5656689745007135,-4.032357939084371
122,do,0.05,0.0,52,1.8685703420639035,-6.323065017931389,-6.230547531445821
122,pp,0.05,0.0,26,1.0513658273220061,-5.5054678353396325,-4.706944500075446
123,do,0.05,0.0,20,0.8803425550460808,-6.374681167891532,-5.888726348347134
123,pp,0.05,0.0,30,1.117581838369369,-5.627360104069565,-5.03369204070833
123,do,0.05,0.0,21,0.41717482328414945,-6.697823251377453,-6.159636137220595
123,pp,0.05,0.0,68,0.8362301087379453,-6.915027764349273,-6.086306349436442
124,do,0.05,0.0,18,0.5684942638874046,-5.684168418248494,-5.176341589291891
124,pp,0.05,0.0,21,1.2589354002475739,-5.301339032433249,-4.593342355887095
124,do,0.05,0.0,46,0.7695489478111268,-6.273137885873968,-5.853089120652941
124,pp,0.05,0.0,43,1.1982631909847257,-6.358641289219712,-4.864384961128235
125,do,0.05,0.0,43,2.040796548128128,-5.699485430572972,-5.395691808064779
125,pp,0.05,0.0,23,0.59497856259346,-5.594254742246686,-5.018267093764411
125,do,0.05,0.0,42,1.866291868686675,-6.598188342470111,-5.9298070324791805
125,pp,0.05,0.0,30,0.530992375612259,-6.283965915622133,-5.5161319626702205
126,do,0.05,0.0,18,-0.9198276424407963,-7.755866784760446,-6.841222143173217
126,pp,0.05,0.0,23,0.5418405449390411,-6.637780299331203,-5.517140136824714
126,do,0.05,0.0,20,-0.9771797609329225,-8.23357730923277,-7.129854763878717
126,pp,0.05,0.0,24,0.733053805828094,-5.945975188053016,-5.0444869756698605
127,do,0.05,0.0,53,0.2956396579742435,-9.001849999572292,-7.707280392116971
127,pp,0.05,0.0,18,1.5372863090038305,-5.453520634680084,-4.600493692027198
127,do,0.05,0.0,70,0.5497876274585725,-10.537584115519667,-9.15804033279419
127,pp,0.05,0.0,35,1.68220616221428,-6.133653048313025,-5.253462558322482
128,do,0.05,0.0,38,0.39081628799438484,-9.337898989879724,-7.909303935368856
128,pp,0.05,0.0,58,1.1342581415176394,-6.190614850593335,-5.705049284299215
128,do,0.05,0.0,54,-0.22101309418678206,-8.891765172553784,-7.947939893934461
128,pp,0.05,0.0,29,1.5166256976127617,-5.4478707602529814,-4.995144777827793
129,do,0.05,0.0,4,-1.0424185025691992,-6.4543284849687055,-5.388969805505541
129,pp,0.05,0.0,26,0.8585409045219414,-5.729458638393518,-4.860628055201636
129,do,0.05,0.0,1,-1.283651568889618,-6.51823847655094,-5.707141576872932
129,pp,0.05,0.0,26,0.9998739397525789,-5.364501716151382,-4.59499655034807
130,do,0.05,0.0,27,0.7019852375984197,-7.369048487056386,-6.868934191597832
130,pp,0.05,0.0,9,1.064158097505569,-4.479571671919389,-4.196208413441976
130,do,0.05,0.0,57,0.815165613889695,-9.276414303346113,-8.831284936269125
130,pp,0.05,0.0,18,1.7708545696735376,-4.930630335663304,-4.399731299612257
131,do,0.05,0.0,65,2.0662123632431033,-6.796578394282948,-6.114975439177619
131,pp,0.05,0.0,27,2.3889791429042813,-4.6235385836976945,-4.339508533477783
131,do,0.05,0.0,70,1.8363800323009478,-8.108142699617328,-7.243103305498759
131,pp,0.05,0.0,70,2.375954905748367,-6.7236665003227465,-5.680086260371738
132,do,0.05,0.0,41,0.9680017364025115,-5.945810654669097,-5.155994982189602
132,pp,0.05,0.0,15,1.3452787506580348,-5.45082356857531,-4.8330395036273535
132,do,0.05,0.0,70,2.5298874914646152,-6.716219779216882,-5.8775946034325495
132,pp,0.05,0.0,27,1.6082307136058809,-7.042180155262803,-5.929847367604574
133,do,0.05,0.0,63,-0.39854962348938017,-10.721752030921705,-9.764000924428304
133,pp,0.05,0.0,3,0.07205172657966585,-4.9659775618350865,-4.184267017576429
133,do,0.05,0.0,43,-0.3000469422340384,-10.963829802021836,-10.251418383916219
133,pp,0.05,0.0,27,0.822564330101013,-9.086554171822288,-7.572317960527208
134,do,0.05,0.0,18,0.5929975044727325,-5.233597619605787,-4.911472423871358
134,pp,0.05,0.0,14,0.33686813116073644,-8.062853704799306,-5.998621371057299
134,do,0.05,0.0,5,-0.3715131294727323,-5.777315542914651,-4.940722023116217
134,pp,0.05,0.0,70,-0.23180966973304784,-10.449084302150842,-7.850787499215868
135,do,0.05,0.0,52,1.9444863414764413,-4.9314017411434286,-4.534948239061568
135,pp,0.05,0.0,20,1.2624651658535004,-6.021639803684119,-4.843327101071676
135,do,0.05,0.0,70,2.692329825162888,-5.9748754559141215,-5.602516717380947
135,pp,0.05,0.0,38,1.501365555524826,-6.605873132474494,-5.082502902878655
136,do,0.05,0.0,41,2.915609130859375,-5.4453488451061824,-5.043421951929728
136,pp,0.05,0.0,30,1.9786128580570228,-5.892893320141416,-5.214242564307319
136,do,0.05,0.0,70,2.233444311618805,-6.842679543928667,-5.880800302823385
136,pp,0.05,0.0,54,1.9075546908378591,-7.896615984945586,-6.4971749597125585
137,do,0.05,0.0,53,0.9044316399097454,-10.034508648785678,-7.970681940184699
137,pp,0.05,0.0,45,1.4421734595298759,-9.314164121223218,-7.71661684513092
137,do,0.05,0.0,70,1.4361068975925448,-9.667681357354828,-8.116772156291537
137,pp,0.05,0.0,57,1.937461303472519,-8.062448102777655,-6.733419693840874
138,do,0.05,0.0,70,1.7761367332935318,-7.2381923588839445,-6.573062226507399
138,pp,0.05,0.0,43,1.4276493656635285,-8.452923507401437,-7.0401157220204675
138,do,0.05,0.0,66,2.948518722057342,-5.387989042744492,-5.054550282160441
138,pp,0.05,0.0,64,1.8211882293224342,-8.711744179870143,-7.13775044547187
139,do,0.05,0.0,16,-0.1269597232341768,-5.78765971588366,-4.957558891508314
139,pp,0.05,0.0,59,2.0266916739940646,-5.571238581339518,-4.694983498255412
139,do,0.05,0.0,70,-0.9591559576988207,-11.145841659199109,-10.565040106243558
139,pp,0.05,0.0,46,1.9307882368564613,-5.661504450711337,-4.593472513887617
140,do,0.05,0.0,16,-0.11116669297218351,-6.568312860257698,-5.461646307839287
140,pp,0.05,0.0,3,-0.17757779598236123,-5.029934598460342,-4.279063741366069
140,do,0.05,0.0,14,0.42669140815734874,-5.764764693289092,-4.793915891647339
140,pp,0.05,0.0,3,-0.1284311449527742,-5.08435700300968,-4.394074731402927
141,do,0.05,0.0,46,1.3036584484577176,-5.804770959507335,-5.580821760495504
141,pp,0.05,0.0,19,1.5585183894634245,-5.068068273139723,-4.47697180642022
141,do,0.05,0.0,70,1.086898113489152,-7.789310150435477,-7.164237181345622
141,pp,0.05,0.0,16,1.070370769500732,-5.352020747733839,-4.711385276582506
142,do,0.05,0.0,11,-0.178515272140503,-6.036977353240505,-5.868841168615553
142,pp,0.05,0.0,14,0.6763821649551396,-5.129853907498446,-4.521266782283783
142,do,0.05,0.0,17,-0.08093655109405518,-6.842760811430035,-7.1703843620088366
142,pp,0.05,0.0,6,0.05363173484802264,-4.87337755578937,-4.260550676451789
143,do,0.05,0.0,1,-1.4685981214046473,-6.338324382088401,-5.654807861646017
143,pp,0.05,0.0,18,-0.21428585767746,-7.203380340518374,-6.1794158882564965
143,do,0.05,0.0,1,-1.4466446757316591,-6.334789820873376,-5.668888804647658
143,pp,0.05,0.0,57,-0.498592768907546,-9.159507856947004,-7.77986528608534
144,do,0.05,0.0,4,-1.0992539393901826,-6.3075223128000895,-5.511529313193427
144,pp,0.05,0.0,20,0.8146710753440862,-5.692715725754247,-4.629208975368076
144,do,0.05,0.0,3,-0.9286574697494503,-6.319407015135794,-5.5137622806761
144,pp,0.05,0.0,21,0.5900293111801149,-6.213246024738659,-5.093249124950833
145,do,0.05,0.0,20,0.1832114911079401,-7.339128367106119,-6.688512802124023
145,pp,0.05,0.0,44,0.3922130131721513,-7.631448601231431,-6.509918162557814
145,do,0.05,0.0,13,-0.8167881917953492,-7.432429732698383,-6.275819105572171
145,pp,0.05,0.0,5,0.5109102225303657,-4.15309306491505,-3.772773634062873
146,do,0.05,0.0,70,-1.0137648987770067,-9.233083488001968,-8.329409339692857
146,pp,0.05,0.0,32,0.763954408168793,-6.500152243989887,-5.6913588179482355
146,do,0.05,0.0,70,-1.2479178822040549,-9.098880052566528,-8.317037804921467
146,pp,0.05,0.0,27,0.9357385885715477,-6.005717927759344,-5.544594025611877
147,do,0.05,0.0,9,-0.3214010310173041,-6.511471168922656,-5.798623977767097
147,pp,0.05,0.0,13,0.46019004583358747,-6.356190929990826,-5.318337003389995
147,do,0.05,0.0,68,-0.14122021675109764,-12.681866679047094,-10.988055917951796
147,pp,0.05,0.0,56,0.8826579797267922,-6.921255748922174,-5.660208378897773
148,do,0.05,0.0,3,-0.7294825649261476,-5.830862842906605,-4.999001261923048
148,pp,0.05,0.0,33,0.559675261974335,-6.585174452174794,-5.974321879280938
148,do,0.05,0.0,1,-1.2089698386192325,-6.244638127991648,-5.518708856900533
148,pp,0.05,0.0,35,0.270816867351531,-7.105828330011079,-6.279309230380588
149,do,0.05,0.0,1,-1.3248320853710176,-6.374331533547604,-5.65084396733178
149,pp,0.05,0.0,70,0.4551994669437418,-7.773568907651034,-6.240811702940199
149,do,0.05,0.0,1,-1.5045950853824612,-6.608044202399976,-5.845933696958753
149,pp,0.05,0.0,5,-0.3143591451644898,-5.259718517823653,-4.491782196362814
150,do,0.05,0.0,15,0.7657235324382778,-6.164494690750584,-5.894121787283155
150,pp,0.05,0.0,18,1.1325583028793336,-5.033586541089145,-4.639202125867208
150,do,0.05,0.0,11,0.013962858915329335,-6.0646360585183805,-5.617149758338928
150,pp,0.05,0.0,25,1.5622900867462155,-5.106750375574285,-4.77539799478319
151,do,0.05,0.0,70,2.32770287513733,-7.356676922422467,-6.827153216467964
151,pp,0.05,0.0,29,1.6680148839950562,-6.358893508622141,-5.329211929109362
151,do,0.05,0.0,70,1.4173446619510646,-7.03215779391202,-6.135130008061727
151,pp,0.05,0.0,30,1.7390610241889952,-6.122036173849395,-5.036906756295098
152,do,0.05,0.0,68,0.7755841660499572,-7.426034612366648,-5.920898840162489
152,pp,0.05,0.0,16,0.6083065879344938,-6.871327101100575,-5.617337907685174
152,do,0.05,0.0,70,0.9518813359737397,-7.369201035933061,-6.027271072069804
152,pp,0.05,0.0,29,1.4429121661186217,-6.751673487460974,-5.427605266041226
153,do,0.05,0.0,2,-1.277165666818619,-6.101854747714419,-5.415524066819085
153,pp,0.05,0.0,14,-0.3183135390281677,-9.13530989560214,-7.44725534386105
153,do,0.05,0.0,1,-1.4785775458812713,-6.388481132911913,-5.729753420088026
153,pp,0.05,0.0,14,-0.2336122822761535,-9.115498950264671,-7.526141990555657
154,do,0.05,0.0,24,0.7472676944732664,-6.80765125245759,-5.904304814338684
154,pp,0.05,0.0,6,-0.14325498223304756,-7.0757468252471,-5.564250071843465
154,do,0.05,0.0,12,-0.31268935918807905,-6.756836305965077,-5.649797850184971
154,pp,0.05,0.0,6,-0.5999224936962131,-7.357055146766432,-6.047904001341926
155,do,0.05,0.0,70,1.807110579013825,-7.480257191802516,-6.154849227269491
155,pp,0.05,0.0,7,0.9359309852123268,-4.840866283936934,-4.049563170803918
155,do,0.05,0.0,70,2.4003613436222073,-7.335079297152433,-6.099979927804735
155,pp,0.05,0.0,30,1.1618853914737697,-5.811835011568936,-4.767212606800927
156,do,0.05,0.0,23,1.0459549474716185,-5.7181639512379965,-5.04587606853909
156,pp,0.05,0.0,26,1.9475190663337711,-6.41998555876992,-5.538820841577318
156,do,0.05,0.0,25,0.8901986110210416,-5.767898652047822,-5.181871954600016
156,pp,0.05,0.0,36,1.595748813152313,-6.0653552040909275,-5.246722796228197
157,do,0.05,0.0,19,0.7557716238498688,-5.973901857029308,-4.97372325791253
157,pp,0.05,0.0,29,1.6425810527801517,-8.644272232055664,-7.058946675724453
157,do,0.05,0.0,9,0.8469706404209134,-4.863159381982052,-4.204160735342238
157,pp,0.05,0.0,53,1.1050290822982785,-10.158138477441037,-7.956201137436761
158,do,0.05,0.0,48,1.5816782581806184,-7.597974498344191,-7.089245626661513
158,pp,0.05,0.0,30,0.9765181899070736,-8.280185939326431,-7.0727402130762735
158,do,0.05,0.0,53,1.8838222146034234,-8.084565525343924,-7.701258285840352
158,pp,0.05,0.0,70,1.185293498039245,-8.290794371113632,-7.096835536426968
159,do,0.05,0.0,3,-0.5490193676948545,-5.55103512099295,-4.8436201863818695
159,pp,0.05,0.0,70,1.3447431576251976,-6.719541240460945,-5.668647503852844
159,do,0.05,0.0,16,-0.035623296499252,-7.099289651350541,-5.870028665330675
159,pp,0.05,0.0,70,1.4795030629634862,-6.39463030352737,-5.401670940717062
160,do,0.05,0.0,10,0.6825903987884523,-4.882754281072906,-4.241891410615709
160,pp,0.05,0.0,12,0.8011522245407106,-5.485894943006111,-4.446343394120534
160,do,0.05,0.0,6,0.4389260053634647,-4.893156690308542,-4.17627887196011
160,pp,0.05,0.0,30,0.5651493918895723,-7.9042078726219405,-5.922091303931342
161,do,0.05,0.0,9,0.2553863930702205,-5.6209483348962035,-4.870203730795119
161,pp,0.05,0.0,20,1.8859302616119384,-5.2115307822371975,-4.5863278680377535
161,do,0.05,0.0,7,-0.004588195085525548,-5.647580473350756,-4.898652556207445
161,pp,0.05,0.0,37,1.8020048809051517,-6.668161305514249,-5.993707882033454
162,do,0.05,0.0,17,1.0878199303150176,-5.470802610570734,-4.686889590157403
162,pp,0.05,0.0,70,2.3024523615837094,-7.952454829938484,-6.689057819048563
162,do,0.05,0.0,9,0.5389661216735844,-5.253678268374819,-4.566319338480631
162,pp,0.05,0.0,50,2.542077831029892,-6.07308997963414,-5.102862837579515
163,do,0.05,0.0,3,-0.7522625803947456,-6.033899941588893,-5.1961171203189425
163,pp,0.05,0.0,15,0.10582593917846683,-6.812203307585283,-5.5598728047476875
163,do,0.05,0.0,3,-0.766736775636673,-6.070236869291826,-5.230814793374804
163,pp,0.05,0.0,12,-0.07142795205116226,-6.396486551111395,-5.27332718902164
164,do,0.05,0.0,27,0.07031714677810719,-7.6852870695518725,-6.430125970310635
164,pp,0.05,0.0,18,0.820404629707336,-5.381722771037708,-4.815392406781514
164,do,0.05,0.0,8,-0.2764441502094277,-5.899774463248975,-5.145198149151272
164,pp,0.05,0.0,63,1.7003997910022726,-7.671384320114598,-5.400153308444553
165,do,0.05,0.0,45,1.1025263714790343,-7.464427816506588,-6.587198321024577
165,pp,0.05,0.0,16,1.3230760169029239,-5.513743718465169,-4.5069954686694675
165,do,0.05,0.0,12,0.7602642250061029,-5.318848621484005,-4.615584757592943
165,pp,0.05,0.0,52,1.3258855581283564,-6.39864281018575,-5.13006235493554
166,do,0.05,0.0,9,-0.4014244472980497,-6.260642954797456,-5.352992804845174
166,pp,0.05,0.0,33,1.7300339412689212,-5.216486951076623,-4.689780767758688
166,do,0.05,0.0,9,-0.5584306800365448,-6.509081967671713,-5.529626560211182
166,pp,0.05,0.0,23,1.1945978331565854,-5.140197619524869,-4.7218594180213085
167,do,0.05,0.0,4,-0.6915637719631187,-6.0938792185349895,-5.362758827209473
167,pp,0.05,0.0,70,0.9591165888309483,-11.219885998061208,-8.207201165623134
167,do,0.05,0.0,5,-0.8051064348220827,-6.489730219407515,-5.70745894379086
167,pp,0.05,0.0,16,0.6033391499519345,-6.559064161416256,-5.204837735493978
168,do,0.05,0.0,9,-0.3093020415306098,-6.416290322217074,-5.53843126296997
168,pp,0.05,0.0,67,1.1905607903003688,-8.41761554371227,-7.2456867668363785
168,do,0.05,0.0,7,-0.35831043958663944,-6.190698836066506,-5.309564312299092
168,pp,0.05,0.0,42,1.7050119805336008,-6.598111560127952,-5.767119426197476
169,do,0.05,0.0,7,-0.356349419355392,-5.80772494691791,-5.107254452175564
169,pp,0.05,0.0,32,1.634576600790024,-5.530292984933564,-4.975320031907823
169,do,0.05,0.0,3,-0.4578370690345759,-5.634291855494181,-4.933060805002849
169,pp,0.05,0.0,44,1.1257671320438387,-5.811509182958892,-4.920100402832031
170,do,0.05,0.0,8,0.41757682085037207,-4.715306380300811,-4.323927903175354
170,pp,0.05,0.0,22,1.6937410950660707,-4.919306822979089,-4.535832793182797
170,do,0.05,0.0,6,0.2811326897144317,-4.720239418203181,-4.212290586365594
170,pp,0.05,0.0,21,1.6189973211288446,-4.985252699707494,-4.4449702196651035
171,do,0.05,0.0,10,-0.2343388247489937,-6.073492550127434,-5.165905176268684
171,pp,0.05,0.0,31,2.643727508783341,-5.959693934700706,-5.19603001276652
171,do,0.05,0.0,18,-0.03950649857521071,-6.063081436446219,-5.294844584994846
171,pp,0.05,0.0,40,2.8588563048839575,-5.220808287822839,-4.764036836889055
172,do,0.05,0.0,8,0.29840522885322507,-5.415096865278302,-4.320018116633097
172,pp,0.05,0.0,51,2.450018196105958,-6.983254188479799,-5.389492536915673
172,do,0.05,0.0,6,0.10087491631507906,-5.421697959032926,-4.4415176656511095
172,pp,0.05,0.0,28,2.194668394327163,-5.5770127859982574,-4.770181826750437
173,do,0.05,0.0,5,-0.5200489068031313,-5.923196263746782,-4.985413702329
173,pp,0.05,0.0,28,1.0633453691005705,-11.813016339504358,-8.8890960905287
173,do,0.05,0.0,9,-0.484994469881058,-6.868249196717233,-5.5332267734739515
173,pp,0.05,0.0,34,0.9867250931262976,-11.041979143836281,-8.702598256535
174,do,0.05,0.0,6,-0.2869316840171816,-6.114651854832967,-5.010196240743001
174,pp,0.05,0.0,18,1.0352450978755945,-7.8616754185069695,-5.57920717133416
174,do,0.05,0.0,7,-0.5268453347682946,-6.605421401515152,-5.429290964868334
174,pp,0.05,0.0,9,0.3455079782009127,-6.938826501730716,-5.254993494351705
175,do,0.05,0.0,12,1.1190929853916165,-4.93343583164793,-4.225662134753334
175,pp,0.05,0.0,22,2.036824212074279,-6.454656800356778,-5.15328070057763
175,do,0.05,0.0,11,1.346729762554169,-5.3739639975807885,-4.530806173218621
175,pp,0.05,0.0,41,2.339856443405152,-7.306117866978501,-5.862135134802925
176,do,0.05,0.0,15,0.6681310498714454,-5.828169811133183,-5.215131364928352
176,pp,0.05,0.0,40,2.2400140225887304,-5.478883564110959,-4.630196173985799
176,do,0.05,0.0,3,-0.6363133168220525,-5.6934508424816705,-4.905659808052911
176,pp,0.05,0.0,33,1.2268562960624694,-6.478211800257365,-5.444942243893942
177,do,0.05,0.0,11,0.5085393750667571,-5.394619155652595,-4.340127669440376
177,pp,0.05,0.0,40,2.251816151142121,-9.253672591122713,-7.004751012060377
177,do,0.05,0.0,7,0.8474232578277583,-5.042218136064934,-4.283038290341695
177,pp,0.05,0.0,24,1.506634496450424,-8.727737074187308,-6.5772584703233505
178,do,0.05,0.0,70,0.13593321561813454,-10.013569649783047,-8.407718933953179
178,pp,0.05,0.0,70,1.3596886539459216,-9.656730251601248,-7.761903625064426
178,do,0.05,0.0,28,0.001341601610183929,-8.778289286295573,-7.230049808820088
178,pp,0.05,0.0,70,2.056991907358169,-9.013335027116717,-7.20247888300154
179,do,0.05,0.0,4,-0.03331565499305711,-5.408238724506263,-4.734737785657247
179,pp,0.05,0.0,53,1.5485192072391518,-7.320512213851466,-5.758606780899895
179,do,0.05,0.0,5,-0.19697217941284162,-5.541144200527307,-4.792276702986824
179,pp,0.05,0.0,41,1.7673640191555027,-6.799508256623239,-5.269000336858961
180,do,0.05,0.0,4,-0.1761020684242247,-5.092118803660075,-4.319649460580614
180,pp,0.05,0.0,3,-0.2526925969123841,-5.134767987511375,-4.431138748592801
180,do,0.05,0.0,5,0.2998279929161072,-4.781791179830377,-4.104476367102729
180,pp,0.05,0.0,4,0.2582460582256312,-4.854405845295299,-4.115085829628838
181,do,0.05,0.0,22,0.9469897770881657,-5.376617313153816,-5.041480897532569
181,pp,0.05,0.0,35,2.09245819091797,-7.149982196634466,-6.447349378797743
181,do,0.05,0.0,22,1.1321503639221193,-5.027631385398633,-4.734247962633769
181,pp,0.05,0.0,14,1.4122921681404108,-5.189703318566987,-4.628510178460015
182,do,0.05,0.0,70,1.3348383176326752,-6.626703338912039,-5.78112813366784
182,pp,0.05,0.0,18,1.1936241900920868,-4.9807554331692785,-4.4078629811604815
182,do,0.05,0.0,11,1.2358887457847594,-4.4503791390043315,-4.109560147921244
182,pp,0.05,0.0,21,1.426316118240356,-5.288220748034391,-4.582175588607788
183,do,0.05,0.0,13,0.40482828497886647,-5.814709345499675,-5.1270425584581165
183,pp,0.05,0.0,51,0.9112514114379877,-8.387774822928689,-7.3471086343129475
183,do,0.05,0.0,27,0.5770460402965547,-5.655659065824566,-5.078650392426384
183,pp,0.05,0.0,31,0.21674872517585797,-7.646066216266516,-6.625982909732395
184,do,0.05,0.0,11,-0.07908317327499415,-5.233411770155936,-4.750655357042948
184,pp,0.05,0.0,70,1.9557759058475508,-7.319760024908817,-6.2572946919335255
184,do,0.05,0.0,14,0.09236267685890187,-5.817019481369943,-5.2325425518883595
184,pp,0.05,0.0,68,2.7457474982738495,-5.8884596564553,-4.752376103401184
185,do,0.05,0.0,70,0.7381221592426304,-6.6845770546884244,-5.713112542364333
185,pp,0.05,0.0,31,0.7816416728496556,-8.856388677250255,-7.709097226460774
185,do,0.05,0.0,69,0.8119619917869567,-7.570786824370876,-6.721041043599446
185,pp,0.05,0.0,19,0.3308993232250206,-7.835128198970448,-6.8120686133702595
186,do,0.05,0.0,18,0.6853481316566468,-5.673221588134766,-5.302068543434143
186,pp,0.05,0.0,21,1.2209157288074497,-5.313449861064102,-4.608672920862833
186,do,0.05,0.0,13,0.40903499245643626,-5.81643387187611,-5.378919280899895
186,pp,0.05,0.0,40,1.9386441373825072,-5.625197208288944,-5.070177759064569
187,do,0.05,0.0,19,0.2023308742046357,-6.173452299291437,-5.416626946131388
187,pp,0.05,0.0,5,0.30461050271987933,-5.031864995667429,-4.360186213917203
187,do,0.05,0.0,22,0.8208820772171013,-6.153296016924309,-5.40661064253913
187,pp,0.05,0.0,54,1.2487920260429384,-8.821310299093073,-6.672967902819315
188,do,0.05,0.0,70,0.7481523001193997,-7.090143629998872,-6.124807935290867
188,pp,0.05,0.0,26,1.4911939895153044,-7.325021859371301,-5.661403314272563
188,do,0.05,0.0,16,0.5304880416393285,-5.671092909032648,-5.08378656440311
188,pp,0.05,0.0,36,1.2092441892623906,-7.724574549992879,-6.165985674328274
189,do,0.05,0.0,19,-0.27687144637107775,-6.666988262985692,-5.575125447909037
189,pp,0.05,0.0,70,2.311454089879989,-7.528238591280851,-6.858480707804362
189,do,0.05,0.0,20,0.5336981499195099,-6.182320547103882,-5.233576777246263
189,pp,0.05,0.0,62,2.035129536390304,-7.164079754280322,-6.414654133054945
190,do,0.05,0.0,12,0.8192109584808351,-5.753397171425097,-5.267345036400689
190,pp,0.05,0.0,23,1.6612112462520603,-5.598487596800833,-5.302569105890062
190,do,0.05,0.0,6,0.14086932539939845,-5.26896413600806,-4.477103726069132
190,pp,0.05,0.0,15,1.9113294517993928,-4.353682299816247,-4.14104257689582
191,do,0.05,0.0,70,2.5773333454132086,-5.5227848847707115,-5.0727438343895805
191,pp,0.05,0.0,25,2.469923980236053,-5.091033386461662,-4.673308559258779
191,do,0.05,0.0,70,1.733581118583679,-6.43015800967361,-5.927208529578315
191,pp,0.05,0.0,27,2.2605447745323186,-5.431540415503762,-4.964645760589176
192,do,0.05,0.0,12,0.44662350177764853,-5.599777123422333,-4.936266594462925
192,pp,0.05,0.0,64,2.3094440460205075,-7.07551608952609,-6.061314512623681
192,do,0.05,0.0,14,0.9668728840351104,-5.243919027212894,-4.567118011580574
192,pp,0.05,0.0,38,1.7367249655723587,-7.973227493690722,-6.626420456833309
193,do,0.05,0.0,23,-0.2713389217853539,-7.5537710811152605,-6.798470131556193
193,pp,0.05,0.0,34,1.2872280657291402,-8.976697858174642,-7.4013481087154815
193,do,0.05,0.0,5,0.12394247531890912,-4.73145465706334,-3.994051366382175
193,pp,0.05,0.0,45,1.0716626131534586,-9.077169581615564,-7.422939806514316
194,do,0.05,0.0,70,0.02936456441879365,-8.529712957324403,-6.549904465675354
194,pp,0.05,0.0,4,-0.1787555134296417,-6.837952360962376,-5.53157983885871
194,do,0.05,0.0,29,0.4070605492591852,-8.342532636180069,-7.067169064945645
194,pp,0.05,0.0,5,-0.43132680654525757,-6.91218815572334,-5.7075381199518835
195,do,0.05,0.0,70,0.7803884494304647,-9.163218527129203,-7.794647367795308
195,pp,0.05,0.0,23,1.5705525863170626,-6.056792325684518,-5.32419511212243
195,do,0.05,0.0,65,1.794152297973632,-7.742194148265955,-6.655041246944004
195,pp,0.05,0.0,27,1.8027149987220756,-5.658987364624486,-5.072506537702348
196,do,0.05,0.0,28,0.8093329370021829,-6.3093691609122535,-5.758786845207214
196,pp,0.05,0.0,31,1.6460384762287141,-7.157003576105291,-6.235411018795437
196,do,0.05,0.0,11,-0.1007782685756684,-5.685709982207327,-5.018181541230944
196,pp,0.05,0.0,35,1.5756549632549284,-6.373198863231774,-5.757626748085022
197,do,0.05,0.0,11,1.287545665502548,-4.911493470452049,-4.242041865984599
197,pp,0.05,0.0,54,2.326728756427766,-9.912676340160948,-7.982377868228489
197,do,0.05,0.0,11,1.384357982873917,-5.530288553237915,-4.7087447934680515
197,pp,0.05,0.0,70,2.8091096198558816,-9.877515957572243,-7.7587608655293785
198,do,0.05,0.0,70,2.388548191785813,-6.5889198780059814,-5.875784640842014
198,pp,0.05,0.0,70,2.9254327476024624,-6.317199844302553,-5.483585556348165
198,do,0.05,0.0,70,2.899719941616059,-5.605809895197551,-5.00967427889506
198,pp,0.05,0.0,70,2.8172100675106044,-6.698795045505871,-5.771581008699205
199,do,0.05,0.0,3,-0.552341810464859,-5.89467529817061,-4.910189644495646
199,pp,0.05,0.0,51,1.268661885261536,-6.841902124520504,-5.829982161521912
199,do,0.05,0.0,5,-0.9255335354804997,-6.0990037499052105,-5.1126245048311025
199,pp,0.05,0.0,18,0.17387946963310252,-6.045877513018522,-5.152518526713053
200,do,0.05,0.0,6,0.12550053477287282,-5.4898179820089625,-4.666563871171739
200,pp,0.05,0.0,15,0.5896160292625421,-5.5822784308231235,-5.029851155810886
200,do,0.05,0.0,8,-0.04612696647644032,-5.743796653458566,-4.961170879999797
200,pp,0.05,0.0,17,0.7176253592967994,-5.4606825467311975,-5.0649271302753025
201,do,0.05,0.0,3,-0.7844101071357725,-6.00860545129487,-5.09354518254598
201,pp,0.05,0.0,21,1.9008473181724552,-4.817361243565878,-4.252329915099674
201,do,0.05,0.0,3,-0.5535913968086241,-5.819930348251805,-5.054720417658488
201,pp,0.05,0.0,27,1.8450897097587582,-4.9828549081628974,-4.417742448382907
202,do,0.05,0.0,10,-0.0876642394065863,-5.56160442756884,-4.8484591245651245
202,pp,0.05,0.0,70,2.8234584808349608,-6.197921011664651,-5.25636396408081
202,do,0.05,0.0,70,1.6459517157077794,-7.232070485028354,-7.186638689041137
202,pp,0.05,0.0,70,1.8049112820625304,-6.072754138888735,-4.608840354283651
203,do,0.05,0.0,4,-1.2625304758548737,-6.7454711625070285,-5.761434404055278
203,pp,0.05,0.0,22,0.026014900207519176,-6.461859453085697,-5.698166373040941
203,do,0.05,0.0,31,-1.0836196422576894,-7.704638693549416,-7.472857666015625
203,pp,0.05,0.0,67,0.10079198241233733,-7.540849083120173,-6.614357203907437
204,do,0.05,0.0,24,0.05904872655868498,-6.4206594452713475,-5.986116623878479
204,pp,0.05,0.0,13,0.36675830960273714,-5.015872549288201,-4.556754289733039
204,do,0.05,0.0,45,0.17862744331359792,-7.739932294325395,-7.368054972754584
204,pp,0.05,0.0,28,1.7609212613105774,-4.641431477575591,-4.1376623471577965
205,do,0.05,0.0,18,1.1216112267971043,-5.516493333469738,-5.020548945003085
205,pp,0.05,0.0,18,0.9260827755928043,-5.6633007930986805,-5.201314785745409
205,do,0.05,0.0,22,0.7115127754211423,-6.292208061796246,-6.1658059411578705
205,pp,0.05,0.0,27,1.09231773853302,-6.342279908151338,-5.726991184552511
206,do,0.05,0.0,1,-1.088252848386765,-6.404909031318896,-5.558321483929952
206,pp,0.05,0.0,53,1.5670516157150267,-5.376185175866792,-4.767693277200063
206,do,0.05,0.0,1,-0.951678191423416,-6.173346741994222,-5.386477483643426
206,pp,0.05,0.0,53,1.7294008123874676,-5.2457081505746554,-4.89998433192571
207,do,0.05,0.0,2,-1.1240471208095544,-6.166540170438362,-5.508870908949111
207,pp,0.05,0.0,70,1.9813716113567352,-7.7618480350032,-5.956512897544437
207,do,0.05,0.0,2,-1.1789380741119384,-6.194156375075831,-5.514478084776137
207,pp,0.05,0.0,70,2.057934961318969,-6.472112954746593,-5.161184359921349
208,do,0.05,0.0,10,-1.1316352283954618,-6.875236147100275,-5.818228435516358
208,pp,0.05,0.0,30,1.3821377289295205,-7.197022315227624,-5.656298179096646
208,do,0.05,0.0,31,-0.3446999680995937,-7.760339105490482,-6.814303334554037
208,pp,0.05,0.0,25,1.5916064083576202,-6.221336549701113,-5.024576224221123
209,do,0.05,0.0,3,-0.9100211226940154,-6.206031137524229,-5.348380642467075
209,pp,0.05,0.0,70,2.8750100743770606,-6.977927475264578,-5.867267166243659
209,do,0.05,0.0,13,-0.8122881948947906,-6.52191819711165,-5.771821777025859
209,pp,0.05,0.0,70,2.525244433879852,-6.046813373854666,-5.390100730790032
210,do,0.05,0.0,39,0.7008460056781782,-6.845524376088923,-6.7204728603363035
210,pp,0.05,0.0,18,1.0705302906036378,-5.388929280367765,-4.93002138932546
210,do,0.05,0.0,55,0.8060367035865781,-5.50413754492095,-5.656187698576185
210,pp,0.05,0.0,19,1.8511594998836518,-4.598005108399825,-4.293461887041728
211,do,0.05,0.0,15,0.21155391335487383,-6.132569006717566,-5.2592201206419205
211,pp,0.05,0.0,28,2.3719510519504547,-4.669844125978875,-4.105238880051507
211,do,0.05,0.0,18,0.006995950937271012,-6.321621231599288,-5.537701612048679
211,pp,0.05,0.0,29,2.101672701835633,-4.6474666812203145,-4.1377379947238495
212,do,0.05,0.0,14,0.6386461520195015,-5.7007482485337695,-4.508498311042786
212,pp,0.05,0.0,70,1.9450154328346256,-5.1498992139642885,-4.281036039193471
212,do,0.05,0.0,30,1.758410967588424,-5.007173023801862,-4.5353688451978895
212,pp,0.05,0.0,40,1.7882210898399356,-5.305825019605232,-4.316851993401845
213,do,0.05,0.0,4,-0.5553065323829651,-5.835849624691588,-4.884170015652974
213,pp,0.05,0.0,57,1.5945603561401374,-7.888463260188248,-6.848957429991828
213,do,0.05,0.0,40,0.5708089518547048,-7.951759871569547,-7.286976337432861
213,pp,0.05,0.0,36,1.3057272326946254,-7.117002781954679,-6.064798479610019
214,do,0.05,0.0,7,-0.3946018779277809,-5.9432474974429965,-5.016487426227993
214,pp,0.05,0.0,16,0.019656078815460276,-8.760999313990276,-6.548835730552673
214,do,0.05,0.0,70,-0.4127535629272465,-8.783999255209258,-8.069182342953152
214,pp,0.05,0.0,17,0.002381702661513607,-7.774952245481087,-5.756713845994738
215,do,0.05,0.0,70,1.2093027830123901,-6.801302915630918,-6.219314659966363
215,pp,0.05,0.0,50,1.6563464474678025,-9.046202113411644,-7.049497657352024
215,do,0.05,0.0,47,2.3685780870914463,-6.54246788891879,-5.477457676993476
215,pp,0.05,0.0,25,1.728514840602875,-5.9190286260662655,-4.67261354525884
216,do,0.05,0.0,3,-0.8615343260765078,-6.064269698749889,-5.227796885702345
216,pp,0.05,0.0,22,0.831390039920807,-5.565174952420321,-4.933069120513069
216,do,0.05,0.0,3,-0.75578268289566,-5.830477107654918,-4.965903637144301
216,pp,0.05,0.0,31,1.466992800235749,-7.439123952750004,-6.465853039423624
217,do,0.05,0.0,68,1.955976661443711,-7.694581241318674,-6.388329903284709
217,pp,0.05,0.0,19,1.0558493125438684,-5.61221621686762,-4.668643216292064
217,do,0.05,0.0,50,2.0079882609844217,-7.502110706676136,-6.571813604566786
217,pp,0.05,0.0,56,1.1010809862613673,-8.745737786726519,-7.008471732669406
218,do,0.05,0.0,47,1.2883926689624783,-6.966392433282101,-6.740833775202433
218,pp,0.05,0.0,70,3.6700810313224803,-4.900174636551828,-4.381637877888149
218,do,0.05,0.0,50,1.7764066481590266,-6.858395355398005,-6.504638483789232
218,pp,0.05,0.0,70,4.253757907152176,-5.118130220066417,-4.657298458947076
219,do,0.05,0.0,15,-0.39451515436172535,-6.4510708519906705,-5.902700283792284
219,pp,0.05,0.0,54,1.7660270833969118,-5.87727291800759,-5.220758814281887
219,do,0.05,0.0,21,-0.2605754172801973,-6.446016352104418,-5.7131450547112355
219,pp,0.05,0.0,41,1.296832056045532,-6.2831775665283205,-5.296832513809204
