idx,dative,best_lr,best_wd,best_epoch,verbhood_diff,do,pp
0,do,0.05,0.0,17,2.728617787361146,-6.750582931980942,-6.58322745429145
0,pp,0.05,0.0,28,2.4758304727077496,-6.928945628079501,-5.673015136188931
0,do,0.05,0.0,25,2.443095587491989,-7.3534585692665795,-7.086809590127733
0,pp,0.05,0.0,70,2.3596671962738043,-9.143542630744703,-7.2473008871078495
1,do,0.05,0.0,68,1.4538526701927195,-7.557781827811039,-6.067258710331387
1,pp,0.05,0.0,36,1.5564773547649384,-5.195754386439468,-4.7063637495040895
1,do,0.05,0.0,39,1.4568313419818875,-7.918912881793398,-8.525167984432644
1,pp,0.05,0.0,43,1.378910884857178,-5.062977429592248,-4.644791788525051
2,do,0.05,0.0,70,1.4151861894130704,-9.014779777237862,-7.529730473624335
2,pp,0.05,0.0,15,2.029704321622848,-5.38849304228118,-4.735249310069614
2,do,0.05,0.0,18,1.2949939775466923,-5.5512522509603786,-5.102080384890239
2,pp,0.05,0.0,24,1.8725708568096149,-7.961735800540809,-6.701364050971137
3,do,0.05,0.0,55,-0.13296707272529673,-8.714838004834725,-7.584766411781311
3,pp,0.05,0.0,22,2.023641489744186,-6.1270145864197705,-4.679882664150662
3,do,0.05,0.0,34,1.3577452158927912,-7.582976578221176,-6.520566844940186
3,pp,0.05,0.0,36,2.244471646547317,-6.898928048393943,-4.9520580583148535
4,do,0.05,0.0,34,2.309738948345185,-5.303775342305501,-4.784196485413445
4,pp,0.05,0.0,22,2.0486413156986236,-4.510909416458824,-3.908483009868198
4,do,0.05,0.0,34,2.1950299060344696,-5.914568617849639,-4.771096981896294
4,pp,0.05,0.0,40,1.8463304674625398,-5.0841241287462635,-4.487669006983439
5,do,0.05,0.0,30,1.2084492695331575,-8.230255983815049,-6.6338086154725815
5,pp,0.05,0.0,46,2.591128054857254,-6.725501092274984,-5.918397736549378
5,do,0.05,0.0,39,1.2713355767726888,-7.575549403103915,-6.6728551732169255
5,pp,0.05,0.0,33,2.412169089317323,-6.211470543254506,-5.482900298966301
6,do,0.05,0.0,70,3.1640566790103906,-5.838779394554369,-5.076726415422228
6,pp,0.05,0.0,67,2.778158751726151,-5.0277487176837345,-4.425688580671946
6,do,0.05,0.0,62,2.9346336960792545,-6.674183557972763,-6.346599494086371
6,pp,0.05,0.0,70,2.3666497933864603,-5.745430434833874,-5.0314676549699575
7,do,0.05,0.0,54,1.9563958680629732,-9.114982489383582,-7.630700670348274
7,pp,0.05,0.0,37,2.864900151491164,-6.3903213818868005,-5.479030055469937
7,do,0.05,0.0,47,2.0882645320892337,-9.536442857800107,-7.419693986574809
7,pp,0.05,0.0,28,2.5214429914951317,-5.8553901773510555,-4.9078347947862415
8,do,0.05,0.0,69,1.9110158348083495,-8.630334774653116,-8.122681336932713
8,pp,0.05,0.0,16,1.8346546387672422,-4.943233721184008,-4.100330784585741
8,do,0.05,0.0,24,1.5889641880989078,-6.8609704696770875,-5.828616266780429
8,pp,0.05,0.0,25,1.9148306393623358,-5.8774137858188515,-4.787832636303372
9,do,0.05,0.0,4,-0.03240813016891497,-5.502487262090047,-4.609039998054504
9,pp,0.05,0.0,14,1.5444083523750303,-7.177197165922685,-5.6761082172393795
9,do,0.05,0.0,54,1.6985992383956905,-8.887084856900302,-7.939908888604906
9,pp,0.05,0.0,19,1.6660125315189367,-6.883345629952171,-5.341935994890001
10,do,0.05,0.0,18,1.685641280412673,-6.276452658393167,-5.481781315803528
10,pp,0.05,0.0,12,1.4216260862350465,-5.297559502630523,-4.787703590922885
10,do,0.05,0.0,33,3.064879660606385,-7.016460294434519,-6.68103121916453
10,pp,0.05,0.0,13,1.243974007368088,-5.805948608571833,-5.126175051265292
11,do,0.05,0.0,64,1.3531219542026527,-7.478649299794977,-5.155594280030992
11,pp,0.05,0.0,34,2.0616299986839293,-4.649723703211004,-4.168404379155901
11,do,0.05,0.0,31,1.2785086691379544,-5.603311061859131,-4.830512211057875
11,pp,0.05,0.0,32,2.2078569567203523,-4.423788080793439,-3.953633974658118
12,do,0.05,0.0,52,2.670812354087831,-11.36472061475118,-8.618727657530043
12,pp,0.05,0.0,16,2.583956708908082,-6.556639957427978,-5.087559790081448
12,do,0.05,0.0,60,3.2014867544174184,-10.992424108042862,-9.264322810702854
12,pp,0.05,0.0,16,2.7446561634540556,-5.461821899992047,-4.458787772390577
13,do,0.05,0.0,35,1.5261956167221067,-5.547346980643995,-4.636969463030497
13,pp,0.05,0.0,14,1.597103073596954,-5.665332827423558,-4.319128444459703
13,do,0.05,0.0,42,1.8495272159576412,-7.961790256789237,-6.1416796763737995
13,pp,0.05,0.0,11,1.6755047261714937,-5.443135551972823,-4.296133046680026
14,do,0.05,0.0,38,2.325105239152909,-6.7404475963476935,-6.020429695977105
14,pp,0.05,0.0,70,3.319369217157364,-7.729463822913893,-6.982915759086609
14,do,0.05,0.0,46,2.7849219334125515,-7.632280541911269,-6.897523381974962
14,pp,0.05,0.0,70,2.924003026485442,-6.965531392530962,-6.06268699698978
15,do,0.05,0.0,13,1.5815741872787479,-5.124277090303826,-4.360911385218302
15,pp,0.05,0.0,21,2.5092653465271004,-5.216597453030673,-4.469377673996819
15,do,0.05,0.0,70,2.0814465248584764,-9.147484571283513,-7.218234162860447
15,pp,0.05,0.0,20,2.106947524547577,-5.692911123506951,-4.779849627282885
16,do,0.05,0.0,36,1.6267468404769891,-4.186622871052135,-3.905346547232734
16,pp,0.05,0.0,26,2.2869660615921017,-4.801890448367957,-4.55873392952813
16,do,0.05,0.0,70,1.6980464994907383,-4.9952344908858795,-4.172963890764448
16,pp,0.05,0.0,41,2.4700235390663146,-4.698098188458067,-4.419792693191105
17,do,0.05,0.0,18,2.258365215063095,-5.008871786522143,-4.173686014281379
17,pp,0.05,0.0,20,3.1437151050567635,-5.129020835414077,-4.194722600777944
17,do,0.05,0.0,36,2.9676178157329556,-8.601848102338387,-6.222714100943671
17,pp,0.05,0.0,25,3.4992729961872104,-5.229004789121223,-4.288018967045678
18,do,0.05,0.0,38,2.0127192616462715,-8.830277398138335,-7.414926783243815
18,pp,0.05,0.0,65,2.2461972403526307,-7.164343890276823,-6.018786390622457
18,do,0.05,0.0,60,2.905431711673736,-8.69225408525178,-7.003397483295864
18,pp,0.05,0.0,70,2.3419725060462957,-8.241093441934296,-6.391876517401801
19,do,0.05,0.0,24,1.8527781283855438,-4.455669023051406,-4.043227789137099
19,pp,0.05,0.0,27,2.5653582203388208,-6.579299873294253,-5.513975818951924
19,do,0.05,0.0,70,2.2430183374881736,-6.594376483108058,-5.740157500902812
19,pp,0.05,0.0,20,2.379235562086105,-5.848612195795233,-4.9931826419300505
20,do,0.05,0.0,14,1.0369616532325745,-5.538413911877257,-5.09996842013465
20,pp,0.05,0.0,50,4.472337589263916,-6.934477011362712,-5.977462964587741
20,do,0.05,0.0,10,0.9105753052234649,-5.5506005922953285,-5.037395071983338
20,pp,0.05,0.0,69,3.8157791566848758,-8.08529446919759,-7.245051741600037
21,do,0.05,0.0,31,1.4154920005798335,-6.066779375076294,-5.845941837628683
21,pp,0.05,0.0,29,1.667518423795701,-5.546621309627186,-5.201969202359518
21,do,0.05,0.0,23,1.4681340038776396,-5.629681579994433,-6.008862103356256
21,pp,0.05,0.0,34,1.8654636287689206,-5.3184358177763045,-4.699009452925788
22,do,0.05,0.0,43,2.2725539112091075,-7.368464756011963,-7.08029146194458
22,pp,0.05,0.0,26,2.6722589683532716,-4.939088005008119,-4.169517501195272
22,do,0.05,0.0,54,2.5099670720100393,-7.878330641081839,-9.161026949352689
22,pp,0.05,0.0,19,2.0181660711765286,-5.632288831653017,-4.806137204170227
23,do,0.05,0.0,15,0.02917567014694189,-5.794196125955293,-5.409624033504063
23,pp,0.05,0.0,32,2.1533288002014155,-6.937631810795177,-5.592968601650662
23,do,0.05,0.0,25,0.9237262034416194,-6.810333702780984,-7.171138117048476
23,pp,0.05,0.0,33,1.8376295053958884,-7.784506702423096,-6.033004758093092
24,do,0.05,0.0,39,1.376563868522644,-6.577143092588945,-6.230206632614136
24,pp,0.05,0.0,21,1.9038806891441347,-5.495197676167344,-4.709323888354831
24,do,0.05,0.0,34,2.0199237632751466,-7.183266105073871,-6.577182428042094
24,pp,0.05,0.0,26,1.8184793198108675,-5.8518860845854785,-4.923890476756625
25,do,0.05,0.0,16,0.6183922696113591,-5.688618486577814,-5.41503447956509
25,pp,0.05,0.0,70,3.1903978943824765,-9.442523628292662,-8.319959942499796
25,do,0.05,0.0,25,1.4841754007339478,-7.042666053771972,-7.203128737873501
25,pp,0.05,0.0,36,2.3276063823699946,-8.746620855909406,-7.848231612311469
26,do,0.05,0.0,57,2.0925232553482065,-6.885577373793631,-7.0390214734607275
26,pp,0.05,0.0,38,1.8067199885845184,-5.207994092594493,-4.651905771096548
26,do,0.05,0.0,67,1.563118298053741,-6.922980201605594,-7.653919349776374
26,pp,0.05,0.0,28,1.8468331861495972,-4.544206783988259,-4.12335053814782
27,do,0.05,0.0,37,1.7086501240730287,-8.629818257418545,-8.656352302763198
27,pp,0.05,0.0,25,2.2381690251827235,-6.155106395663637,-5.373058393266466
27,do,0.05,0.0,22,1.5794028186798093,-6.925919665712299,-6.820130705833435
27,pp,0.05,0.0,25,2.4430208313465123,-5.577847318938284,-4.759510192606184
28,do,0.05,0.0,31,1.630052893161773,-6.73260005459641,-6.808472429381476
28,pp,0.05,0.0,33,2.719206818342208,-5.305733011708115,-4.478226110670302
28,do,0.05,0.0,26,1.2150348985195158,-6.09004803426338,-6.11778773466746
28,pp,0.05,0.0,34,2.5890868175029764,-6.089225471380985,-5.320778147379557
29,do,0.05,0.0,11,0.49007762074470484,-5.599461871927435,-4.996731373998854
29,pp,0.05,0.0,23,2.4962346911430364,-6.38532953117833,-5.389634431733025
29,do,0.05,0.0,15,1.1799303805828094,-5.718294484687574,-5.811225970586141
29,pp,0.05,0.0,20,2.5174580812454224,-5.536225485079216,-4.75707274278005
30,do,0.05,0.0,70,3.75713708281517,-8.808618172732267,-8.92336139678955
30,pp,0.05,0.0,11,1.032542471885681,-5.580232240214492,-5.302969447771708
30,do,0.05,0.0,68,4.281531560420989,-8.515516752185244,-8.080315579308404
30,pp,0.05,0.0,15,1.1079559755325326,-6.48301508065426,-6.087649027506511
31,do,0.05,0.0,15,-0.06813197493553158,-6.687842780893499,-5.880084941122267
31,pp,0.05,0.0,22,1.3223465132713317,-4.874117680751916,-4.4306009981367325
31,do,0.05,0.0,24,0.647844926118851,-6.398266208533085,-6.063828786214192
31,pp,0.05,0.0,19,1.5080495476722717,-5.392389447761304,-4.4235309097501965
32,do,0.05,0.0,57,3.4700851142406464,-10.614064569184274,-8.911164805624221
32,pp,0.05,0.0,70,2.9996676814556125,-5.946311887105306,-4.9640563805898035
32,do,0.05,0.0,14,1.7374357092380528,-5.7924763693954,-4.8028342352973095
32,pp,0.05,0.0,22,2.287176687717438,-5.517976139530991,-4.606215059757233
33,do,0.05,0.0,9,0.3560232865810393,-5.477540271932429,-4.762118572658963
33,pp,0.05,0.0,16,1.9743139147758493,-5.728441564964526,-4.903702918688456
33,do,0.05,0.0,70,2.797170753479004,-7.453677775643088,-6.318656629986233
33,pp,0.05,0.0,10,1.9085256922245026,-4.849746202700066,-4.263777263959249
34,do,0.05,0.0,64,2.8773160970211027,-4.902729544495092,-4.506351481543647
34,pp,0.05,0.0,70,3.459622226953506,-5.626973708470662,-4.87667027314504
34,do,0.05,0.0,46,3.013126842975616,-6.789830492482041,-6.430100438329909
34,pp,0.05,0.0,20,2.4166535222530374,-4.918444338711825,-4.3670189619064335
35,do,0.05,0.0,7,0.12049004316329981,-5.623471596746734,-4.950585526890225
35,pp,0.05,0.0,34,2.2600260126590737,-6.658589990211255,-5.659343820148044
35,do,0.05,0.0,11,0.06581675529479991,-6.685380220413208,-5.450625454054938
35,pp,0.05,0.0,18,2.130836358070373,-5.435303724173344,-4.606299567222595
36,do,0.05,0.0,70,1.1874211978912346,-6.174911001956824,-5.490746935208638
36,pp,0.05,0.0,67,2.720164015293121,-5.921961556058942,-5.654978491200341
36,do,0.05,0.0,59,1.9953025782108318,-5.5173862991911,-5.058030233118269
36,pp,0.05,0.0,70,2.4463837981224055,-6.5542561906756776,-6.338721842235989
37,do,0.05,0.0,53,2.601389790773392,-9.45967519933527,-8.543573353025648
37,pp,0.05,0.0,35,4.0846909070014945,-5.595039356116093,-4.809695487552219
37,do,0.05,0.0,30,2.121418775320053,-8.11395504691384,-6.770223143365648
37,pp,0.05,0.0,28,3.6661131560802467,-5.3173358888337106,-4.573966182602776
38,do,0.05,0.0,47,3.199418829679489,-6.957920538295399,-6.279957381884257
38,pp,0.05,0.0,31,2.662628452777862,-7.618667784604159,-6.152762315008375
38,do,0.05,0.0,37,3.143149743080139,-7.0692047783822725,-6.988056418630812
38,pp,0.05,0.0,48,3.245308772325516,-7.285591275764234,-5.977668637699551
39,do,0.05,0.0,11,0.5940519475936892,-5.869281260172526,-5.050224738650852
39,pp,0.05,0.0,30,2.882565451860428,-6.228510537292018,-5.4528821600808035
39,do,0.05,0.0,47,2.52722460269928,-7.565067812890717,-7.206034792794122
39,pp,0.05,0.0,20,2.1892633891105646,-6.628030409957423,-5.667279839515686
40,do,0.05,0.0,16,1.1734627735614778,-5.165594255562985,-4.643367248111301
40,pp,0.05,0.0,37,2.0372629046440123,-8.113460036480065,-6.311917061275906
40,do,0.05,0.0,12,0.7384676122665406,-5.152709859790224,-4.559838318824768
40,pp,0.05,0.0,13,1.8856163179874423,-4.6639666268319795,-3.9491071065266925
41,do,0.05,0.0,30,1.1044882702827454,-6.527687480232933,-5.320171599917941
41,pp,0.05,0.0,58,2.2374327468872073,-5.623973076271288,-4.999530863761902
41,do,0.05,0.0,28,0.7872460603713982,-6.012310285279245,-5.302800342771742
41,pp,0.05,0.0,28,1.4167538094520573,-6.4517704992583305,-5.453490005599128
42,do,0.05,0.0,22,1.2750728046894073,-5.634923070849794,-5.141118129094441
42,pp,0.05,0.0,30,1.7995078885555271,-5.81011218735666,-4.920565168062846
42,do,0.05,0.0,42,1.5033713114261626,-7.443705662814054,-6.044450211524963
42,pp,0.05,0.0,17,1.6500066196918484,-6.084293605342056,-4.901126498646207
43,do,0.05,0.0,16,0.6751037633419035,-4.904529012333263,-4.533969714906481
43,pp,0.05,0.0,47,2.0443933773040763,-7.038514108368845,-5.458335494995117
43,do,0.05,0.0,56,1.3429219663143162,-5.2681859666650945,-4.460503617922465
43,pp,0.05,0.0,70,2.228344552516938,-7.870775929364291,-5.974459936883714
44,do,0.05,0.0,68,1.3559905171394337,-6.743776892170762,-5.9141933149761625
44,pp,0.05,0.0,20,1.8102555727958674,-5.998997136318322,-4.550355201297336
44,do,0.05,0.0,42,1.159589481353759,-8.023448871843742,-6.406803472836812
44,pp,0.05,0.0,59,1.8152100932598119,-5.503793616728349,-5.085716168085734
45,do,0.05,0.0,14,1.0085679256916045,-4.70139230670351,-4.415583030382792
45,pp,0.05,0.0,70,2.2503016018867488,-7.415853030753858,-6.962446731991238
45,do,0.05,0.0,15,1.2125103759765619,-4.810634728633996,-4.486233035723369
45,pp,0.05,0.0,64,2.1501746881008152,-7.27625563361428,-6.699446985456679
46,do,0.05,0.0,48,0.8651418840885166,-6.5676965410059145,-6.175007478396098
46,pp,0.05,0.0,70,2.3248162615299233,-5.409375592434045,-5.073633835050795
46,do,0.05,0.0,32,0.8502468967437746,-5.877495261394617,-5.324859648280674
46,pp,0.05,0.0,70,1.7220781099796296,-5.7019706971717605,-5.314308230082194
47,do,0.05,0.0,50,2.1364789855480186,-7.068529222950791,-5.844271386994256
47,pp,0.05,0.0,38,2.9376468658447266,-8.049598104303533,-6.26471492184533
47,do,0.05,0.0,20,1.670682182312012,-5.083992007284453,-4.694423487451341
47,pp,0.05,0.0,12,1.6306301188468932,-5.055395460128784,-4.297553573714362
48,do,0.05,0.0,70,2.444631288051605,-4.482047407554858,-4.195106678538853
48,pp,0.05,0.0,20,2.1555401873588567,-5.989362549059319,-4.784000984827677
48,do,0.05,0.0,41,2.313676558732986,-4.8794877948183,-4.27608417669932
48,pp,0.05,0.0,46,2.842630268335343,-6.040196908604015,-5.419352711571587
49,do,0.05,0.0,44,1.318451187610627,-6.897506550586585,-5.98507235315111
49,pp,0.05,0.0,12,1.474527424573898,-5.419787003777244,-4.721774281395806
49,do,0.05,0.0,53,1.113878164291382,-8.727645859573826,-7.424952504369948
49,pp,0.05,0.0,11,1.3676911604404447,-4.986130919600978,-4.344901514053345
50,do,0.05,0.0,70,1.9914850521087644,-8.060635358637029,-7.039196483294169
50,pp,0.05,0.0,15,1.422205859422684,-5.607752914139719,-4.996358323097229
50,do,0.05,0.0,70,2.2579357194900513,-7.409969146323927,-7.049081375863817
50,pp,0.05,0.0,15,1.2898213756084447,-5.9967779679731885,-5.28250126308865
51,do,0.05,0.0,23,1.043112241029739,-4.906897794839107,-4.272048619058397
51,pp,0.05,0.0,19,1.9020226943492888,-5.6409288594217015,-4.778571049372355
51,do,0.05,0.0,36,1.8060194396972653,-5.3816372134468775,-4.498895964357588
51,pp,0.05,0.0,17,1.7416790056228635,-6.436979461438728,-5.293239657084147
52,do,0.05,0.0,30,2.284988607168197,-8.419786025538588,-6.670555331971911
52,pp,0.05,0.0,20,1.9719676816463467,-8.289216475053268,-6.084978408283657
52,do,0.05,0.0,39,3.7301971662044524,-8.343761512004967,-6.691301088862949
52,pp,0.05,0.0,33,1.6661026847362521,-10.115498161315918,-7.7798569016986425
53,do,0.05,0.0,25,1.897266860008239,-6.356290593291774,-5.472365609804789
53,pp,0.05,0.0,24,2.4109127354621886,-6.482882073431304,-5.228907251358033
53,do,0.05,0.0,33,2.141171401739121,-4.860502731438839,-4.588689328564538
53,pp,0.05,0.0,19,1.6384353983402251,-6.573482149297541,-5.007807662751939
54,do,0.05,0.0,22,1.7535036575794223,-5.4843197519128974,-5.0555177238252424
54,pp,0.05,0.0,70,4.028656704425812,-7.185009171745994,-6.414968819088406
54,do,0.05,0.0,66,2.521993968486785,-5.8921861879753346,-5.832694395383199
54,pp,0.05,0.0,46,2.648766921758652,-7.596474771788626,-5.743961612383525
55,do,0.05,0.0,17,1.44093591094017,-5.868245308326952,-5.27149207327101
55,pp,0.05,0.0,34,2.048922933340073,-7.184845298709291,-6.047016429901123
55,do,0.05,0.0,19,1.8044318366050724,-4.912452745437622,-4.674892550044589
55,pp,0.05,0.0,38,1.8257943284511562,-8.029821709430578,-6.603656636344062
56,do,0.05,0.0,25,1.041407730579376,-4.755561643658262,-4.491480278968811
56,pp,0.05,0.0,32,2.5898544085025783,-4.740550811362989,-4.420000233915117
56,do,0.05,0.0,70,1.8564705431461332,-6.331323500835534,-5.602540289031134
56,pp,0.05,0.0,29,2.1155611586570737,-5.347034275170529,-4.8032945725652905
57,do,0.05,0.0,17,1.5020091116428382,-4.78573816761826,-4.3486521482467655
57,pp,0.05,0.0,19,3.3030538296699525,-5.9243247480103465,-4.9667874852816265
57,do,0.05,0.0,16,1.3736853158473972,-4.685907203500921,-4.127154616514842
57,pp,0.05,0.0,33,4.073656805753708,-5.495658751690026,-4.695989802148607
58,do,0.05,0.0,36,2.7690271198749548,-6.3677632028406315,-4.841751486725277
58,pp,0.05,0.0,29,3.100966041088104,-7.534117687109745,-6.640634928809272
58,do,0.05,0.0,48,2.6971901524066917,-6.727241423635772,-5.277145557933384
58,pp,0.05,0.0,70,3.1219769406318676,-8.132385714848835,-6.260686098204719
59,do,0.05,0.0,9,0.9256012690067292,-4.528796635252057,-4.022171131769816
59,pp,0.05,0.0,25,2.3914422416687007,-6.7545679742639715,-5.635165996021694
59,do,0.05,0.0,70,1.995499027967453,-6.983159546418624,-6.169213798311022
59,pp,0.05,0.0,18,1.843718177080154,-6.775820057319872,-5.542292192247179
60,do,0.05,0.0,17,1.6532078492641444,-4.880859357660467,-4.736408834987216
60,pp,0.05,0.0,58,2.922150361537934,-5.839814537221735,-5.072327331701914
60,do,0.05,0.0,17,1.543796429634095,-5.269454434423736,-5.213120002216763
60,pp,0.05,0.0,66,2.2158835959434517,-6.374313101623997,-5.838478800985548
61,do,0.05,0.0,19,0.668660292625427,-5.4581482237035575,-4.956090678109063
61,pp,0.05,0.0,29,2.0534242725372316,-4.685919841130574,-4.4268935945298935
61,do,0.05,0.0,23,0.857392126321793,-4.898925603519786,-4.66506597995758
61,pp,0.05,0.0,28,1.2743155729770663,-5.804710597702951,-4.995506321059333
62,do,0.05,0.0,15,1.6373695099353789,-5.0370105902353925,-4.6580762412812975
62,pp,0.05,0.0,28,1.780162073373794,-6.175813208204327,-5.361599538061354
62,do,0.05,0.0,16,1.8075981152057645,-4.422874567725442,-4.63734692202674
62,pp,0.05,0.0,47,1.9558980929851533,-7.102053481882269,-5.947353275616964
63,do,0.05,0.0,45,1.8557615959644318,-4.9137138915784435,-4.464009707503848
63,pp,0.05,0.0,21,2.2202404892444614,-4.333671403653694,-3.7652105980449253
63,do,0.05,0.0,29,2.14658310174942,-5.31618001388781,-4.933715751436021
63,pp,0.05,0.0,19,2.124377419948578,-4.260867760398171,-3.687767423523797
64,do,0.05,0.0,14,0.9764988112449648,-5.6544067498409385,-5.316081444422404
64,pp,0.05,0.0,22,2.2353622567653657,-5.144661692417029,-4.206433942582872
64,do,0.05,0.0,20,1.5349494910240171,-5.933966315876354,-5.25367337597741
64,pp,0.05,0.0,64,2.2863001167774195,-5.251779273062041,-4.93204665184021
65,do,0.05,0.0,18,1.3671691322326662,-4.686693594672463,-4.464368078443739
65,pp,0.05,0.0,23,2.100973519086839,-6.008483664194743,-5.262256654103597
65,do,0.05,0.0,16,1.2584732997417456,-5.318117128718983,-5.471565646595425
65,pp,0.05,0.0,12,2.1371470510959627,-4.610242780049642,-4.007001500659519
66,do,0.05,0.0,32,1.7347403597831725,-5.929428508064964,-5.691964827643501
66,pp,0.05,0.0,66,1.9114817893505096,-5.098570463874124,-4.694631690449185
66,do,0.05,0.0,59,2.1349530410766597,-5.911041820410526,-5.952335185474819
66,pp,0.05,0.0,62,2.1921697795391077,-5.337398014646588,-4.750899773173862
67,do,0.05,0.0,16,1.7592095196247106,-4.605771014184663,-4.177224008242289
67,pp,0.05,0.0,41,2.9639432621002193,-4.787910728743582,-4.426274840037028
67,do,0.05,0.0,23,2.0210049200057982,-4.62346900882143,-4.339586080445184
67,pp,0.05,0.0,39,2.1838189673423773,-5.920071718909524,-5.057203308741252
68,do,0.05,0.0,22,1.8231127011775978,-4.544237717715177,-4.415790237320794
68,pp,0.05,0.0,24,2.3698588109016425,-4.364980442596204,-3.7234602292378742
68,do,0.05,0.0,41,2.241188106536865,-4.84395666700421,-4.89777668317159
68,pp,0.05,0.0,17,2.0317042553424836,-4.680856775515007,-3.8711481756634183
69,do,0.05,0.0,67,2.1273895347118374,-5.622362896890351,-5.290988681051466
69,pp,0.05,0.0,19,2.2651165604591377,-4.7971350380868625,-4.186717327435812
69,do,0.05,0.0,14,1.5287040948867796,-4.516842196204445,-4.313760442203946
69,pp,0.05,0.0,13,1.7694255208969114,-4.848549483039163,-4.21195281346639
70,do,0.05,0.0,66,2.471283925771714,-7.238161747383349,-6.310103159480625
70,pp,0.05,0.0,14,1.48529161810875,-5.402386091694687,-4.839979102876451
70,do,0.05,0.0,70,2.8687917172908772,-8.472057751453285,-7.598959069781833
70,pp,0.05,0.0,15,1.7740437710285182,-5.568983920415243,-4.940120673179626
71,do,0.05,0.0,28,1.6267483544349677,-4.75531172318892,-4.2743151850170555
71,pp,0.05,0.0,31,1.8184431183338159,-5.07187850114071,-4.437845532099406
71,do,0.05,0.0,56,1.8297869682312005,-5.796427723855683,-5.249118190341526
71,pp,0.05,0.0,26,1.8121175527572637,-5.40636370976766,-4.606020927429199
72,do,0.05,0.0,41,3.222712342739106,-6.721922929359205,-5.635739432440864
72,pp,0.05,0.0,62,3.185061800479888,-8.585180588924523,-6.169021267361111
72,do,0.05,0.0,48,4.622624471187591,-7.716527038632017,-6.529667250315348
72,pp,0.05,0.0,52,2.904046941995621,-6.3035014455968685,-4.828018233511183
73,do,0.05,0.0,28,2.128574063777924,-5.44652136889371,-4.754605215125614
73,pp,0.05,0.0,12,1.6172819638252252,-5.11475754217668,-4.479436683654785
73,do,0.05,0.0,40,2.5497741937637324,-4.895164801135207,-4.597410860326555
73,pp,0.05,0.0,14,1.8280876576900482,-5.057251648469404,-4.237840562396579
74,do,0.05,0.0,34,2.558122555017471,-5.544763481255734,-5.307726012335883
74,pp,0.05,0.0,70,3.4442469537258154,-5.678675842285156,-5.085132106145223
74,do,0.05,0.0,63,3.171700352430343,-6.286956976399277,-6.833710757891337
74,pp,0.05,0.0,58,4.119998320341111,-6.28394526568326,-5.496249381701151
75,do,0.05,0.0,26,2.5420671319961547,-5.085568195400816,-4.37407089471817
75,pp,0.05,0.0,19,2.041712927818299,-5.334892933296435,-4.71092570092943
75,do,0.05,0.0,24,2.5840717029571527,-4.931928939530343,-4.480398656262292
75,pp,0.05,0.0,65,3.4660500621795665,-6.714141665082989,-5.773552989959716
76,do,0.05,0.0,27,1.5851830792427064,-4.4032781976642035,-4.267790852652656
76,pp,0.05,0.0,70,2.2171300685405733,-5.903575587995125,-5.4787647525469465
76,do,0.05,0.0,43,2.0297840285301207,-4.6171686634872895,-4.522309463553959
76,pp,0.05,0.0,28,2.258970586061478,-4.838901645487005,-4.456041708257463
77,do,0.05,0.0,29,2.822231845855712,-5.675474506435973,-5.027196105321249
77,pp,0.05,0.0,57,2.922457832098008,-5.29080886407332,-4.696679299407535
77,do,0.05,0.0,36,2.7746468198299405,-5.142626947345156,-5.20913860268063
77,pp,0.05,0.0,70,4.446061514616013,-6.109687326893662,-5.431127762794494
78,do,0.05,0.0,28,2.903650310039521,-5.291769539226185,-4.777539324760437
78,pp,0.05,0.0,52,2.626527416706085,-6.622903492956451,-5.98351731300354
78,do,0.05,0.0,70,3.894454329013824,-6.76235603130225,-5.654060300191244
78,pp,0.05,0.0,59,3.1782964670658123,-6.236245932723537,-5.735393322838677
79,do,0.05,0.0,19,2.134639955759048,-4.238134661587802,-4.037373497751024
79,pp,0.05,0.0,69,3.464468157291412,-4.633196473844124,-4.226127813922035
79,do,0.05,0.0,28,2.8535060346126553,-4.539529332247647,-4.547209119796753
79,pp,0.05,0.0,61,3.2876233351230626,-5.730173647042477,-5.10904876920912
80,do,0.05,0.0,11,1.0144460022449495,-5.1441337816643,-4.363018488883972
80,pp,0.05,0.0,22,2.653284511566162,-5.234075053532918,-4.548318613900078
80,do,0.05,0.0,14,1.0731401836872099,-4.892844747774529,-4.186176538467407
80,pp,0.05,0.0,70,2.2464391899108893,-6.6648008361007225,-5.8729433933893835
81,do,0.05,0.0,50,1.5414620018005367,-7.5344265302022295,-6.599760325749715
81,pp,0.05,0.0,27,1.5683506095409392,-4.916770377303615,-4.758720906575521
81,do,0.05,0.0,59,1.6186830604076388,-7.242328627904256,-6.592786190244887
81,pp,0.05,0.0,25,0.8519516801834106,-5.867887654449,-5.247765654987759
82,do,0.05,0.0,18,1.4871953916549678,-6.456752736640699,-5.075743995772468
82,pp,0.05,0.0,16,1.4594463741779329,-5.12166660193241,-4.545166593127781
82,do,0.05,0.0,19,1.6582783591747283,-5.895794878583966,-5.007669009102715
82,pp,0.05,0.0,17,1.2130116403102873,-5.336177619298299,-4.844959094789293
83,do,0.05,0.0,22,1.010750428438187,-5.0078590421965625,-4.6913973410924275
83,pp,0.05,0.0,28,2.216413147449493,-5.03546962593541,-4.593235206604004
83,do,0.05,0.0,21,1.2439654374122622,-4.965157935113618,-4.6739453819062975
83,pp,0.05,0.0,34,1.729143382310868,-5.196175342617613,-4.791778908835517
84,do,0.05,0.0,33,1.9211228156089781,-6.228966348821467,-5.023614067501492
84,pp,0.05,0.0,14,1.3359535121917725,-4.911249429529364,-4.444416284561157
84,do,0.05,0.0,26,1.618898140192032,-6.2233953302556815,-5.364647364616394
84,pp,0.05,0.0,19,1.1256741070747376,-6.784675496997255,-5.822028703159756
85,do,0.05,0.0,17,1.116227425336838,-5.1359740734100345,-4.4989125238524545
85,pp,0.05,0.0,70,1.4741873395442964,-6.165015214862246,-5.813247752189636
85,do,0.05,0.0,16,0.8563742887973786,-5.627158380277229,-4.995356271002028
85,pp,0.05,0.0,17,0.9712691497802739,-5.264369520996556,-4.621929144859314
86,do,0.05,0.0,51,1.7440261542797089,-7.378521368720315,-6.198387315538194
86,pp,0.05,0.0,55,0.9747446906566619,-5.04127569921089,-4.74711962805854
86,do,0.05,0.0,53,1.8731101191043846,-6.711927198641228,-5.891871854994032
86,pp,0.05,0.0,69,1.1057804477214814,-5.269432379982688,-4.932162483533223
87,do,0.05,0.0,23,1.6603891193866733,-7.18056546124545,-5.587284480200873
87,pp,0.05,0.0,70,2.165359306335449,-6.263316330765233,-5.890982336468166
87,do,0.05,0.0,17,1.3078969526290898,-6.301702454595855,-5.616636289490594
87,pp,0.05,0.0,11,1.370241068601608,-4.763994706760753,-4.2178526798884075
88,do,0.05,0.0,32,1.4142533648014064,-6.434828748125018,-5.533469971021017
88,pp,0.05,0.0,37,1.9603510499000558,-6.795116058985392,-5.431553837988112
88,do,0.05,0.0,37,1.924693840742111,-6.545611115657922,-5.691570613119337
88,pp,0.05,0.0,21,1.8847255277633668,-5.6593441052870315,-4.72982386747996
89,do,0.05,0.0,68,0.5040658473968502,-7.531251176198324,-6.6556166728337605
89,pp,0.05,0.0,26,2.118784762620926,-7.173347474589493,-5.790568733215332
89,do,0.05,0.0,70,0.9913908040523527,-7.0723426472057,-6.464207233322991
89,pp,0.05,0.0,20,1.5577587270736704,-6.3758532408512,-5.381413645214504
90,do,0.05,0.0,54,2.1955576443672173,-6.888348213831583,-6.20652719868554
90,pp,0.05,0.0,13,1.5416899931430814,-4.854635683695475,-4.407524738046858
90,do,0.05,0.0,27,2.7532955026626578,-4.609643028721665,-4.352657598919339
90,pp,0.05,0.0,11,0.856516048908234,-5.090822763154001,-4.587950211101108
91,do,0.05,0.0,66,2.2401566457748423,-6.531197708303278,-5.527440759870741
91,pp,0.05,0.0,22,1.8104144656658177,-4.8410477681593465,-4.4562411493725245
91,do,0.05,0.0,38,1.5216113805770881,-8.185697294004036,-6.032044879595438
91,pp,0.05,0.0,34,2.359459822177886,-5.006989279660312,-4.676090582211812
92,do,0.05,0.0,70,3.6761070513725294,-10.760318360184177,-8.275211466683281
92,pp,0.05,0.0,34,2.6292508053779597,-7.140262466488463,-5.543459264437358
92,do,0.05,0.0,43,4.300849567651748,-8.99950779279073,-6.8232973178227745
92,pp,0.05,0.0,70,2.152075256109237,-9.56532102209149,-8.78316420449151
93,do,0.05,0.0,30,1.0056934607028971,-7.907521323001746,-6.875001862314012
93,pp,0.05,0.0,11,1.6006516206264498,-4.960951283483794,-4.20293861495124
93,do,0.05,0.0,67,1.9393698453903196,-6.121013764179114,-5.641711281405555
93,pp,0.05,0.0,11,1.6514662992954259,-4.652608307925138,-3.943493068218231
94,do,0.05,0.0,48,2.0469889295101167,-5.283099385463831,-4.919967447386847
94,pp,0.05,0.0,70,4.066889054775237,-6.332106993415139,-5.6870826800664265
94,do,0.05,0.0,37,2.468331806659698,-4.554917289271499,-4.2182858228683475
94,pp,0.05,0.0,61,3.095464580059052,-6.913408590085579,-6.146577260229322
95,do,0.05,0.0,23,2.3172770428657525,-5.486679854537502,-4.934971340497335
95,pp,0.05,0.0,41,2.6658783233165737,-6.896044223958795,-5.845568977461921
95,do,0.05,0.0,21,1.5225190663337713,-5.647561688856645,-5.184165684382121
95,pp,0.05,0.0,22,2.284525384902955,-5.388752217726274,-4.692895544899835
96,do,0.05,0.0,35,1.8618881511688237,-4.603534897890958,-3.962569068537818
96,pp,0.05,0.0,60,2.3337120783329013,-6.075405937252623,-5.657420010036892
96,do,0.05,0.0,70,1.8771542024612424,-5.460214171265111,-4.896041682031419
96,pp,0.05,0.0,70,2.1634682416915894,-6.1336528835874615,-5.727484175893996
97,do,0.05,0.0,46,3.4962249064445503,-5.8831085494070345,-5.1485607597563
97,pp,0.05,0.0,27,3.7688436532020564,-5.3526892893242115,-4.760069844457838
97,do,0.05,0.0,34,2.3545100259780884,-6.2861350464098384,-5.587862179014418
97,pp,0.05,0.0,27,3.2982779073715216,-5.119792441165808,-4.506568237145742
98,do,0.05,0.0,47,3.8974101138114934,-6.275825460029371,-5.50832228395674
98,pp,0.05,0.0,48,2.8432019746303565,-5.8523379109122535,-5.119467658466763
98,do,0.05,0.0,45,3.032777422666549,-5.731782391577056,-5.022239153914981
98,pp,0.05,0.0,70,2.709375116825103,-5.845492176576094,-4.862273237440321
99,do,0.05,0.0,37,1.7816791629791267,-5.493230261947169,-5.400033741527134
99,pp,0.05,0.0,24,2.5753885614871983,-6.191013487902555,-5.402251172065735
99,do,0.05,0.0,64,2.2608127236366267,-6.156033052097667,-5.787539307276408
99,pp,0.05,0.0,16,1.9963229298591614,-6.078372159148707,-5.194573452737596
100,do,0.05,0.0,39,1.706730526685714,-8.25609780513879,-7.52269905143314
100,pp,0.05,0.0,61,2.735904153585434,-5.85059481678587,-5.083419826295641
100,do,0.05,0.0,36,1.4544516706466677,-8.066948520775997,-7.283381546868219
100,pp,0.05,0.0,32,2.566558297872544,-5.059710574872566,-4.507913430531819
101,do,0.05,0.0,62,2.1426658463478088,-7.956270050280022,-7.884585920969645
101,pp,0.05,0.0,47,2.6678383076190952,-7.407003370920817,-6.152015466160244
101,do,0.05,0.0,54,1.7764491760730747,-7.281224856232152,-7.588974067899916
101,pp,0.05,0.0,70,2.3127629184722895,-6.59597789591009,-5.5816478331883745
102,do,0.05,0.0,27,2.1346959161758425,-7.024274223501032,-5.6079227315055
102,pp,0.05,0.0,70,3.3123103940486898,-5.217971554669467,-4.736034021112654
102,do,0.05,0.0,66,2.9459205961227415,-10.072456913283377,-8.397917800479465
102,pp,0.05,0.0,60,3.0675896871089945,-5.697271427963719,-4.539981900321113
103,do,0.05,0.0,31,0.5439542186260224,-8.344805396686901,-8.056140194998846
103,pp,0.05,0.0,51,3.0373043787479395,-4.879652988549434,-4.432795544465383
103,do,0.05,0.0,58,1.8641710424423223,-9.464174257625233,-8.479671963055928
103,pp,0.05,0.0,60,3.2897941112518305,-5.3807431567798965,-4.572047413720025
104,do,0.05,0.0,16,1.2286182320117947,-5.730639852177013,-5.140403490596348
104,pp,0.05,0.0,49,2.5471889638900755,-5.442725964748498,-4.5944509135352245
104,do,0.05,0.0,13,1.6767836892604828,-5.170398501193884,-4.653233199649387
104,pp,0.05,0.0,46,2.386038818359375,-5.944978068091652,-4.554479426807827
105,do,0.05,0.0,42,1.9966334295272823,-9.547702166528413,-8.723140430450439
105,pp,0.05,0.0,38,2.3520323038101187,-6.224023723602295,-5.678520401318868
105,do,0.05,0.0,27,2.0053239655494695,-7.916658414493908,-7.203778860304091
105,pp,0.05,0.0,33,2.216674901247025,-5.738681301926121,-5.251194564501445
106,do,0.05,0.0,70,2.3753585362434375,-5.8745711557792895,-5.881148158179389
106,pp,0.05,0.0,57,2.2019849157333375,-4.900228906400276,-4.467837715148926
106,do,0.05,0.0,70,2.3375576019287108,-6.613311822486646,-5.915006791220771
106,pp,0.05,0.0,55,2.2183089590072633,-4.902120525186712,-4.5448994636535645
107,do,0.05,0.0,62,2.4609464502334584,-7.782095610011708,-7.879016987482706
107,pp,0.05,0.0,26,3.256949015855789,-5.869547679207542,-5.103578440348307
107,do,0.05,0.0,26,2.416687498092651,-6.383229887124264,-5.875076733695137
107,pp,0.05,0.0,32,3.2629713559150693,-6.285088007377856,-5.53092471493615
108,do,0.05,0.0,18,1.188473976850509,-6.079294694553722,-5.541228148672316
108,pp,0.05,0.0,33,2.6663591825962065,-4.672006245815393,-3.924400970670912
108,do,0.05,0.0,29,1.6126355433464052,-6.846162728107337,-5.787142803933885
108,pp,0.05,0.0,43,2.579362686872482,-6.612737347862938,-5.212581634521484
109,do,0.05,0.0,4,-0.18143682003021233,-6.066267854517156,-5.24122167163425
109,pp,0.05,0.0,26,2.2669469916820537,-8.133094409017852,-6.331055967013041
109,do,0.05,0.0,6,0.1146660983562473,-5.96772387677973,-5.199778482649061
109,pp,0.05,0.0,19,2.4410243964195253,-5.332571470376217,-4.195444108380212
110,do,0.05,0.0,70,3.767203936576844,-8.373366290872747,-7.192382944954766
110,pp,0.05,0.0,67,1.8799690496921535,-8.199734157504457,-7.0561553902096215
110,do,0.05,0.0,68,3.3859463620185863,-10.744471302899447,-9.32101350095537
110,pp,0.05,0.0,32,1.422291626930237,-8.104941921523123,-7.442409637239244
111,do,0.05,0.0,53,2.8980448305606847,-6.104526256792473,-4.842940684159597
111,pp,0.05,0.0,47,2.809441595077514,-4.571292898871682,-4.1527744266721935
111,do,0.05,0.0,70,2.039527648687362,-7.405217608538541,-6.02092907693651
111,pp,0.05,0.0,57,3.157452708482742,-5.885802399028432,-4.830856206681993
112,do,0.05,0.0,59,3.2497540903091426,-9.683694251378377,-7.503150574366251
112,pp,0.05,0.0,35,2.7287971091270444,-7.384542735417684,-5.502126362588671
112,do,0.05,0.0,47,2.1875784301757815,-9.054977879379734,-7.064699705441793
112,pp,0.05,0.0,30,3.0503393125534055,-7.064042761831573,-5.338106812371148
113,do,0.05,0.0,70,2.7760559916496277,-7.728962886694706,-6.007644478480021
113,pp,0.05,0.0,9,1.4121684217453003,-5.50493496837038,-4.594435909059313
113,do,0.05,0.0,70,2.438420268297195,-8.955691557219534,-7.479522524939643
113,pp,0.05,0.0,23,1.8909861779212953,-6.396550489194466,-5.202415015962389
114,do,0.05,0.0,39,2.8594648718833913,-6.894046870144931,-5.971608083777958
114,pp,0.05,0.0,51,3.648122313022613,-6.268176002213449,-5.494878543747796
114,do,0.05,0.0,36,2.6761728787422188,-8.433685279614998,-7.570223175154792
114,pp,0.05,0.0,70,3.2312150049209603,-6.883140589974143,-5.88810297648112
115,do,0.05,0.0,44,3.139333750009536,-6.3011100682345305,-5.214796943134732
115,pp,0.05,0.0,19,2.1926242423057554,-5.4068378130594885,-4.579869082238939
115,do,0.05,0.0,70,2.3101468718051903,-7.083711903022997,-6.59382738272349
115,pp,0.05,0.0,25,2.8131447219848624,-5.69117709795634,-4.837007339795431
116,do,0.05,0.0,70,2.7557498192787167,-7.235031143824259,-5.343742100397746
116,pp,0.05,0.0,70,2.349766194820405,-6.317821349519672,-5.8535204198625355
116,do,0.05,0.0,70,2.3523690295219426,-7.281215991395893,-5.754135651058621
116,pp,0.05,0.0,70,2.546600732803345,-6.122032399611039,-5.821583043204414
117,do,0.05,0.0,26,2.3537436223030097,-6.169879109931714,-4.66859933535258
117,pp,0.05,0.0,43,4.16472536444664,-5.773835955244122,-4.930670362048679
117,do,0.05,0.0,44,2.919987876415253,-8.79663332158869,-7.658351431952583
117,pp,0.05,0.0,59,4.697327361106873,-6.259909017158277,-5.155054142740037
118,do,0.05,0.0,59,2.370869839191437,-10.181584898630778,-8.561281633377074
118,pp,0.05,0.0,32,2.2981717002391804,-6.434173514626243,-5.39525961611006
118,do,0.05,0.0,66,3.3505254721641533,-8.905249839840513,-7.132944620980156
118,pp,0.05,0.0,59,3.0860396480560297,-6.8672806046225805,-5.818031949467129
119,do,0.05,0.0,58,2.491919786930085,-7.963054984988588,-7.243673218621148
119,pp,0.05,0.0,28,3.109104691743851,-5.188538360595703,-4.288194519943661
119,do,0.05,0.0,41,3.7811714887619017,-7.012907503590439,-5.968766922420926
119,pp,0.05,0.0,24,2.8706408584117886,-5.5712348345554235,-4.614640833271874
120,do,0.05,0.0,70,2.08505588531494,-7.464907708312526,-6.50810707145267
120,pp,0.05,0.0,35,2.0126816248893746,-7.099225856318618,-6.401667208141751
120,do,0.05,0.0,70,1.9593438744544986,-10.64819307905255,-9.674031824535794
120,pp,0.05,0.0,65,2.460180070400238,-7.1817142992308645,-6.281456017494202
121,do,0.05,0.0,39,1.5941685676574702,-5.56370279861219,-5.1666419506073
121,pp,0.05,0.0,30,1.6466675162315374,-4.884698749311043,-4.72722741232978
121,do,0.05,0.0,70,2.6589331138134007,-5.314656415130153,-5.1874875783920285
121,pp,0.05,0.0,31,1.5384650421142574,-5.786700609958533,-5.148737790849474
122,do,0.05,0.0,70,1.810182949304581,-10.856786170150295,-9.12625502480401
122,pp,0.05,0.0,37,2.610646051168442,-5.403155400536277,-4.900299013985528
122,do,0.05,0.0,70,1.9776459670066835,-12.309042203787602,-10.35582938194275
122,pp,0.05,0.0,41,2.816186190843582,-4.779765120419589,-4.308833009666866
123,do,0.05,0.0,18,1.210844939947128,-5.592474941773848,-5.084813258383009
123,pp,0.05,0.0,24,2.63373400092125,-5.1038070519765215,-4.521947277916802
123,do,0.05,0.0,26,2.23029228925705,-5.514995781580607,-5.3328635507159765
123,pp,0.05,0.0,27,2.7949036836624144,-4.591518904946067,-4.180451247427198
124,do,0.05,0.0,70,0.8713998055458063,-7.672359910155787,-6.6392123566733465
124,pp,0.05,0.0,29,1.8531310796737674,-5.861958050005364,-5.164995662371317
124,do,0.05,0.0,15,1.2975184774398807,-4.653842158751054,-4.261509663528866
124,pp,0.05,0.0,29,1.870391262769699,-5.1258752230441935,-4.581712002224393
125,do,0.05,0.0,64,2.7543361949920655,-7.905814529187752,-7.038217075665792
125,pp,0.05,0.0,19,1.7727753007411957,-4.872193187655824,-4.314350260628594
125,do,0.05,0.0,70,2.757746345996857,-9.560428170001869,-8.587162454922995
125,pp,0.05,0.0,21,1.8845032835006714,-4.990241215445779,-4.309211977322897
126,do,0.05,0.0,70,2.917267391681671,-5.720486132303874,-5.1351378864712185
126,pp,0.05,0.0,47,2.5921647715568534,-4.6223741256829465,-4.137910942236583
126,do,0.05,0.0,70,2.6775844609737396,-5.914811683423592,-5.512684448560079
126,pp,0.05,0.0,39,1.9840556943416594,-4.399128786000339,-3.9361548092630176
127,do,0.05,0.0,20,1.7965035390853883,-4.603683909502896,-4.166086898909675
127,pp,0.05,0.0,33,3.4954846739768985,-5.559749489119558,-5.0114158047570125
127,do,0.05,0.0,22,1.7438125491142271,-4.380925338918512,-4.072549568282233
127,pp,0.05,0.0,23,2.980565303564072,-4.760052248925874,-4.320285410351223
128,do,0.05,0.0,70,1.267961968183517,-7.36322549906644,-6.556369733810425
128,pp,0.05,0.0,18,1.6552730643749234,-4.905607424360333,-4.168018081453112
128,do,0.05,0.0,40,1.5425410747528074,-6.935414467435894,-6.171404676967197
128,pp,0.05,0.0,23,1.7293555629253383,-6.079209888342655,-5.207723479800754
129,do,0.05,0.0,70,1.2888839101791376,-8.270728330901175,-7.621874483426412
129,pp,0.05,0.0,50,2.6551625609397895,-6.741359376907349,-5.755008411407471
129,do,0.05,0.0,66,2.244632046222687,-7.381921878005519,-7.048411464691162
129,pp,0.05,0.0,19,2.3040882313251503,-5.2193709474621395,-4.661246180534363
130,do,0.05,0.0,14,1.0026851868629452,-5.82869912927801,-5.284290673997667
130,pp,0.05,0.0,11,1.0609894251823428,-5.297187912102902,-4.759381537967258
130,do,0.05,0.0,48,1.4666354143619529,-13.44962954376683,-12.665887048509386
130,pp,0.05,0.0,13,1.1521598768234256,-5.889994942058216,-5.260879264937507
131,do,0.05,0.0,14,-0.2527690517902377,-6.132384272777673,-5.193899321556091
131,pp,0.05,0.0,24,1.6251265764236447,-4.459243437738129,-4.000668190585243
131,do,0.05,0.0,28,0.7663857543468477,-6.287866999886253,-5.676276167233785
131,pp,0.05,0.0,27,1.7143913114070886,-4.581337330558084,-4.170602904425727
132,do,0.05,0.0,36,2.4394656550884246,-8.241985529119319,-7.108613008923001
132,pp,0.05,0.0,28,2.898762220144272,-7.988138372247869,-6.15177325937483
132,do,0.05,0.0,24,2.287004960775376,-4.7177418795498935,-4.198191208309598
132,pp,0.05,0.0,70,2.863923786878585,-9.141525400046147,-7.267589889632331
133,do,0.05,0.0,45,0.9118941366672519,-7.719658676783244,-6.6992102967368234
133,pp,0.05,0.0,21,2.3472160804271693,-5.132218278538097,-4.314544161160787
133,do,0.05,0.0,16,1.543759481906891,-4.736678039666378,-4.351190796163347
133,pp,0.05,0.0,22,2.044448144435883,-6.5636922923001375,-5.195278445879619
134,do,0.05,0.0,24,2.1686867356300352,-4.348517097126354,-4.128091376357609
134,pp,0.05,0.0,70,3.023870112895966,-6.964337898023201,-6.633821545706855
134,do,0.05,0.0,40,2.4577688729763043,-7.145162304964932,-6.682353795899285
134,pp,0.05,0.0,43,2.346036174297333,-6.153379698955652,-5.607892897393969
135,do,0.05,0.0,35,1.4150049459934237,-7.47633333495169,-6.874916632970174
135,pp,0.05,0.0,58,2.3089007973670945,-8.203656975428263,-7.2108809153238935
135,do,0.05,0.0,66,1.1903449690341947,-9.014497492530129,-8.190945455763075
135,pp,0.05,0.0,39,2.4989107751846316,-7.289857826810895,-6.346306403477986
136,do,0.05,0.0,24,1.2742076313495634,-4.740531807234793,-4.341362436612447
136,pp,0.05,0.0,31,2.1473174345493318,-4.442397890668927,-4.306002831459045
136,do,0.05,0.0,50,1.672225408554076,-5.279297732584404,-4.929220048586528
136,pp,0.05,0.0,70,2.091332166194915,-5.763956069946289,-5.433540097872416
137,do,0.05,0.0,26,1.7653591382503508,-5.830583549268318,-5.234130679236518
137,pp,0.05,0.0,32,3.583163944482803,-5.27497800913724,-4.765889057848189
137,do,0.05,0.0,22,1.9263370227813725,-5.410385347135139,-4.5596573803159925
137,pp,0.05,0.0,34,3.4664992129802705,-4.731922015276822,-4.326898117860158
138,do,0.05,0.0,37,3.058679244518281,-5.1438903577399975,-4.738979676034716
138,pp,0.05,0.0,27,2.4951492536067965,-6.198691253951101,-5.568061870998807
138,do,0.05,0.0,39,3.5695854830741887,-5.022418285138679,-4.746637344360352
138,pp,0.05,0.0,59,3.1168911719322203,-6.7261469812104195,-6.080054529507955
139,do,0.05,0.0,18,1.821415870189666,-4.2318466374368375,-3.755512781937917
139,pp,0.05,0.0,26,2.485442131757736,-4.954257027308146,-4.537267378966013
139,do,0.05,0.0,21,2.3818107199668885,-4.339708763180357,-4.089701984988318
139,pp,0.05,0.0,26,2.986172806024552,-5.897241458025846,-5.159908519850837
140,do,0.05,0.0,16,1.192284692525864,-4.900694111621741,-4.581637612978617
140,pp,0.05,0.0,29,2.4330589485168455,-5.748070456764915,-5.121758802731832
140,do,0.05,0.0,15,1.446220700740814,-4.607991378957575,-4.429900010426839
140,pp,0.05,0.0,62,2.6483667957782746,-6.085239248564749,-5.515593030717638
141,do,0.05,0.0,54,1.7655991280078878,-5.883334547100645,-5.801021875275506
141,pp,0.05,0.0,37,2.4103041887283325,-4.818312853032892,-4.396425035264757
141,do,0.05,0.0,45,2.0314804446697234,-5.531500323613485,-5.71286076704661
141,pp,0.05,0.0,47,1.6669992542266838,-5.578253496054447,-5.293266081809998
142,do,0.05,0.0,26,1.6768866562843323,-6.920289013602517,-5.9432106177012125
142,pp,0.05,0.0,37,2.6594255685806276,-4.758304093100808,-4.440468223889669
142,do,0.05,0.0,34,1.793321688175201,-9.311134741523048,-7.532071373197767
142,pp,0.05,0.0,70,3.3887299716472628,-5.065570741711241,-4.598716468281216
143,do,0.05,0.0,23,1.8373397588729858,-5.80300280975573,-6.091388440132141
143,pp,0.05,0.0,35,3.1643237745761876,-5.451233132680257,-4.750530770089891
143,do,0.05,0.0,46,2.562827405929564,-6.835285900578354,-7.652612262301975
143,pp,0.05,0.0,32,3.069084702730178,-4.971059773185036,-4.503659009933472
144,do,0.05,0.0,31,1.0996739685535442,-7.266889728199352,-6.39822076956431
144,pp,0.05,0.0,35,2.336756789684296,-4.733056965741244,-4.1593406915664675
144,do,0.05,0.0,42,1.9967858994007113,-5.88455255392826,-5.779865055614048
144,pp,0.05,0.0,57,2.5229376935958863,-4.8246128096725,-4.371497231059604
145,do,0.05,0.0,70,2.7780916035175327,-7.698655369787505,-7.3906501955456205
145,pp,0.05,0.0,26,2.042641142606736,-5.322259690544822,-4.7293548398547705
145,do,0.05,0.0,70,2.536735562086104,-9.042397947022408,-8.333235891660054
145,pp,0.05,0.0,31,1.9350664699077607,-5.334590515945897,-4.839822599622939
146,do,0.05,0.0,57,2.3300163745880127,-5.130850115689364,-5.079848358366225
146,pp,0.05,0.0,70,2.3949782693386084,-5.468299250169234,-5.234337626563178
146,do,0.05,0.0,43,2.167255606651306,-4.801071327382868,-4.540277894337972
146,pp,0.05,0.0,70,2.739438830614091,-5.4309143774437185,-5.22198027504815
147,do,0.05,0.0,22,2.2777908468246464,-5.721027320804018,-4.893267501725091
147,pp,0.05,0.0,25,3.2004009616374978,-4.936589343620069,-4.468784223662483
147,do,0.05,0.0,26,2.0727547752857207,-5.393319924672444,-4.878968344794379
147,pp,0.05,0.0,25,2.6381754624843605,-5.096865133805708,-4.557072708341811
148,do,0.05,0.0,68,1.7672382318973545,-7.270334791414665,-7.987023056877984
148,pp,0.05,0.0,16,1.5900440216064453,-5.911399828303944,-4.678000693851047
148,do,0.05,0.0,49,1.636952277421952,-7.291767150705511,-6.972259336047703
148,pp,0.05,0.0,29,2.086309930086136,-5.3441772475387115,-4.546644136640761
149,do,0.05,0.0,31,1.819614279270171,-8.17068693710096,-8.71239615811242
149,pp,0.05,0.0,54,2.175973204374313,-7.737744858770659,-6.162926581170824
149,do,0.05,0.0,42,2.8977907598018646,-7.041324323596377,-8.091217597325643
149,pp,0.05,0.0,22,2.8296463692188265,-5.017963051073479,-4.420409716500176
150,do,0.05,0.0,70,2.8320737886428837,-9.334502795248321,-8.259938722186618
150,pp,0.05,0.0,13,1.5132532954216007,-5.607220068844882,-5.0197082678476965
150,do,0.05,0.0,70,2.436585114002227,-9.549311213059859,-8.895375564363267
150,pp,0.05,0.0,17,1.7512471175193784,-6.145125329855716,-5.428987121582031
151,do,0.05,0.0,28,0.7800284051895137,-6.298809782663981,-5.028142958217197
151,pp,0.05,0.0,25,1.6223900496959685,-4.499524051492864,-4.117967780431112
151,do,0.05,0.0,43,0.38572381734848094,-8.222754183682529,-6.5354840914408365
151,pp,0.05,0.0,24,1.4165163564682013,-4.945539442698161,-4.2744951592551335
152,do,0.05,0.0,70,2.0029625105857836,-10.541181827313972,-8.201729170481364
152,pp,0.05,0.0,70,2.874821195602417,-9.476014104033961,-7.187364069620768
152,do,0.05,0.0,47,2.922541180849076,-8.131484215187305,-6.5365777916378445
152,pp,0.05,0.0,51,2.9333933794498446,-8.389445695010098,-6.382779002189636
153,do,0.05,0.0,40,1.53290850996971,-7.547845489328558,-6.5602928426530625
153,pp,0.05,0.0,38,1.8551576197147366,-7.726497033148101,-6.177828579478794
153,do,0.05,0.0,41,1.6199099683761613,-7.923467056679003,-7.038654277059767
153,pp,0.05,0.0,30,2.0355698442459103,-5.48053754604224,-4.40518790880839
154,do,0.05,0.0,22,2.1533352422714236,-4.903471107193918,-4.710250997543335
154,pp,0.05,0.0,70,2.804181282520293,-6.474454732374712,-6.35034363799625
154,do,0.05,0.0,66,2.4458323383331306,-8.183197272907604,-7.01101540989346
154,pp,0.05,0.0,37,2.578717576265335,-5.624693883549083,-5.222476124763489
155,do,0.05,0.0,47,2.4169803118705744,-6.160381143743342,-5.539287964502971
155,pp,0.05,0.0,23,2.2713642406463634,-5.6252090945388336,-5.029937985208299
155,do,0.05,0.0,67,2.177091763019561,-7.002242016069816,-6.533834338188171
155,pp,0.05,0.0,36,3.0374368810653687,-6.278604884581132,-5.554989136589898
156,do,0.05,0.0,55,1.7476359915733344,-6.7127083460489905,-5.695619564586216
156,pp,0.05,0.0,59,1.8694257640838625,-6.3697132240642205,-5.992707130644057
156,do,0.05,0.0,70,2.260469110012054,-6.528536196910974,-5.317836479345957
156,pp,0.05,0.0,28,1.8289845228195194,-5.388826984347719,-5.1031750626034205
157,do,0.05,0.0,24,1.7329625856876367,-4.283917343255245,-3.8181432074970667
157,pp,0.05,0.0,36,3.5705296564102182,-5.07513992136175,-4.635804340574476
157,do,0.05,0.0,25,1.8715374565124518,-4.878116327343565,-4.639360132482317
157,pp,0.05,0.0,44,3.285521663427353,-5.560324661659472,-5.005106809404161
158,do,0.05,0.0,36,2.6230502629280084,-4.813354622233998,-4.893048720889621
158,pp,0.05,0.0,33,2.6091504740715026,-6.397723447915279,-5.676898937755161
158,do,0.05,0.0,48,2.5953304386138925,-5.221563888318611,-5.169689745373196
158,pp,0.05,0.0,42,3.3289800775051113,-7.081808484684338,-6.180012742678325
159,do,0.05,0.0,23,1.6600053095817566,-4.059483820019346,-3.916123354434967
159,pp,0.05,0.0,30,2.5381400620937358,-5.719335334951228,-5.1581069231033325
159,do,0.05,0.0,41,2.5869202065467825,-5.232638681296146,-5.343091555436453
159,pp,0.05,0.0,29,2.285785206556321,-5.9075715122800885,-5.188050778706868
160,do,0.05,0.0,19,1.1499321973323822,-5.446589484359279,-4.976512506273058
160,pp,0.05,0.0,28,2.3058360326290126,-5.527145635720455,-4.94570545885298
160,do,0.05,0.0,70,0.6060398042202007,-11.553057396050656,-8.738024520874024
160,pp,0.05,0.0,70,1.6255619430541994,-7.142193323193174,-6.391806226306492
161,do,0.05,0.0,46,1.3353258824348453,-6.57588562820897,-6.1017957131067915
161,pp,0.05,0.0,41,2.1615427291393283,-5.5104897484634865,-5.046342269579569
161,do,0.05,0.0,36,2.5378269135951994,-5.643790632305723,-5.677970907423231
161,pp,0.05,0.0,28,1.4113209092617032,-5.613550407236272,-5.178679386774699
162,do,0.05,0.0,15,1.4074817073345178,-5.571381278471513,-5.0090743753645155
162,pp,0.05,0.0,18,1.5841174376010905,-5.445698216467193,-5.0081817600462175
162,do,0.05,0.0,19,1.7574071979522712,-5.667981352950587,-5.23766331937578
162,pp,0.05,0.0,31,2.1968175673484804,-5.538397445100727,-5.10834297604031
163,do,0.05,0.0,43,2.189900040626526,-5.076333683187311,-4.884267270565033
163,pp,0.05,0.0,32,2.859015098810196,-5.358492225589174,-4.225618500179714
163,do,0.05,0.0,32,2.300152283906936,-6.01770138018059,-5.4860437764061825
163,pp,0.05,0.0,33,2.5981476545333866,-5.442316884705515,-4.491117599275377
164,do,0.05,0.0,15,1.091022371053696,-5.700886990807273,-5.617813520961338
164,pp,0.05,0.0,13,1.331245218515396,-4.759923501448198,-4.224818934334649
164,do,0.05,0.0,70,2.4100445604324348,-6.576613129991474,-6.367482569482592
164,pp,0.05,0.0,7,0.5204947280883792,-4.684483655293783,-4.0578903807534115
165,do,0.05,0.0,61,2.0951701033115393,-8.19916293259823,-7.506420087814331
165,pp,0.05,0.0,13,1.5562050330638888,-5.908340166554306,-4.823488023546007
165,do,0.05,0.0,17,1.322548657655716,-5.585926174395012,-5.517498620351156
165,pp,0.05,0.0,12,1.492818801403045,-5.796466454592618,-4.800619967778524
166,do,0.05,0.0,70,1.3838313698768623,-6.696863646940751,-5.785130484898885
166,pp,0.05,0.0,70,1.7371330642700187,-5.958298524220784,-5.127896806928846
166,do,0.05,0.0,70,2.3458856642246246,-5.811390408602628,-5.520629033777449
166,pp,0.05,0.0,36,0.8547214198112485,-5.3472663937192975,-4.715334224700928
167,do,0.05,0.0,70,3.327414166927338,-8.20297074173436,-6.791032147407532
167,pp,0.05,0.0,70,2.3857280385494235,-6.647258427648834,-5.863912261856926
167,do,0.05,0.0,70,2.6458504700660708,-8.342252397537232,-7.148187131351895
167,pp,0.05,0.0,64,2.107098635435105,-5.596642186424949,-4.7600690258873835
168,do,0.05,0.0,50,2.096854656934738,-5.9734442768674905,-4.980135324266222
168,pp,0.05,0.0,19,1.8441975831985475,-4.8719943566755815,-4.063051618470086
168,do,0.05,0.0,51,2.1546695947647088,-7.291954001513394,-6.0181918753518
168,pp,0.05,0.0,48,1.4044117259979245,-6.212177317070238,-4.994495958752102
169,do,0.05,0.0,12,0.5995459580421443,-5.767672567656546,-5.564889330334133
169,pp,0.05,0.0,23,1.9270217096805569,-6.43369573246349,-5.4546481211980185
169,do,0.05,0.0,14,0.7715406227111812,-5.875946882999305,-5.646757941775852
169,pp,0.05,0.0,17,1.1821782541275034,-6.212662484429099,-5.542298412322998
170,do,0.05,0.0,48,3.6197131252288823,-8.075603460543084,-6.783464842372471
170,pp,0.05,0.0,14,1.3650513553619392,-5.623750289281209,-4.853741033871969
170,do,0.05,0.0,40,3.4106203305721294,-8.073008176052209,-7.601031200091044
170,pp,0.05,0.0,25,1.6922399079799657,-5.497284494746815,-4.757560639911228
171,do,0.05,0.0,34,1.4694919252395628,-5.630676583087806,-5.0045264191097685
171,pp,0.05,0.0,33,0.8673178029060367,-5.531890026728312,-4.9526703569624155
171,do,0.05,0.0,38,1.5391633307933805,-5.658028819344261,-5.004053946336111
171,pp,0.05,0.0,23,1.0704851830005646,-5.356704678679957,-4.815157341957092
172,do,0.05,0.0,62,3.6663729798793785,-9.044766501224402,-7.7495791329277885
172,pp,0.05,0.0,21,2.7416031217575076,-6.4037173834714025,-4.980167280303108
172,do,0.05,0.0,70,4.113001918792724,-10.427442247217352,-8.473834424548679
172,pp,0.05,0.0,25,2.649863877296448,-6.910995519522465,-5.5294641388787165
173,do,0.05,0.0,70,3.750443687438965,-5.93774447441101,-5.248933193418715
173,pp,0.05,0.0,20,2.0862618756294253,-5.8946273124579225,-4.744632127549913
173,do,0.05,0.0,51,3.1662985789775844,-4.537875672542688,-4.447046236197154
173,pp,0.05,0.0,13,2.047988617420196,-5.340598379481922,-4.26757210890452
174,do,0.05,0.0,33,3.108964902162552,-4.425981999888565,-4.153685369756487
174,pp,0.05,0.0,69,3.8063983404636375,-5.791472105546431,-5.662344084845649
174,do,0.05,0.0,36,3.259248741865158,-5.578426424662272,-5.465655223528544
174,pp,0.05,0.0,70,3.6011212217807778,-6.23808923923608,-5.913077312045627
175,do,0.05,0.0,17,1.3374353718757623,-5.215220514933268,-4.60061770412657
175,pp,0.05,0.0,22,2.3803343093395233,-5.667039261442242,-4.901931410365634
175,do,0.05,0.0,63,1.7387787294387813,-8.956005477905274,-7.90080025990804
175,pp,0.05,0.0,20,2.2333595287799834,-5.424754258358117,-4.571945052676731
176,do,0.05,0.0,70,2.5726269268989554,-5.687918168848211,-5.112134679158529
176,pp,0.05,0.0,48,2.5456428050994884,-6.210596824414802,-5.6685505575603905
176,do,0.05,0.0,67,2.6565314686298374,-5.192652488477302,-4.847236095534431
176,pp,0.05,0.0,31,2.403908325433731,-4.508290413654212,-4.176262678040398
177,do,0.05,0.0,17,1.9864546346664431,-4.73865046934648,-4.1993323802948
177,pp,0.05,0.0,32,3.309214978218079,-4.467098910880812,-3.946171037356059
177,do,0.05,0.0,20,1.9704658281803127,-4.669516219514789,-4.424676922957103
177,pp,0.05,0.0,23,2.482361748218536,-4.908950194445524,-4.499634061919318
178,do,0.05,0.0,67,3.912163239717483,-6.980063779426343,-6.526156581772698
178,pp,0.05,0.0,44,3.339912353754043,-7.321377077969638,-6.1310422711902195
178,do,0.05,0.0,52,3.667564040422439,-6.7974689888231685,-6.7881824493408205
178,pp,0.05,0.0,22,2.1666230082511913,-7.7677713827653365,-6.212623612085978
179,do,0.05,0.0,35,1.9539308738708492,-6.802704032262167,-6.6930873102611965
179,pp,0.05,0.0,38,2.01979255437851,-6.650710779247862,-5.758407733175489
179,do,0.05,0.0,25,2.3890690362453464,-5.455311223232385,-5.506325859493679
179,pp,0.05,0.0,25,1.807257720232009,-5.420460193807428,-4.739238068792555
180,do,0.05,0.0,53,1.2037931573390956,-9.117624782793449,-7.449939407242669
180,pp,0.05,0.0,18,2.104370768070221,-5.119856270876798,-4.177093389299181
180,do,0.05,0.0,46,1.3403172099590304,-8.953229119560936,-7.457484865188599
180,pp,0.05,0.0,19,1.107625244855881,-5.8789625803629555,-4.89137437608507
181,do,0.05,0.0,56,1.7550925862789164,-6.74227173834136,-6.382916005452474
181,pp,0.05,0.0,70,2.03302673459053,-6.029073280276674,-5.666142193476359
181,do,0.05,0.0,34,1.3200522410869597,-6.048722648620606,-6.0985365019904245
181,pp,0.05,0.0,70,1.389951232671737,-6.72821620016387,-6.1759430011113485
182,do,0.05,0.0,44,1.928496297597884,-7.563655864831173,-5.910534172587925
182,pp,0.05,0.0,34,2.742664774656297,-5.100379524808941,-4.614328616195255
182,do,0.05,0.0,62,1.8934966146945955,-9.486118188048854,-8.007328462600707
182,pp,0.05,0.0,36,2.0564852881431577,-5.661395627802069,-4.984748204549153
183,do,0.05,0.0,56,2.1107585370540614,-6.168913612943707,-5.52928023868137
183,pp,0.05,0.0,31,2.406311897039413,-6.78704770117095,-5.4436686727735735
183,do,0.05,0.0,53,1.8279632735252376,-7.373022130041411,-6.966631690661113
183,pp,0.05,0.0,37,2.3059947741031657,-6.5982040145180445,-5.478320384025574
184,do,0.05,0.0,70,2.7408719003200526,-6.746580856496638,-5.608622622489929
184,pp,0.05,0.0,16,1.5854527056217194,-4.8715737732973965,-4.241721406247881
184,do,0.05,0.0,46,1.3361475944519032,-6.94504538304878,-6.025611639022827
184,pp,0.05,0.0,11,0.9940779232978816,-5.0604921817779545,-4.389365001519521
185,do,0.05,0.0,30,2.7672118782997135,-6.660914194222652,-5.3579425944222345
185,pp,0.05,0.0,21,1.7479314279556277,-4.534734876228101,-4.09110226366255
185,do,0.05,0.0,26,2.4729932653903957,-6.795238678383105,-5.561522907680935
185,pp,0.05,0.0,23,1.7293954408168792,-4.766900618871053,-4.277512608634101
186,do,0.05,0.0,21,1.0785626792907719,-4.872230100631714,-4.322204724947611
186,pp,0.05,0.0,70,2.903203203678131,-5.013126974394827,-4.777409341600206
186,do,0.05,0.0,29,0.5841959249973296,-6.065433512311993,-5.217373683717516
186,pp,0.05,0.0,24,1.1888126075267786,-4.735998344421387,-4.3718131330278185
187,do,0.05,0.0,70,2.2204415738582606,-8.039205770781546,-6.816233857472738
187,pp,0.05,0.0,70,2.6753959572315216,-4.710588963826497,-4.184488079282972
187,do,0.05,0.0,61,3.001888732910156,-8.278915815642385,-6.659572911262512
187,pp,0.05,0.0,70,2.9849146902561188,-4.647006513133194,-4.078548012839423
188,do,0.05,0.0,31,1.997852363586425,-6.441273588122743,-5.223340129852295
188,pp,0.05,0.0,20,2.262699451446533,-5.166436113010754,-4.41286223994361
188,do,0.05,0.0,33,2.1255681681632996,-5.345852409709583,-4.597658565309312
188,pp,0.05,0.0,37,2.7267998528480533,-6.029711996425282,-4.748723242017958
189,do,0.05,0.0,70,1.3856835341453557,-8.567565490260268,-7.078108117315504
189,pp,0.05,0.0,18,1.9411574101448057,-5.914570093154907,-4.920578079753452
189,do,0.05,0.0,68,1.6729624795913693,-7.211713754769527,-6.21613318655226
189,pp,0.05,0.0,13,1.8226103937625888,-4.4927644614017375,-3.9941816091537476
190,do,0.05,0.0,28,2.7845859360694893,-5.521912421602192,-5.064642975065444
190,pp,0.05,0.0,13,0.9361267626285548,-6.016770529024528,-5.261669431792365
190,do,0.05,0.0,35,3.05105547785759,-5.980309898203069,-5.483362256156074
190,pp,0.05,0.0,18,1.4944693410396575,-6.7668146538011955,-5.945633069674174
191,do,0.05,0.0,66,1.7661861205101008,-7.969971399596243,-6.705004654990303
191,pp,0.05,0.0,34,1.871098506450653,-5.6421382123773745,-4.998803432782491
191,do,0.05,0.0,70,1.4926419866085041,-7.565858621308298,-6.139279654290941
191,pp,0.05,0.0,37,2.0696187579631804,-6.096568444280914,-5.209905997912089
192,do,0.05,0.0,54,3.6462808275222773,-9.581566549069954,-8.017885859807333
192,pp,0.05,0.0,23,2.644416725635529,-7.297381419846506,-5.447342316309611
192,do,0.05,0.0,53,3.713499510288239,-10.341827993681937,-8.277432690726386
192,pp,0.05,0.0,30,2.7029515135288245,-6.0788747050545435,-4.696862275070615
193,do,0.05,0.0,27,2.226457667350769,-4.791418393452962,-4.3677574078241985
193,pp,0.05,0.0,17,1.8080785346031192,-5.671835834329778,-4.518630139032999
193,do,0.05,0.0,52,2.758001217842102,-7.124099790688717,-5.853489995002747
193,pp,0.05,0.0,17,2.0287122333049776,-5.012492814208522,-4.033537024921841
194,do,0.05,0.0,44,2.949410859346391,-6.425374854694713,-5.416745564672682
194,pp,0.05,0.0,63,3.2687660300731665,-6.613644289247917,-6.249720271428426
194,do,0.05,0.0,50,2.786727739572525,-7.1833821961374,-5.9327224890391035
194,pp,0.05,0.0,42,2.5984193313121793,-6.012410347389452,-5.489317968156603
195,do,0.05,0.0,67,3.1512726509571074,-6.632622428373857,-5.094006935755412
195,pp,0.05,0.0,44,1.968744673728942,-7.091240945006862,-6.049495993720161
195,do,0.05,0.0,70,2.6912962365150452,-6.294679935050733,-5.193265268537734
195,pp,0.05,0.0,18,1.7935762810707088,-6.035509953354344,-5.178804010815091
196,do,0.05,0.0,34,2.2154743039608,-4.393864867181489,-3.9651367916001212
196,pp,0.05,0.0,47,2.7289349913597114,-4.321610448577188,-4.011414700084263
196,do,0.05,0.0,36,1.6252003324031827,-4.666640824982614,-4.365806923972236
196,pp,0.05,0.0,70,2.0153628003597257,-6.208623192527077,-5.539990162849426
197,do,0.05,0.0,31,3.00524312376976,-6.057608118924228,-5.0662754721111725
197,pp,0.05,0.0,50,4.424340640306472,-5.516153534975919,-4.758404824468824
197,do,0.05,0.0,41,3.2273851120471964,-7.125504953211004,-5.535702959696452
197,pp,0.05,0.0,38,3.572138404846191,-4.7327332655588785,-4.250734017954932
198,do,0.05,0.0,38,3.169548182487487,-6.7145862261454266,-5.636707637045118
198,pp,0.05,0.0,33,2.983538815975189,-6.479020689473008,-5.084378695487976
198,do,0.05,0.0,70,3.768465726375579,-8.49989688613198,-7.028244958983527
198,pp,0.05,0.0,30,3.1577028465270995,-5.116671748594804,-4.540761253568861
199,do,0.05,0.0,26,1.9180003023147583,-4.461717799215606,-4.090272858407762
199,pp,0.05,0.0,18,2.5421349823474895,-4.963615212295995,-4.432836275630527
199,do,0.05,0.0,34,2.484032891988754,-5.7776791471423525,-4.942795652813381
199,pp,0.05,0.0,17,2.4198683977127082,-4.896669389262344,-4.300765196482341
200,do,0.05,0.0,34,1.6047494554519641,-6.8030027534022475,-6.733347868919372
200,pp,0.05,0.0,15,1.7389882338047027,-5.064044423536821,-4.409620380401611
200,do,0.05,0.0,70,0.9623046314716337,-8.220289702848955,-8.552421585718792
200,pp,0.05,0.0,12,1.150281796455384,-5.501611633011789,-4.617739547623528
201,do,0.05,0.0,18,0.7380576646327972,-5.755059567364779,-5.505451120270623
201,pp,0.05,0.0,56,2.2403263509273517,-5.715648386695168,-5.614441764354706
201,do,0.05,0.0,70,1.71574644446373,-7.381951531496915,-7.362449540032281
201,pp,0.05,0.0,38,1.5191218852996826,-6.216823180516561,-5.444016639391581
202,do,0.05,0.0,15,1.090616998672485,-5.8099243713147715,-5.548353377978007
202,pp,0.05,0.0,31,1.6065821552276613,-8.239227685061367,-7.179684919781155
202,do,0.05,0.0,19,1.7888363087177277,-6.296025611415054,-5.5915224817064075
202,pp,0.05,0.0,26,1.7845916473865513,-7.071046171766339,-5.87744091881646
203,do,0.05,0.0,34,0.49233174085617026,-7.570045280456543,-7.092637880643209
203,pp,0.05,0.0,20,1.7081517887115476,-6.46492997082797,-5.079150981373257
203,do,0.05,0.0,50,1.8471456897258758,-6.494618048812404,-6.627755199538337
203,pp,0.05,0.0,30,1.4812437522411335,-7.1051760427879564,-5.913972444004482
204,do,0.05,0.0,63,0.8938122797012316,-7.823477294228294,-8.964278671476576
204,pp,0.05,0.0,13,1.128481713533401,-5.469373470364195,-4.9349260330200195
204,do,0.05,0.0,70,1.235371342897416,-9.376641081318711,-8.423631040255229
204,pp,0.05,0.0,12,1.0577433156967162,-5.191446474826697,-4.633999355634054
205,do,0.05,0.0,26,2.4653839838504785,-6.849162669615312,-6.505667673216926
205,pp,0.05,0.0,30,1.7859545636177074,-8.854516059702092,-7.614519413312276
205,do,0.05,0.0,27,1.7894810283184048,-6.910116770773223,-6.3340824868943955
205,pp,0.05,0.0,70,1.881007238626479,-9.12597642956358,-8.544508838653565
206,do,0.05,0.0,29,1.4763989663124075,-6.021902879079183,-5.525172426965502
206,pp,0.05,0.0,70,2.7385599648952486,-5.645043802261353,-4.910307319959005
206,do,0.05,0.0,70,1.6096257519721977,-7.094295744462447,-6.360346060329014
206,pp,0.05,0.0,70,2.508120137453079,-7.005482339859009,-5.932492876052857
207,do,0.05,0.0,70,3.333302109241485,-5.9705821629726525,-5.668641723526848
207,pp,0.05,0.0,25,1.4852032208442694,-6.724943908055623,-5.932979501618279
207,do,0.05,0.0,70,2.9118501305580136,-6.314302630857988,-5.925605289141337
207,pp,0.05,0.0,36,1.8650520062446603,-6.048910242138487,-5.387868483861287
208,do,0.05,0.0,12,0.43412929177284276,-5.199640759554776,-4.547650716039869
208,pp,0.05,0.0,28,2.5203829908370974,-5.790105305296002,-5.022314718034532
208,do,0.05,0.0,70,2.2214325678348548,-6.163979385838364,-5.631748337215847
208,pp,0.05,0.0,14,1.311081820726395,-5.464725859959921,-4.774144877327813
209,do,0.05,0.0,24,1.9685618889331815,-5.927709182103475,-5.1548061715232
209,pp,0.05,0.0,13,0.6827411460876469,-5.034151036811598,-4.337553845511542
209,do,0.05,0.0,13,1.2582570052146913,-5.156517381379099,-4.67046922047933
209,pp,0.05,0.0,59,1.9511866378784175,-5.563491103143403,-5.068342116143969
210,do,0.05,0.0,33,2.8159411036968223,-6.3554810726281366,-5.867352117432488
210,pp,0.05,0.0,14,1.4430753684043882,-5.562552174654874,-5.077336658371819
210,do,0.05,0.0,68,3.4108381307125093,-7.170246703696973,-6.735153484344482
210,pp,0.05,0.0,18,1.8616203892230985,-5.048542959039861,-4.652784217728509
211,do,0.05,0.0,13,-0.5078980135917659,-5.89537425330191,-5.25121189488305
211,pp,0.05,0.0,24,1.3595113861560817,-5.721212885596535,-4.583446725209554
211,do,0.05,0.0,16,0.17791996121406584,-5.8953647815819945,-5.441222792201572
211,pp,0.05,0.0,27,1.337405490875244,-5.797766262112241,-4.905659899446699
212,do,0.05,0.0,19,2.697372245788574,-4.970534953204068,-4.338886658350627
212,pp,0.05,0.0,32,3.284308470487595,-8.762523710366452,-6.438911196920607
212,do,0.05,0.0,44,3.595401722192765,-6.727323547999064,-5.71487901740604
212,pp,0.05,0.0,37,3.081013901233673,-5.761143587574814,-4.6022453599505955
213,do,0.05,0.0,25,1.9680923473834993,-5.095485375144265,-4.51211259232627
213,pp,0.05,0.0,12,1.671496765613555,-5.3962043140873766,-4.567594133483039
213,do,0.05,0.0,25,2.3064844489097602,-4.854317351543542,-4.409537000126309
213,pp,0.05,0.0,13,1.9603409719467164,-5.661461194356282,-4.632589764065212
214,do,0.05,0.0,59,3.1363224267959584,-4.219586721333591,-3.850447568628523
214,pp,0.05,0.0,16,2.3063023662567144,-5.273009201974579,-4.659182988272773
214,do,0.05,0.0,44,2.5373992550373075,-4.681001869837443,-4.262419125768873
214,pp,0.05,0.0,34,2.699610830545425,-5.930102817939989,-5.395652135213216
215,do,0.05,0.0,17,1.7523091971874232,-5.41155811512109,-4.971225712034437
215,pp,0.05,0.0,17,1.7263817524909975,-5.5704045656955605,-4.856772981749641
215,do,0.05,0.0,24,2.147955909967422,-5.968362501895789,-5.454212676154243
215,pp,0.05,0.0,55,2.0533414196968085,-8.080248254718203,-6.465968889660306
216,do,0.05,0.0,70,2.62787407875061,-5.295601997953472,-4.745493284861246
216,pp,0.05,0.0,31,2.189660624265671,-4.418083472685381,-4.11269272963206
216,do,0.05,0.0,51,1.9969553005695344,-4.891202701221813,-4.443246634801229
216,pp,0.05,0.0,38,1.9539005029201508,-4.700528351465861,-4.361715610822042
217,do,0.05,0.0,27,2.16223530292511,-5.464118867931944,-4.796054153972202
217,pp,0.05,0.0,34,4.246388148069381,-6.215511391379616,-5.3686549186706545
217,do,0.05,0.0,37,3.049538301229477,-5.849696877508452,-5.207577530543009
217,pp,0.05,0.0,29,3.4069378542900077,-5.190975239782622,-4.2413662645551895
218,do,0.05,0.0,70,3.2516671895980833,-4.902437189853552,-4.858102181222704
218,pp,0.05,0.0,30,2.2425543415546425,-8.60988285035798,-7.227685729662578
218,do,0.05,0.0,70,4.078146251440048,-6.093043885086522,-5.051875710487366
218,pp,0.05,0.0,70,1.6086596131324775,-10.671761158740882,-8.840776962704128
219,do,0.05,0.0,28,2.1769212245941167,-4.530348555246989,-4.172055684195625
219,pp,0.05,0.0,37,2.930955531597137,-6.013449967991222,-5.282575134436289
219,do,0.05,0.0,48,2.5096536386013035,-5.2583263830705125,-4.88695412211948
219,pp,0.05,0.0,11,1.2259893608093266,-5.241013057304151,-4.446647134092119
