lm,item,hypothesis_id,hypothesis_instance,adaptation_dative,best_lr,best_val_performance,best_epoch,initial_delta,initial_do_pref,initial_do_mean,initial_pp_mean,final_delta,final_do_pref,final_do_mean,final_pp_mean,best_delta,best_do_pref,best_do_mean,best_pp_mean
raw,1,1,1,pp,0.1,1.9682671705881756,36,-0.474534182548523,0.15714285714285714,-7.552437532288687,-7.077903349740165,-0.9650575954573495,0.01,-5.134093640191215,-4.169036044733865,-0.9117632211957659,0.008571428571428572,-5.008588570526668,-4.096825349330902
raw,1,1,1,do,0.1,1.3852813005447393,17,-0.4757090357371739,0.15571428571428572,-7.554828891072955,-7.07911985533578,-1.2219622482572283,0.24714285714285714,-8.273466168131147,-7.051503919873919,-0.9145195255960737,0.07714285714285714,-5.704578736850194,-4.79005921125412
raw,2,1,2,do,0.1,1.9640455039342246,22,-0.4753933443341936,0.15571428571428572,-7.55534652369363,-7.079953179359436,-0.9896203708648682,0.09,-6.449588219778878,-5.45996784891401,-0.6725922400610788,0.08428571428571428,-5.434132413182939,-4.761540173121861
raw,2,1,2,pp,0.1,2.576824544270833,34,-0.47490681512015204,0.15714285714285714,-7.554369374683925,-7.0794625595637735,-1.0681480949265616,0.024285714285714285,-6.663709165709359,-5.595561070782797,-1.1072881722450256,0.017142857142857144,-6.655604315485273,-5.548316143240247
raw,3,1,3,pp,0.1,2.464976765314738,45,-0.4754346343449184,0.15714285714285714,-7.5590182917458675,-7.083583657400949,-1.0278336388724192,0.03428571428571429,-6.322424978188106,-5.294591339315687,-1.0329273400987897,0.037142857142857144,-6.2832180077689035,-5.2502906676701135
raw,3,1,3,do,0.1,1.0635509268442789,14,-0.4746838467461722,0.15857142857142856,-7.5558949620383125,-7.08121111529214,-0.891384322983878,0.14714285714285713,-7.019404793807438,-6.128020470823561,-0.7006867211205619,0.045714285714285714,-5.368283540180752,-4.667596819060189
raw,4,1,4,pp,0.1,1.509063110351562,21,-0.47566576276506695,0.15571428571428572,-7.554845730917794,-7.079179968152728,-1.2628816042627606,0.011428571428571429,-6.591327448913029,-5.328445844650268,-1.0755312095369611,0.007142857142857143,-5.664975608757564,-4.589444399220603
raw,4,1,4,do,0.1,1.3235057147343952,11,-0.47548989364079064,0.15714285714285714,-7.557041831016541,-7.08155193737575,-1.2650485593932015,0.18428571428571427,-9.066749923910413,-7.8017013645172115,-0.9758749123982021,0.08428571428571428,-5.911579489707947,-4.935704577309744
raw,5,1,5,do,0.1,2.1959784491856897,70,-0.47579314299992154,0.15571428571428572,-7.555480045591082,-7.079686902591161,-0.813388296195439,0.054285714285714284,-5.250902952126094,-4.437514655930656,-0.813388296195439,0.054285714285714284,-5.250902952126094,-4.437514655930656
raw,5,1,5,pp,0.1,2.9810722541809094,30,-0.47560339859553746,0.15714285714285714,-7.555465213911874,-7.079861815316336,-0.9269076905931746,0.03857142857142857,-5.339605684280396,-4.412697993687221,-0.8849820143835885,0.03857142857142857,-5.199220463888985,-4.314238449505397
raw,6,2,1,pp,0.1,3.4686979707082113,70,-0.47483442987714497,0.15714285714285714,-7.554056973457336,-7.079222543580191,-0.9469658807345799,0.06857142857142857,-6.213572721481324,-5.266606840746744,-0.9469658807345799,0.06857142857142857,-6.213572721481324,-5.266606840746744
raw,6,2,1,do,0.05,0.9008315054575604,70,-0.4749298143386841,0.15571428571428572,-7.551116539410183,-7.076186725071499,-0.8022081654412406,0.1957142857142857,-6.611334014960698,-5.809125849519457,-0.8022081654412406,0.1957142857142857,-6.611334014960698,-5.809125849519457
raw,7,2,2,pp,0.1,1.8034736569722503,29,-0.47513633591788157,0.15714285714285714,-7.554224110330854,-7.079087774412972,-1.0316497019359043,0.10285714285714286,-6.835068592003414,-5.803418890067509,-1.1286212944984435,0.037142857142857144,-6.423886937754495,-5.295265643256051
raw,7,2,2,do,0.1,0.9879456933339448,70,-0.4753517934254238,0.15714285714285714,-7.556355821745736,-7.081004028320312,-0.1462181030000959,0.42,-7.618520499978747,-7.472302396978651,-0.1462181030000959,0.42,-7.618520499978747,-7.472302396978651
raw,8,2,3,do,0.1,4.44678647518158,44,-0.4752569934300014,0.15714285714285714,-7.554462186949594,-7.079205193519592,-1.943202053819384,0.19714285714285715,-9.476576479503086,-7.533374425683703,-2.1097502044269016,0.21857142857142858,-9.873504008225032,-7.763753803798131
raw,8,2,3,pp,0.1,4.272789883613587,28,-0.4748390477044242,0.15714285714285714,-7.554266354015895,-7.079427306311471,-0.9351469552516938,0.14714285714285713,-6.359169137137277,-5.424022181885583,-1.1856816557475498,0.08,-6.406618294375283,-5.220936638627734
raw,9,2,4,pp,0.1,3.131543305714926,70,-0.47546809945787705,0.15571428571428572,-7.558318277767726,-7.082850178309849,-1.169976509979793,0.06,-6.263933959688459,-5.093957449708666,-1.169976509979793,0.06,-6.263933959688459,-5.093957449708666
raw,9,2,4,do,0.1,4.0610809230804445,52,-0.47527805532727924,0.15714285714285714,-7.5581287615639825,-7.082850706236703,-1.1651069719450815,0.21857142857142858,-7.613187842369079,-6.448080870423998,-1.8840601975577218,0.14142857142857143,-10.559175453867232,-8.675115256309509
raw,10,2,5,pp,0.1,3.2373092158635446,51,-0.47496432304382324,0.15714285714285714,-7.5580400289808,-7.083075705936976,-1.086138299192701,0.06142857142857143,-6.629854224068778,-5.543715924876077,-1.0131291661943709,0.05,-6.232122500283378,-5.2189933340890065
raw,10,2,5,do,0.1,2.0079599587122594,53,-0.4747760902132307,0.15714285714285714,-7.556258533341544,-7.081482443128313,-0.4676069974899292,0.30714285714285716,-7.822619704178401,-7.3550127066884725,-0.523237647669656,0.2757142857142857,-7.930703579017094,-7.4074659313474385
raw,11,3,1,do,0.1,1.5663023106257121,33,-0.4750338663373675,0.15714285714285714,-7.553281646456037,-7.078247780118669,-0.4737975597381592,0.2842857142857143,-7.6642644466672625,-7.190466886929103,-0.30784374373299733,0.34714285714285714,-6.8625389981269835,-6.5546952543939865
raw,11,3,1,pp,0.1,1.2720553525288905,41,-0.4755007532664708,0.15571428571428572,-7.5544224452972415,-7.078921692030771,-1.19913822889328,0.06142857142857143,-7.4602686180387225,-6.261130389145443,-1.1828886539595467,0.012857142857142857,-6.498013601643699,-5.315124947684152
raw,12,3,2,do,0.1,3.0714066378275557,25,-0.47580323355538506,0.15714285714285714,-7.556316507884434,-7.080513274329049,-0.538128433908735,0.26571428571428574,-6.706418356214251,-6.168289922305516,-0.6858355365480695,0.08714285714285715,-5.958247563498361,-5.272412026950291
raw,12,3,2,pp,0.1,1.8678617747624715,14,-0.47504653658185686,0.15714285714285714,-7.5542543002537315,-7.079207763671875,-1.6271526486533028,0.0,-9.391809854848045,-7.764657206194741,-1.1678988817759923,0.004285714285714286,-6.538789793763842,-5.37089091198785
raw,13,3,3,do,0.1,2.3555933952331554,13,-0.47573786190577916,0.15714285714285714,-7.5550294746671405,-7.079291612761361,-0.8170828788621085,0.16285714285714287,-9.167300426619393,-8.350217547757286,-0.9774395193372454,0.06428571428571428,-7.3525880438940865,-6.375148524556841
raw,13,3,3,pp,0.1,1.6767038011550905,47,-0.47510124274662563,0.15571428571428572,-7.554708998543876,-7.07960775579725,-1.3087240730013165,0.0,-8.757047437259128,-7.448323364257813,-1.288585901941572,0.0,-7.951508386475699,-6.6629224845341275
raw,14,3,4,do,0.1,3.896437973976136,36,-0.4753354467664446,0.15571428571428572,-7.55258031300136,-7.077244866234915,-0.9314586336272104,0.09714285714285714,-8.206831717150552,-7.275373083523341,-0.7083601651872907,0.05714285714285714,-7.705704660075051,-6.997344494887761
raw,14,3,4,pp,0.1,1.7736078087488814,26,-0.4754097148350307,0.15714285714285714,-7.556358069692339,-7.080948354857308,-1.9621566125324794,0.017142857142857144,-9.37694055897849,-7.41478394644601,-1.6990690221105302,0.017142857142857144,-7.883879499094827,-6.184810476984296
raw,15,3,5,pp,0.1,3.1984862645467125,43,-0.47519729682377404,0.15571428571428572,-7.5512844760077344,-7.07608717918396,-1.059756019115448,0.032857142857142856,-6.264807578836169,-5.2050515597207205,-1.0303656983375549,0.03857142857142857,-6.356363031864166,-5.325997333526612
raw,15,3,5,do,0.1,2.229681518872578,26,-0.4755871370860508,0.15571428571428572,-7.553660851206098,-7.078073714120047,-0.6695661990983146,0.2042857142857143,-7.030989858763559,-6.361423659665244,0.28319696835109165,0.6128571428571429,-7.364724352019174,-7.647921320370266
raw,16,4,1,do,0.01,-0.38970106760660794,13,-0.47518739087241035,0.15571428571428572,-7.556454430307661,-7.08126703943525,-0.3056823124204363,0.2571428571428571,-6.714895453453064,-6.409213141032628,-0.3829063238416399,0.2357142857142857,-6.126049680709839,-5.743143356868199
raw,16,4,1,pp,0.1,0.7951241413752239,15,-0.47448870863233295,0.15714285714285714,-7.558291863713945,-7.083803155081613,-1.337527210371835,0.16,-11.091573524475098,-9.754046314103263,-1.1870627999305725,0.07,-6.428151575156621,-5.241088775226048
raw,17,4,2,do,0.1,1.2978593317667642,39,-0.4754498018537249,0.15571428571428572,-7.553172803606306,-7.077723001752581,-0.7373423586572919,0.21571428571428572,-9.368024954795837,-8.630682596138545,-0.4738000365665981,0.24,-7.367233733790261,-6.893433697223664
raw,17,4,2,pp,0.1,1.101718091964722,13,-0.4752549593789237,0.15571428571428572,-7.5578369978496,-7.082582038470677,-0.42356156553540913,0.30428571428571427,-7.799645926271166,-7.376084360735757,-0.9788066141945975,0.01,-5.264539475100381,-4.285732860905783
raw,18,4,3,do,0.1,1.67708662033081,70,-0.475022360937936,0.15714285714285714,-7.558372572490147,-7.083350211552212,-0.46501391683306015,0.3171428571428571,-7.337023461886814,-6.872009545053754,-0.46501391683306015,0.3171428571428571,-7.337023461886814,-6.872009545053754
raw,18,4,3,pp,0.1,2.920942783355713,25,-0.475927768434797,0.15571428571428572,-7.558573888369969,-7.082646119935172,-1.6775093456677028,0.07142857142857142,-8.50633546761104,-6.8288261219433375,-1.3714409470558167,0.07428571428571429,-6.078537974357605,-4.7070970273017885
raw,19,4,4,do,0.01,0.03241768360137964,18,-0.47520799500601635,0.15714285714285714,-7.551806085450309,-7.076598090444293,-0.3588267013004848,0.23285714285714285,-6.259928452968597,-5.901101751668112,-0.4513294185910906,0.19285714285714287,-5.816434344223567,-5.365104925632477
raw,19,4,4,pp,0.1,2.017635693550111,27,-0.47514517784118654,0.15714285714285714,-7.557108838898795,-7.081963661057609,-1.1259834224837166,0.13857142857142857,-7.297884442125048,-6.171901019641331,-0.9425708627700806,0.08714285714285715,-5.77158728156771,-4.82901641879763
raw,20,4,5,pp,0.1,2.070741823514303,17,-0.47538908549717496,0.15571428571428572,-7.5552887235369,-7.079899638039725,-1.027916611943926,0.08285714285714285,-6.406516395296369,-5.378599783352443,-0.9725074458122254,0.01,-5.706140199729375,-4.733632753917149
raw,20,4,5,do,0.1,3.517542634010315,56,-0.47580845492226737,0.15857142857142856,-7.5573764344624115,-7.081567979540144,-1.39019316809518,0.07142857142857142,-8.897246805940355,-7.507053637845176,-1.3151159702028548,0.07142857142857142,-9.053756292547499,-7.738640322344644
raw,21,5,1,pp,0.1,3.502109166781109,37,-0.47497900690351214,0.15714285714285714,-7.55956287588392,-7.084583868980408,-1.2325490433829172,0.04428571428571428,-6.04056517975671,-4.8080161363737925,-1.7006571858269828,0.05,-6.741494891984122,-5.04083770615714
raw,21,5,1,do,0.1,2.464653997421265,30,-0.47517855507986884,0.15714285714285714,-7.553839758464268,-7.078661203384399,-1.752520956652505,0.12857142857142856,-11.417968034744263,-9.665447078091757,-0.8208531979152135,0.10285714285714286,-6.693219250270299,-5.872366052355085
raw,22,5,2,pp,0.1,3.8003879419962567,64,-0.47485599654061456,0.15857142857142856,-7.556924922806876,-7.0820689262662615,-1.0537701266152517,0.037142857142857144,-5.719502581868853,-4.665732455253601,-1.0260157247952053,0.03857142857142857,-5.650796471323286,-4.624780746528081
raw,22,5,2,do,0.1,5.121167480150858,49,-0.47516347817012244,0.15714285714285714,-7.5553361586162024,-7.08017268044608,-0.6694132127080645,0.06,-5.922892227854048,-5.253479015145983,-0.6850083821160453,0.037142857142857144,-5.657303923198155,-4.97229554108211
raw,23,5,3,do,0.1,0.895008335908253,45,-0.47536456993647985,0.15571428571428572,-7.5554051392419,-7.08004056930542,-0.6272437729154314,0.19285714285714287,-8.955423480442592,-8.32817970752716,-0.3685275868007115,0.31142857142857144,-8.96425401210785,-8.595726425307138
raw,23,5,3,pp,0.1,0.6329523372650145,12,-0.4761536046436855,0.15571428571428572,-7.5592129543849405,-7.083059349741254,-1.4678558703831264,0.07142857142857142,-8.455836670058114,-6.987980799674988,-1.3090354224613734,0.04,-6.831930981022971,-5.522895558561598
raw,24,5,4,do,0.1,2.3949023644129435,16,-0.47540423325129916,0.15571428571428572,-7.55557282107217,-7.080168587820871,-1.6861197185516357,0.12428571428571429,-10.389033530099052,-8.702913811547415,-1.128430368219103,0.1457142857142857,-8.097726921354022,-6.969296553134918
raw,24,5,4,pp,0.1,2.442888641357423,20,-0.47541144030434745,0.15714285714285714,-7.554500248772757,-7.07908880846841,-1.0497637830461775,0.08857142857142856,-6.786043888500759,-5.736280105454581,-1.384341984135764,0.014285714285714285,-6.0465019389561245,-4.6621599548203605
raw,25,5,5,pp,0.1,3.531699395179748,29,-0.47522432122911723,0.15857142857142856,-7.556643462181091,-7.081419140951974,-0.8332792738505772,0.19,-7.145443626471928,-6.312164352621351,-0.9507048170907156,0.04285714285714286,-5.591522604056767,-4.640817786966052
raw,25,5,5,do,0.1,3.9273120292027786,21,-0.47558385099683487,0.15714285714285714,-7.556418726784842,-7.080834875788008,1.0304129706110272,0.71,-7.985779881477356,-9.016192852088384,-0.4571692419052124,0.1757142857142857,-5.911468486785889,-5.454299244880676
raw,26,6,1,do,0.1,3.289994524319966,43,-0.47490088190351215,0.15714285714285714,-7.558679782322475,-7.083778900418963,-0.37499265943254745,0.3442857142857143,-8.04690081357956,-7.671908154147012,-0.06496687991278512,0.4157142857142857,-7.217793972832816,-7.152827092920031
raw,26,6,1,pp,0.1,3.8911865520477305,46,-0.4753481476647513,0.15571428571428572,-7.556664591516768,-7.081316443852016,-1.1671712170328412,0.005714285714285714,-7.847694506985801,-6.680523289952959,-1.0579222314698356,0.008571428571428572,-7.039813226972307,-5.9818909955024715
raw,27,6,2,pp,0.1,2.370526645978293,70,-0.4745003754752023,0.15714285714285714,-7.556621691158839,-7.082121315683637,-1.0283545780181884,0.03142857142857143,-6.295228484698704,-5.266873906680516,-1.0283545780181884,0.03142857142857143,-6.295228484698704,-5.266873906680516
raw,27,6,2,do,0.1,0.6582931105295806,21,-0.4760120289666312,0.15571428571428572,-7.555310879434858,-7.079298850468227,-0.3445572655541556,0.3142857142857143,-6.629231860297067,-6.284674594742911,-0.6519501631600516,0.16142857142857142,-6.050189908232007,-5.398239745071956
raw,28,6,3,pp,0.1,0.7366336679458616,23,-0.47499282360076905,0.15714285714285714,-7.5525832366943355,-7.077590413093567,-1.9113514171327863,0.03,-10.057546316214971,-8.146194899082184,-1.3616211662973676,0.014285714285714285,-6.533990228857313,-5.172369062559945
raw,28,6,3,do,0.1,4.011243284543356,33,-0.4756212977000645,0.15714285714285714,-7.553293440682547,-7.0776721429824825,-1.8740269555364337,0.07,-10.892293224675315,-9.01826626913888,-1.085055227960859,0.1,-7.802753788062504,-6.7176985601016455
raw,29,6,4,do,0.1,3.3809053246180216,48,-0.4756116873877389,0.15714285714285714,-7.556064563478742,-7.0804528760910035,-0.12135199001857212,0.4357142857142857,-7.863652648925782,-7.742300658907209,-0.45246219055993214,0.2571428571428571,-7.166087156023298,-6.7136249654633655
raw,29,6,4,pp,0.1,2.331324855486553,44,-0.47508284977504184,0.15571428571428572,-7.556050065585545,-7.080967215810503,-1.5177979499953134,0.017142857142857144,-8.080301342010499,-6.562503392015184,-1.3551332439695085,0.018571428571428572,-7.866956879411425,-6.511823635441917
raw,30,6,5,do,0.1,2.3886856826146436,18,-0.4751523201806205,0.15714285714285714,-7.554610791887556,-7.0794584717069355,-1.1869127133914403,0.21428571428571427,-9.722217782224927,-8.535305068833487,-0.8127301011766707,0.13142857142857142,-6.482158765452248,-5.6694286642755785
raw,30,6,5,pp,0.1,2.2747232453028365,30,-0.47514227526528496,0.15714285714285714,-7.556767597879682,-7.081625322614397,-0.9982703675542559,0.11285714285714285,-6.551014770099095,-5.552744402544839,-0.8543504193850926,0.08714285714285715,-5.310793472698757,-4.456443053313664
raw,31,7,1,do,0.1,3.173356424967447,50,-0.4755539642061506,0.15571428571428572,-7.555866361345563,-7.080312397139413,-0.8767573428153992,0.055714285714285716,-7.716290410927364,-6.839533068111964,-0.7320937115805489,0.07428571428571429,-6.775207086971828,-6.043113375391279
raw,31,7,1,pp,0.1,3.226665647824605,58,-0.4753709820338658,0.15714285714285714,-7.559052648544312,-7.083681666510445,-1.2434306386538914,0.07714285714285714,-8.840153907707759,-7.596723269053868,-1.270592041526522,0.07142857142857142,-8.875708513941083,-7.6051164724145615
raw,32,7,2,pp,0.1,3.8562778282165526,48,-0.4750632040841239,0.15857142857142856,-7.553516299383981,-7.0784530952998574,-1.169150390795299,0.24714285714285714,-6.901857453414372,-5.732707062619073,-1.3369824417999812,0.21857142857142858,-7.011054694993155,-5.674072253193174
raw,32,7,2,do,0.1,3.925231000582377,26,-0.47583611488342287,0.15571428571428572,-7.554223730904716,-7.078387616021293,-0.8190058663913182,0.05857142857142857,-7.539955011776516,-6.720949145385197,-0.8107192117827279,0.04857142857142857,-7.308215215546745,-6.497496003764017
raw,33,7,3,do,0.1,2.7230610990524298,21,-0.4746629551478795,0.15714285714285714,-7.556317536490304,-7.081654581342424,-0.8670422567640033,0.08285714285714285,-8.63581062725612,-7.7687683704921175,-0.6329408652441842,0.10714285714285714,-6.502594451904297,-5.869653586660113
raw,33,7,3,pp,0.1,3.660087132453919,48,-0.47477573735373363,0.15714285714285714,-7.556053517205375,-7.081277779851641,-1.4922557890415191,0.11857142857142858,-7.359740881238665,-5.867485092197145,-1.6052108710152762,0.10285714285714286,-7.286221029077257,-5.681010158061981
raw,34,7,4,pp,0.1,2.661912010510762,70,-0.4760707609994071,0.15571428571428572,-7.5569697366442,-7.080898975644793,-1.113357675586428,0.14,-6.860873727117266,-5.747516051530838,-1.113357675586428,0.14,-6.860873727117266,-5.747516051530838
raw,34,7,4,do,0.1,2.765270449320475,25,-0.4760370819909232,0.15714285714285714,-7.556008577346802,-7.0799714953558786,-0.7247410409791128,0.15571428571428572,-8.404540591239929,-7.6797995502608165,-0.6209085791451591,0.15285714285714286,-7.219506287574768,-6.598597708429609
raw,35,7,5,do,0.1,1.4970311037699382,62,-0.47462551389421737,0.15714285714285714,-7.554455900192261,-7.079830386298044,-0.6942597542490277,0.14142857142857143,-7.197575669969831,-6.503315915720804,-0.6975305424417768,0.14142857142857143,-7.20130471944809,-6.503774177006313
raw,35,7,5,pp,0.1,3.305995666186016,70,-0.4760165970666068,0.15714285714285714,-7.55395416872842,-7.0779375716618125,-0.9849062616484506,0.12285714285714286,-6.787485458510263,-5.802579196861812,-0.9849062616484506,0.12285714285714286,-6.787485458510263,-5.802579196861812
raw,36,8,1,pp,0.1,2.8088543430964146,19,-0.4751959562301636,0.15714285714285714,-7.556868876729693,-7.081672920499529,-1.2290448025294713,0.05285714285714286,-6.0415035012790135,-4.812458698749542,-0.8041737937927246,0.08428571428571428,-4.789885032517569,-3.985711238724845
raw,36,8,1,do,0.1,2.8733052984873453,35,-0.4755862842287336,0.15714285714285714,-7.555743517194475,-7.080157232965742,-0.5752486944198608,0.1742857142857143,-7.646999475274767,-7.071750780854907,-0.5888122017042977,0.12571428571428572,-7.503629449095045,-6.914817247390747
raw,37,8,2,pp,0.1,0.7681607913970954,70,-0.47556939533778597,0.15571428571428572,-7.555773178509304,-7.080203783171518,-1.230657514504024,0.07571428571428572,-8.164836716311319,-6.934179201807295,-1.230657514504024,0.07571428571428572,-8.164836716311319,-6.934179201807295
raw,37,8,2,do,0.1,1.6017351182301844,21,-0.47519856725420273,0.15714285714285714,-7.554745430265154,-7.079546863010951,-0.943082994733538,0.13142857142857142,-9.175505682400294,-8.232422687666757,-0.8165322531972613,0.05,-7.179651299885341,-6.36311904668808
raw,38,8,3,do,0.1,2.9654895814259845,34,-0.47545372826712473,0.15571428571428572,-7.556228298459734,-7.0807745701926095,-0.5836627963611057,0.17142857142857143,-7.71804384469986,-7.134381048338754,-0.6333452003342764,0.11,-7.657020161151886,-7.023674960817609
raw,38,8,3,pp,0.1,2.638974827130636,18,-0.4746642221723284,0.15714285714285714,-7.5550181184496195,-7.080353896277291,-1.2735467198916843,0.05857142857142857,-5.969085874898093,-4.695539155006409,-0.8063454152856554,0.08285714285714285,-4.747302364962442,-3.940956949676786
raw,39,8,4,pp,0.1,2.0411254167556763,22,-0.4752076898302351,0.15714285714285714,-7.557189295632498,-7.081981605802263,-1.4860960926328386,0.07714285714285714,-10.681558365821838,-9.195462273189,-0.8931639981269837,0.1,-6.073359830379486,-5.180195832252503
raw,39,8,4,do,0.1,1.9173787625630698,29,-0.47481731278555733,0.15714285714285714,-7.554217126028878,-7.079399813243321,-0.9356146008627755,0.1657142857142857,-10.014625854832785,-9.07901125397001,-0.7441559730257307,0.20142857142857143,-8.663843628679002,-7.919687655653273
raw,40,8,5,pp,0.1,2.952831336657206,46,-0.47490279810769215,0.15714285714285714,-7.557407059669495,-7.082504261561803,-1.2395075130462647,0.10285714285714286,-6.980166504723685,-5.740658991677421,-1.2386499197142464,0.08285714285714285,-6.607705782141005,-5.369055862426758
raw,40,8,5,do,0.1,2.588653542200724,52,-0.4766495772770473,0.15571428571428572,-7.55649192401341,-7.079842346736363,-1.0670781578336443,0.18571428571428572,-10.073733846119472,-9.006655688285827,-1.0420672062465122,0.13714285714285715,-9.327006668363298,-8.284939462116787
raw,41,9,1,pp,0.05,0.34893893241882257,9,-0.47424375806535995,0.16,-7.554513459886824,-7.0802697018214635,-0.8104888670785086,0.2257142857142857,-7.529384454999652,-6.718895587921143,-0.832467177254813,0.10142857142857142,-5.4934775924682615,-4.661010415213449
raw,41,9,1,do,0.01,-0.232799393335978,45,-0.4751057256971087,0.15714285714285714,-7.555218300819397,-7.080112575122288,-0.523869343825749,0.09285714285714286,-6.457522223676954,-5.933652879851205,-0.6196878044945853,0.05714285714285714,-6.234396633080074,-5.6147088285854885
raw,42,9,2,do,0.1,2.2366843986511222,11,-0.47570553507123675,0.15714285714285714,-7.556868282045637,-7.0811627469744005,-0.11514565604073661,0.36857142857142855,-9.655974349975587,-9.540828693934849,-0.525644440991538,0.15714285714285714,-6.006251673698426,-5.4806072327068875
raw,42,9,2,pp,0.1,3.5846547396977746,47,-0.47491823537009104,0.15714285714285714,-7.555125910895211,-7.08020767552512,-0.9572224429675511,0.09,-7.083830616474152,-6.1266081735066,-0.8607759012494769,0.10142857142857142,-6.030281170776912,-5.169505269527435
raw,43,9,3,do,0.1,2.1681274875005077,49,-0.47467364515577043,0.15714285714285714,-7.555127173151289,-7.080453527995518,-1.0866236979620798,0.03571428571428571,-9.985536693164281,-8.8989129952022,-1.167790822982788,0.03428571428571429,-10.107906862667628,-8.94011603968484
raw,43,9,3,pp,0.1,3.334389564196268,27,-0.4749684340613229,0.15857142857142856,-7.552078492982047,-7.077110058920724,-2.081900654179709,0.08142857142857143,-14.334318122182573,-12.252417468002864,-1.817143086705889,0.05285714285714286,-9.878826246942793,-8.061683160236903
raw,44,9,4,do,0.1,0.6363687133789071,30,-0.4746053055354527,0.15571428571428572,-7.556230666296822,-7.08162536076137,-0.8778245660236904,0.037142857142857144,-9.823362539155143,-8.945537973131453,-0.7981523166384016,0.09714285714285714,-8.530080438341413,-7.731928121703012
raw,44,9,4,pp,0.1,0.4282725954055788,9,-0.4751786075319563,0.15714285714285714,-7.557518063272749,-7.082339455740793,-1.0147550473894391,0.1357142857142857,-8.972487262317113,-7.957732214927673,-0.920244460105896,0.15428571428571428,-6.723350258895329,-5.803105798789433
raw,45,9,5,pp,0.1,1.3453433450063068,13,-0.4743007571356637,0.15714285714285714,-7.553620253971645,-7.079319496835981,-0.3042862789971488,0.34714285714285714,-7.333159205913543,-7.028872926916395,-0.7824989863804408,0.15428571428571428,-5.318092363902501,-4.53559337752206
raw,45,9,5,do,0.1,0.700440004666647,23,-0.47543165751865935,0.15571428571428572,-7.557708206857954,-7.082276549339294,-0.5975572582653591,0.12428571428571429,-8.28772704907826,-7.690169790812901,-0.620919668333871,0.07714285714285714,-7.364254086358207,-6.743334418024336
raw,46,10,1,pp,0.1,1.9221473026275628,42,-0.47589028085981094,0.15571428571428572,-7.555019486291068,-7.079129205431257,-0.7941966465541295,0.18285714285714286,-7.98606615952083,-7.191869512966701,-0.7489449756486075,0.22285714285714286,-7.695138207163129,-6.946193231514522
raw,46,10,1,do,0.1,2.1468899440765377,20,-0.4743589803150722,0.15857142857142856,-7.551458666665213,-7.077099686350142,-0.9411935465676444,0.09285714285714286,-9.108393684114729,-8.167200137547084,-0.8774294662475586,0.07,-7.5399642321041656,-6.6625347658566065
raw,47,10,2,do,0.1,3.6234464009602867,44,-0.47525972775050573,0.15714285714285714,-7.55624989441463,-7.080990166664123,-0.7518579387664794,0.28714285714285714,-9.013344416618347,-8.261486477851868,-0.7659969990594047,0.24285714285714285,-8.765784952299935,-7.9997879532405305
raw,47,10,2,pp,0.1,2.9669133901596076,40,-0.47416240555899486,0.15857142857142856,-7.554740299497332,-7.0805778939383375,-2.743480416025434,0.032857142857142856,-10.919832686696735,-8.1763522706713,-3.5681332741464886,0.02,-11.027135408605847,-7.459002134459359
raw,48,10,3,do,0.1,3.397734851837159,26,-0.47552524226052423,0.15714285714285714,-7.559173461369106,-7.083648219108581,-0.5288751588548932,0.19714285714285715,-7.827093165942601,-7.298218007087708,-0.33722510065351213,0.24571428571428572,-5.57382764509746,-5.236602544443948
raw,48,10,3,pp,0.1,3.1417895905176803,40,-0.4754296861376081,0.15714285714285714,-7.556992960657392,-7.081563274519784,-1.1542026281356812,0.045714285714285714,-8.060298642430986,-6.906096014295305,-0.8591824907915933,0.09,-5.315750665664673,-4.456568174873079
raw,49,10,4,pp,0.1,2.6036832046508795,70,-0.4756728185926165,0.15571428571428572,-7.5560665627888275,-7.08039374419621,-1.5456481742858887,0.10857142857142857,-8.515113875525339,-6.969465701239449,-1.5456481742858887,0.10857142857142857,-8.515113875525339,-6.969465701239449
raw,49,10,4,do,0.1,4.038848547935485,41,-0.47593048981257846,0.15714285714285714,-7.552981367111206,-7.077050877298627,-0.2530053240912301,0.3628571428571429,-8.136952968324934,-7.883947644233704,-0.15026129381997244,0.42428571428571427,-7.641637248311724,-7.491375954491752
raw,50,10,5,pp,0.1,2.0051151482264205,28,-0.47566958972385953,0.15714285714285714,-7.555947244507926,-7.080277654784067,-2.497696019581386,0.06142857142857143,-10.985848115512303,-8.488152095930918,-2.8977765917778013,0.027142857142857142,-9.573334450040544,-6.675557858262743
raw,50,10,5,do,0.1,1.4678429158528647,22,-0.47488925116402764,0.15714285714285714,-7.556840691566467,-7.08195144040244,2.0519606065750122,0.8842857142857142,-8.728578230994088,-10.7805388375691,-0.7296235377447946,0.19142857142857142,-6.758084011077881,-6.028460473333086
raw,51,11,1,do,0.1,2.504135313034059,54,-0.47536014011928013,0.15714285714285714,-7.556295680999756,-7.080935540880476,-0.1506119125229972,0.41714285714285715,-8.801043774741036,-8.650431862218039,-0.4386834587369646,0.2814285714285714,-7.750380166598728,-7.311696707861764
raw,51,11,1,pp,0.1,3.755277101198832,68,-0.4742635645185198,0.15714285714285714,-7.553573111806597,-7.079309547288077,-1.0700523669379098,0.24142857142857144,-8.025855686323982,-6.9558033193860735,-1.0456330370903015,0.24142857142857144,-7.928295114040375,-6.882662076950073
raw,52,11,2,do,0.1,2.1866398334503163,23,-0.47504192420414515,0.15714285714285714,-7.560487653868539,-7.085445729664394,-0.210572635446276,0.4185714285714286,-8.563334442887987,-8.352761807441711,0.48166232211249216,0.6714285714285714,-7.3419572751862665,-7.823619597298759
raw,52,11,2,pp,0.1,1.3603152163823449,65,-0.47492468970162527,0.15714285714285714,-7.553404357092721,-7.078479667391096,-0.9330109763145447,0.26142857142857145,-10.007667667865753,-9.074656691551208,-1.0514371609687805,0.22428571428571428,-9.71918842145375,-8.667751260484968
raw,53,11,3,do,0.1,2.257236851056417,18,-0.47412937232426233,0.16142857142857142,-7.557156857081822,-7.08302748475756,-0.49059249026434765,0.32142857142857145,-7.31973403760365,-6.829141547339304,-0.5054045602253505,0.12428571428571429,-5.111708442824227,-4.606303882598877
raw,53,11,3,pp,0.1,2.8447910499572764,70,-0.47545441899980817,0.15714285714285714,-7.55386807850429,-7.0784136595044815,-0.7135641006061009,0.25,-7.476695147241865,-6.763131046635764,-0.7135641006061009,0.25,-7.476695147241865,-6.763131046635764
raw,54,11,4,do,0.1,2.4893023109436037,33,-0.47518123831067766,0.15857142857142856,-7.559262159892491,-7.084080921581814,-0.7322352981567383,0.22714285714285715,-8.996398357323239,-8.2641630591665,-0.8364224743843078,0.14285714285714285,-8.889373689719609,-8.052951215335302
raw,54,11,4,pp,0.1,2.7072994232177727,27,-0.4746973248890468,0.15714285714285714,-7.552689008712768,-7.077991683823722,-1.4299490407535007,0.12428571428571429,-9.194710323129382,-7.764761282375881,-1.2746308030400957,0.05,-6.209790673937117,-4.935159870897021
raw,55,11,5,do,0.1,0.33849418640136797,46,-0.47452638966696603,0.15714285714285714,-7.555377016067505,-7.080850626400538,-0.8070516490936279,0.25142857142857145,-11.009868946756635,-10.202817297663007,-1.1083637816565377,0.09285714285714286,-11.339942239352634,-10.231578457696097
raw,55,11,5,pp,0.1,0.9188647301991786,10,-0.47533248152051655,0.15714285714285714,-7.556078285489764,-7.080745803969247,-1.8993352018083844,0.19,-12.549480417796543,-10.650145215988159,-1.1936289712360928,0.07,-6.237410575662341,-5.043781604426248
raw,56,12,1,do,0.1,3.4745729160308834,28,-0.4750540270124163,0.15714285714285714,-7.555063031060355,-7.080009004047938,-1.3367189952305385,0.032857142857142856,-8.354278134618486,-7.017559139387948,-0.8897578832081386,0.07571428571428572,-6.671593305042812,-5.781835421834673
raw,56,12,1,pp,0.1,3.0058851559956876,19,-0.4750556591578892,0.15714285714285714,-7.557583449908665,-7.082527790750776,-1.6580576576505388,0.05285714285714286,-9.91579873085022,-8.25774107319968,-1.4102878328732082,0.08285714285714285,-6.8496839594841,-5.439396126610892
raw,57,12,2,do,0.1,2.1259891271591194,37,-0.4752224867684501,0.15714285714285714,-7.55643346445901,-7.08121097769056,-0.7846032885142735,0.15,-6.325777187006814,-5.5411738984925405,-0.5945856840269906,0.16,-5.66507533618382,-5.07048965215683
raw,57,12,2,pp,0.1,2.5518382215499873,27,-0.47504387855529784,0.15857142857142856,-7.556842383657183,-7.081798505101885,-1.1122366656575884,0.03142857142857143,-6.543853646346501,-5.431616980688912,-1.0868112192835127,0.01,-6.424813307353428,-5.338002088069916
raw,58,12,3,do,0.1,2.851039689381917,38,-0.4758905185971941,0.15571428571428572,-7.55337896483285,-7.077488446235657,-0.8590283996718271,0.22,-6.8710328016962325,-6.012004402024405,-1.1692723059654235,0.19142857142857142,-7.30302118744169,-6.133748881476266
raw,58,12,3,pp,0.1,3.621152280171712,53,-0.4754150288445609,0.15714285714285714,-7.554855994497027,-7.0794409656524655,-0.8357809165545872,0.16857142857142857,-6.401007080418723,-5.565226163864136,-0.8993760190691267,0.16,-6.234466043881008,-5.335090024811881
raw,59,12,4,pp,0.1,3.504927096366882,38,-0.47414415563855855,0.15857142857142856,-7.557375842503139,-7.083231686864581,-1.3224099693979536,0.04428571428571428,-6.585405820778438,-5.262995851380484,-1.1908376124926976,0.04428571428571428,-6.420653815950666,-5.229816203457968
raw,59,12,4,do,0.1,2.636508104006449,40,-0.4750674091066633,0.15714285714285714,-7.552511770384652,-7.077444361277989,-0.8947412845066616,0.08857142857142856,-6.608214519023895,-5.713473234517234,-0.8380231966291155,0.09142857142857143,-5.999405430725643,-5.161382234096527
raw,60,12,5,do,0.1,1.7661533657709754,25,-0.47433690684182306,0.15714285714285714,-7.554061486380441,-7.079724579538618,-0.5870153270448957,0.14857142857142858,-6.631939626761845,-6.04492429971695,-0.46807169880185806,0.18428571428571427,-5.876467463970184,-5.4083957651683265
raw,60,12,5,pp,0.1,2.3717064968744914,39,-0.47621711799076627,0.15571428571428572,-7.555291843414307,-7.07907472542354,-0.8833312211717879,0.03571428571428571,-5.922048208713531,-5.0387169875417435,-0.8201303747722081,0.037142857142857144,-5.621018422331129,-4.800888047558921
raw,61,13,1,pp,0.1,3.461784683863322,42,-0.47518230983189175,0.15714285714285714,-7.555837079456874,-7.080654769624982,-0.9855946065698351,0.13142857142857142,-7.560327675001962,-6.574733068432127,-1.0923680564335414,0.07285714285714286,-7.218501055921827,-6.126132999488286
raw,61,13,1,do,0.1,2.8926984103520708,34,-0.47451863425118584,0.15714285714285714,-7.559187164987836,-7.084668530736651,-0.574479352406093,0.2714285714285714,-7.811790209497724,-7.237310857091631,-0.616110485962459,0.24,-7.3811830333301,-6.765072547367641
raw,62,13,2,pp,0.1,3.069988390604655,24,-0.47543037210192,0.15714285714285714,-7.553631082262312,-7.078200710160392,-2.056813052722386,0.14857142857142858,-11.207849247114998,-9.151036194392614,-1.4015813268933976,0.04,-6.948432423046657,-5.546851096153259
raw,62,13,2,do,0.1,1.577228832244872,12,-0.4744268240247454,0.15714285714285714,-7.55562620639801,-7.081199382373265,-1.2691974708012173,0.1442857142857143,-8.432116115433828,-7.162918644632612,-0.6815198380606515,0.16142857142857142,-6.108923342909132,-5.42740350484848
raw,63,13,3,pp,0.1,2.2607458686828608,43,-0.4756119884763445,0.15714285714285714,-7.550991997037615,-7.075380008561271,-1.2432970319475447,0.11428571428571428,-8.402391548837935,-7.15909451689039,-1.7595367925507681,0.03,-8.662097087587629,-6.902560295036861
raw,63,13,3,do,0.1,0.8612924321492503,38,-0.47427336420331684,0.15714285714285714,-7.554094888823373,-7.079821524620056,-0.9556478888647897,0.2357142857142857,-10.524115233080728,-9.568467344215938,-1.0803637729372297,0.2557142857142857,-9.319402026108333,-8.239038253171103
raw,64,13,4,pp,0.1,2.6509269460042315,41,-0.47500213009970527,0.15714285714285714,-7.553440435954503,-7.078438305854798,-0.4242151243346078,0.3414285714285714,-8.69259823526655,-8.268383110931941,-1.0544558586393085,0.09857142857142857,-7.21807161297117,-6.163615754331861
raw,64,13,4,do,0.1,3.069815537134806,55,-0.4751639209474836,0.15857142857142856,-7.553725908824376,-7.078561987876892,-0.42547047887529643,0.39,-9.500180919510978,-9.07471044063568,-0.263645099231175,0.42,-8.27022458587374,-8.006579486642565
raw,65,13,5,pp,0.1,4.6330169073740635,70,-0.475524594443185,0.15714285714285714,-7.5551528576442175,-7.079628263201032,-1.6557979120526995,0.024285714285714285,-10.473978530338833,-8.818180618286133,-1.6557979120526995,0.024285714285714285,-10.473978530338833,-8.818180618286133
raw,65,13,5,do,0.1,3.2100662978490195,57,-0.4747930703844343,0.15714285714285714,-7.558197514670236,-7.083404444285802,-0.9752296236583164,0.25142857142857145,-11.681315791947501,-10.706086168289184,-0.9045673520224435,0.2571428571428571,-11.126188535690307,-10.221621183667864
raw,66,14,1,do,0.1,0.654345053037007,70,-0.47598962238856724,0.15571428571428572,-7.559246215139116,-7.0832565927505495,-0.393668053490775,0.32142857142857145,-7.665182680402483,-7.271514626911708,-0.393668053490775,0.32142857142857145,-7.665182680402483,-7.271514626911708
raw,66,14,1,pp,0.1,2.9290940030415857,32,-0.4754699877330235,0.15571428571428572,-7.5566604001181465,-7.081190412385123,-1.1378458969933647,0.06714285714285714,-7.2674194404057095,-6.129573543412345,-1.3374406599998474,0.032857142857142856,-7.74214581489563,-6.404705154895782
raw,67,14,2,pp,0.1,3.458741908073426,51,-0.47547022206442696,0.15571428571428572,-7.555067543302264,-7.079597321237837,-0.9932720415932792,0.11,-6.443238459995815,-5.449966418402536,-1.2150022319384983,0.07285714285714286,-7.076791444505964,-5.861789212567466
raw,67,14,2,do,0.1,2.152145338058471,29,-0.4748014804295131,0.15714285714285714,-7.552960181917463,-7.07815870148795,-0.42321112973349434,0.26142857142857145,-7.245943935598646,-6.822732805865152,-0.3858408342088972,0.2914285714285714,-7.155402477128165,-6.7695616429192675
raw,68,14,3,do,0.1,1.8381495030721027,56,-0.47610154560634066,0.15571428571428572,-7.552075204168047,-7.075973658561707,-0.7562465153421675,0.09428571428571429,-8.670180902481079,-7.913934387138911,-0.7486791910443987,0.08428571428571428,-8.47654204096113,-7.727862849916731
raw,68,14,3,pp,0.1,1.1762520456314078,61,-0.47489500318254746,0.15714285714285714,-7.554002023424421,-7.0791070202418735,-1.0601104848725456,0.08714285714285715,-8.159967319624764,-7.099856834752219,-1.031596987247467,0.09142857142857143,-8.035473319462367,-7.0038763322149
raw,69,14,4,do,0.1,1.7175308958689364,69,-0.47626727172306604,0.15571428571428572,-7.558341744286674,-7.082074472563607,-0.4038491654396057,0.21571428571428572,-6.424075042179653,-6.020225876740047,-0.40810688597815376,0.21142857142857144,-6.439994392735618,-6.031887506757464
raw,69,14,4,pp,0.1,2.515725612640381,33,-0.47582049097333634,0.15571428571428572,-7.5569791425977435,-7.081158651624407,-0.9649360592024667,0.17285714285714285,-8.021984152112688,-7.057048092910222,-1.2454979726246425,0.027142857142857142,-7.3503445901189535,-6.104846617494311
raw,70,14,5,do,0.1,3.2432447004318234,64,-0.47477754184177945,0.15857142857142856,-7.553738857678004,-7.078961315836225,-0.3240240069798061,0.30857142857142855,-7.497669750281743,-7.173645743301937,-0.3885984243665423,0.2742857142857143,-7.514341742311205,-7.1257433179446625
raw,70,14,5,pp,0.1,4.446171560287475,43,-0.4749435526984079,0.15714285714285714,-7.558001988274711,-7.083058435576302,-1.3786195812906539,0.045714285714285714,-7.533060048307691,-6.154440467017038,-1.6829078415461949,0.02142857142857143,-7.973015390804836,-6.290107549258641
raw,71,15,1,pp,0.1,1.7991620477040602,43,-0.47548107419695174,0.15714285714285714,-7.554203412873404,-7.078722338676453,-0.6433329619680133,0.2785714285714286,-8.34162238223212,-7.698289420264108,-0.630028064591544,0.19142857142857142,-7.1710210732051305,-6.540993008613587
raw,71,15,1,do,0.1,3.4674561373392745,70,-0.4755441413606916,0.15714285714285714,-7.5562255001068115,-7.08068135874612,-0.467013760975429,0.31142857142857144,-7.32298105444227,-6.855967293466841,-0.467013760975429,0.31142857142857144,-7.32298105444227,-6.855967293466841
raw,72,15,2,pp,0.05,0.4745940717061359,10,-0.4750974246433803,0.15714285714285714,-7.556457411221095,-7.0813599865777155,-0.9627539416721889,0.05142857142857143,-7.2807434759821215,-6.317989534309932,-0.9265063452720642,0.02142857142857143,-5.879637156895229,-4.953130811623165
raw,72,15,2,do,0.1,1.5956947390238447,51,-0.47533235004970004,0.15571428571428572,-7.554124816485814,-7.078792466436114,-0.846337193761553,0.21571428571428572,-9.101056153433664,-8.254718959672111,-0.90554023538317,0.16285714285714287,-8.639509633609228,-7.733969398226057
raw,73,15,3,pp,0.1,3.0598535601298025,60,-0.47537538460322787,0.15571428571428572,-7.552884356634958,-7.07750897203173,-0.2402597962106977,0.37,-7.117148454529898,-6.876888658319201,-0.44316163982663836,0.29428571428571426,-7.0488143137523105,-6.605652673925673
raw,73,15,3,do,0.1,2.897345660527547,70,-0.4751358502251761,0.15714285714285714,-7.556207846914019,-7.081071996688843,-0.7294286867550441,0.08571428571428572,-7.839198806967054,-7.10977012021201,-0.7294286867550441,0.08571428571428572,-7.839198806967054,-7.10977012021201
raw,74,15,4,pp,0.1,0.6958748372395833,9,-0.4754417351314,0.15714285714285714,-7.557118036406381,-7.081676301274981,-1.4051762866973876,0.011428571428571429,-10.537846474647521,-9.132670187950135,-0.8942044976779393,0.03,-7.663449053083148,-6.769244555405208
raw,74,15,4,do,0.05,0.122087842623392,6,-0.47469811030796594,0.15857142857142856,-7.555497196742467,-7.0807990864345,-0.7866790567125593,0.11571428571428571,-8.63861602987562,-7.85193697316306,-0.5241644069126674,0.17714285714285713,-6.198163076809474,-5.673998669896807
raw,75,15,5,do,0.1,2.4736562379201246,70,-0.47504306180136546,0.15714285714285714,-7.556434003966195,-7.08139094216483,-0.9056366985184806,0.13428571428571429,-8.1684680550439,-7.262831356525421,-0.9056366985184806,0.13428571428571429,-8.1684680550439,-7.262831356525421
raw,75,15,5,pp,0.1,2.2611736822128297,28,-0.47538518565041676,0.15571428571428572,-7.555523443222046,-7.080138257571629,-0.9610992448670523,0.05,-7.414713138171605,-6.453613893304552,-0.912103271824973,0.03571428571428571,-6.495900204862867,-5.5837969330378945
raw,76,16,1,do,0.1,2.5336389891306563,45,-0.4756037848336356,0.15714285714285714,-7.556035601752145,-7.08043181691851,-0.9166706820896694,0.20142857142857143,-10.013695347990309,-9.097024665900639,-0.6905415150097438,0.20142857142857143,-8.550194473607199,-7.859652958597455
raw,76,16,1,pp,0.1,4.122518936793009,41,-0.47514178344181607,0.15714285714285714,-7.557796218735831,-7.082654435294015,-1.1233703133038113,0.04857142857142857,-7.43390716280256,-6.310536849498749,-1.1657812098094396,0.025714285714285714,-7.779891176564353,-6.6141099667549135
raw,77,16,2,pp,0.1,1.6592107963562004,62,-0.4754626798629761,0.15571428571428572,-7.555176362310137,-7.079713682447161,-1.265259142603193,0.015714285714285715,-9.792774048532758,-8.527514905929566,-1.2465177304404123,0.02857142857142857,-9.73939358643123,-8.49287585599082
raw,77,16,2,do,0.1,0.7347091261545824,53,-0.47500215462275913,0.15714285714285714,-7.558143512180873,-7.083141357558114,-0.8554525463921683,0.054285714285714284,-9.3745414352417,-8.51908888884953,-0.8342631953103202,0.03142857142857143,-9.901880721364703,-9.067617526054383
raw,78,16,3,do,0.1,2.701939905484518,24,-0.47568638460976737,0.15571428571428572,-7.557401393481664,-7.081715008871896,-0.5602745035716465,0.19428571428571428,-8.539390570776803,-7.979116067205156,-0.5933234841482979,0.09285714285714286,-6.4964659847532,-5.903142500604902
raw,78,16,3,pp,0.1,3.054386302630106,49,-0.47590494087764196,0.15571428571428572,-7.554059094020299,-7.078154153142656,-1.3443535665103368,0.05142857142857143,-6.965000740119389,-5.620647173609052,-1.5677454481806075,0.09285714285714286,-6.732420441423144,-5.164674993242536
raw,79,16,4,pp,0.1,3.7603942330678297,66,-0.4753183555603027,0.15571428571428572,-7.553618731498719,-7.078300375938415,-1.4561191477094377,0.02142857142857143,-9.325076990808759,-7.868957843099322,-1.4356779415266854,0.02142857142857143,-9.243279700960432,-7.807601759433746
raw,79,16,4,do,0.1,3.9373758077621464,40,-0.47576456683022633,0.15714285714285714,-7.553244297845023,-7.0774797310147965,-1.0594852563313075,0.07142857142857142,-9.995949461119515,-8.936464204788209,-0.8012040850094386,0.11428571428571428,-8.825937780652728,-8.024733695643288
raw,80,16,5,do,0.1,1.790285515785217,31,-0.47541840553283693,0.15714285714285714,-7.55433025428227,-7.078911848749433,-1.0777706824030195,0.09285714285714286,-8.07420521054949,-6.996434528146471,-0.6910854128428868,0.05,-6.174400980813163,-5.483315567970276
raw,80,16,5,pp,0.1,0.9783129692077637,49,-0.47474525042942595,0.15714285714285714,-7.558471924918038,-7.083726674488613,-1.3832289334705898,0.06571428571428571,-9.317590497561863,-7.934361564091274,-1.4117617218835012,0.06714285714285714,-9.245770156042916,-7.834008434159415
raw,81,17,1,pp,0.1,3.4880139096577967,58,-0.47418531009129117,0.15857142857142856,-7.554366512298584,-7.080181202207293,-0.8018811198643275,0.26142857142857145,-6.947621016502381,-6.1457398966380525,-0.7301079276629857,0.29714285714285715,-7.247015811375209,-6.516907883712223
raw,81,17,1,do,0.1,0.9283381509780888,35,-0.4754109518868583,0.15714285714285714,-7.552406867572239,-7.076995915685381,-0.7495449239867075,0.21,-8.716284995079041,-7.9667400710923335,-0.8466152940477644,0.054285714285714284,-8.596196211406163,-7.749580917358398
raw,82,17,2,do,0.1,1.6125515127182002,31,-0.4759509869984218,0.15857142857142856,-7.557867770876204,-7.081916783877782,-1.0867503704343524,0.07857142857142857,-9.037452265194483,-7.950701894760132,-1.2083148384094238,0.015714285714285715,-8.346613262380872,-7.138298423971449
raw,82,17,2,pp,0.1,2.8571258974075313,31,-0.4754015690939767,0.15571428571428572,-7.555862983294896,-7.0804614142009195,-2.543924060889653,0.008571428571428572,-10.850746094158717,-8.306822033269064,-2.5171985377584183,0.007142857142857143,-9.562854024342128,-7.045655486583709
raw,83,17,3,do,0.1,3.397495323816935,56,-0.4751546587262835,0.15714285714285714,-7.556958193778992,-7.081803535052709,-0.9393287876674107,0.12571428571428572,-11.04998337336949,-10.110654585702079,-0.9672752060209002,0.09857142857142857,-9.418658659117563,-8.451383453096662
raw,83,17,3,pp,0.1,1.9805793523788457,21,-0.47511317457471575,0.15571428571428572,-7.557886174065726,-7.08277299949101,-1.1661035789762224,0.18142857142857144,-9.713314249856131,-8.54721067087991,-1.3795892412321908,0.03142857142857143,-7.440300899914333,-6.060711658682142
raw,84,17,4,pp,0.1,3.9561896069844575,70,-0.4744321039744786,0.15714285714285714,-7.555148576327733,-7.080716472353254,-1.0956248933928354,0.12142857142857143,-7.521883383478437,-6.426258490085602,-1.0956248933928354,0.12142857142857143,-7.521883383478437,-6.426258490085602
raw,84,17,4,do,0.1,1.0827433331807441,25,-0.4751031759807042,0.15857142857142856,-7.559235371180943,-7.0841321952002385,-0.5598892361777169,0.29428571428571426,-7.101264360972813,-6.541375124795096,-0.6572730210849217,0.18,-6.998070400101798,-6.340797379016876
raw,85,17,5,do,0.1,1.951089186668396,55,-0.4758435882840838,0.15571428571428572,-7.555710883140564,-7.07986729485648,-0.5994667087282454,0.21285714285714286,-8.166535301889692,-7.567068593161447,-0.6051455123083932,0.21714285714285714,-8.332384320667812,-7.727238808359418
raw,85,17,5,pp,0.1,2.9197000678380336,40,-0.4750252934864589,0.15571428571428572,-7.553848812920706,-7.0788235194342475,-0.9300704094341823,0.07428571428571429,-6.205503627572741,-5.275433218138558,-0.8319902420043945,0.10428571428571429,-5.883130801405225,-5.051140559400831
raw,86,18,1,pp,0.1,1.9151818847656248,66,-0.47587953635624475,0.15714285714285714,-7.560724028178623,-7.084844491822379,-0.8664838787487575,0.09285714285714286,-6.931969395365034,-6.065485516616277,-0.8774594092369079,0.09285714285714286,-7.041912295477731,-6.164452886240823
raw,86,18,1,do,0.1,1.137754335403443,16,-0.4752729756491525,0.15857142857142856,-7.553929359572274,-7.078656383923122,-0.9560947247913906,0.15428571428571428,-11.059193022591726,-10.103098297800337,-0.6395848999704633,0.14285714285714285,-7.383787535258702,-6.7442026352882385
raw,87,18,2,do,0.1,0.32074570655822754,10,-0.4749244601385934,0.15714285714285714,-7.557095806258065,-7.0821713461194715,-1.7628349692480905,0.09142857142857143,-13.018999168532236,-11.256164199284145,-0.8270036826814924,0.08571428571428572,-6.490005066394806,-5.663001383713313
raw,87,18,2,pp,0.1,0.9783693440755208,26,-0.47592463629586357,0.15571428571428572,-7.556092944826399,-7.080168308530535,-1.3753627787317548,0.09428571428571429,-8.533644043377468,-7.158281264645713,-1.5018297243118286,0.07285714285714286,-8.80212175164904,-7.3002920273372105
raw,88,18,3,do,0.1,0.9285436407725012,20,-0.4741976588112967,0.15714285714285714,-7.55379211970738,-7.079594460896083,-0.8253403585297721,0.09285714285714286,-6.933153214114053,-6.107812855584281,-0.8187290617397853,0.11142857142857143,-6.538500870636531,-5.719771808896746
raw,88,18,3,pp,0.1,1.1003209749857579,70,-0.4753255101612636,0.15571428571428572,-7.55577860219138,-7.080453092030116,-1.4396346654210772,0.08142857142857143,-8.68978133882795,-7.250146673406873,-1.4396346654210772,0.08142857142857143,-8.68978133882795,-7.250146673406873
raw,89,18,4,pp,0.1,2.9778117291132613,52,-0.47554160526820594,0.15571428571428572,-7.553726290975298,-7.078184685707092,-1.7946615515436446,0.08428571428571428,-7.076914155483246,-5.282252603939601,-1.8630816309792655,0.09142857142857143,-7.510490479128701,-5.647408848149436
raw,89,18,4,do,0.1,2.603236400286357,33,-0.4752396304266793,0.15714285714285714,-7.553660670007978,-7.078421039581299,-1.1193722912243433,0.06857142857142857,-8.1740035370418,-7.054631245817457,-0.9134843993186951,0.08714285714285715,-6.805118294784001,-5.891633895465306
raw,90,18,5,pp,0.1,2.208093942006429,70,-0.47572809628077917,0.15857142857142856,-7.556633127076285,-7.080905030795506,-0.6314614057540894,0.12857142857142856,-5.651686558382852,-5.020225152628762,-0.6314614057540894,0.12857142857142856,-5.651686558382852,-5.020225152628762
raw,90,18,5,do,0.1,0.8007566134134922,10,-0.47514716284615655,0.15714285714285714,-7.554854506083897,-7.07970734323774,-0.9096977022715977,0.11285714285714285,-9.147691332272121,-8.237993630000522,-0.5893558509009225,0.1742857142857143,-6.114550116062165,-5.525194265161242
raw,91,19,1,do,0.1,3.4672079531351727,41,-0.4749319212777274,0.15714285714285714,-7.554890251159668,-7.079958329881941,-0.798612003326416,0.22,-8.776354662690844,-7.977742659364428,-0.8099491085324969,0.20142857142857143,-8.600766800812313,-7.790817692279815
raw,91,19,1,pp,0.1,1.292205413182577,31,-0.47541236060006276,0.15714285714285714,-7.5536743920189995,-7.078262031418936,-1.3978550927979605,0.017142857142857144,-8.113877504553114,-6.716022411755153,-1.1820187064579555,0.04428571428571428,-7.383019132614136,-6.20100042615618
raw,92,19,2,do,0.1,3.5312844721476235,48,-0.47420066152300155,0.15857142857142856,-7.554363010270255,-7.080162348747254,0.08966898271015712,0.4857142857142857,-6.223950751168387,-6.313619733878545,0.00014560937881469727,0.46285714285714286,-6.418231061526707,-6.418376670905522
raw,92,19,2,pp,0.1,1.1530643971761076,15,-0.47494909422738213,0.15857142857142856,-7.557547719819206,-7.082598625591823,-1.23626067672457,0.16142857142857142,-8.671660710743495,-7.435400034018925,-1.3617063161305019,0.03428571428571429,-7.114209975515093,-5.752503659384591
raw,93,19,3,do,0.1,3.152972551981609,53,-0.4757103020804269,0.15571428571428572,-7.553763799667358,-7.078053497586931,-0.8111207457951137,0.26571428571428574,-8.644224074908665,-7.833103329113552,-1.234256568295615,0.16714285714285715,-10.005341970579964,-8.77108540228435
raw,93,19,3,pp,0.1,2.8163195196787516,50,-0.4757165118626186,0.15714285714285714,-7.55645912374769,-7.0807426118850705,-1.0190664410591126,0.07,-7.041657000609806,-6.022590559550694,-1.078751243863787,0.06857142857142857,-7.1963948631286625,-6.117643619264875
raw,94,19,4,pp,0.1,1.957777732213339,24,-0.4758200189045497,0.15714285714285714,-7.5585582760402135,-7.082738257135664,-1.766983015196664,0.06857142857142857,-9.911069450719015,-8.144086435522352,-1.7987819637571063,0.025714285714285714,-9.30709632226399,-7.508314358506884
raw,94,19,4,do,0.1,2.349827208518982,70,-0.47525579384395056,0.15857142857142856,-7.554492511749268,-7.079236717905317,-0.46096565008163454,0.3442857142857143,-7.911326690741948,-7.450361040660313,-0.46096565008163454,0.3442857142857143,-7.911326690741948,-7.450361040660313
raw,95,19,5,do,0.1,1.5785336875915528,18,-0.4758524601800101,0.15714285714285714,-7.555454421043396,-7.079601960863386,-0.8890444891793388,0.20857142857142857,-8.617689928667886,-7.728645439488547,-0.5653457995823451,0.18428571428571427,-6.521587369101388,-5.956241569519043
raw,95,19,5,pp,0.1,1.5464696566263836,60,-0.4752289376940046,0.15857142857142856,-7.557427413122994,-7.08219847542899,-1.7126174780300685,0.09857142857142857,-8.414226687976292,-6.7016092099462234,-1.8299288286481585,0.08428571428571428,-8.95100399017334,-7.121075161525181
raw,96,20,1,pp,0.1,1.0763410059610994,13,-0.47466718196868896,0.15714285714285714,-7.556087310654776,-7.081420128686087,-1.4839777459417072,0.04428571428571428,-9.05231265272413,-7.568334906782423,-1.187558253492628,0.005714285714285714,-7.347463157176971,-6.159904903684343
raw,96,20,1,do,0.1,2.1011799939473477,22,-0.4753149720600673,0.15714285714285714,-7.555273210661752,-7.079958238601685,-0.597966445173536,0.2257142857142857,-7.93790840455464,-7.339941959381104,-0.7585152871268136,0.18285714285714286,-8.594593257904053,-7.836077970777239
raw,97,20,2,do,0.1,1.9335574356714886,17,-0.4749454654966082,0.15714285714285714,-7.556187709399632,-7.081242243903024,-1.1090251227787562,0.08857142857142856,-9.820985644204276,-8.71196052142552,-0.9280730949129377,0.1442857142857143,-8.126995569637844,-7.198922474724906
raw,97,20,2,pp,0.1,1.9259679126739497,20,-0.4762306731087821,0.15714285714285714,-7.554706800324576,-7.0784761272157946,-2.207922455242702,0.015714285714285715,-9.444336766515459,-7.236414311272758,-1.4834658936091831,0.007142857142857143,-7.843200155666897,-6.359734262057713
raw,98,20,3,pp,0.1,3.3759360790252675,63,-0.4756199952534267,0.15714285714285714,-7.555908993312291,-7.080288998058864,-1.2933449183191572,0.04857142857142857,-9.658600830350604,-8.365255912031445,-1.2396222983087812,0.06,-9.353852327210562,-8.114230028901781
raw,98,20,3,do,0.1,4.007218591372172,35,-0.47500332968575615,0.15571428571428572,-7.554858103479658,-7.079854773793902,-0.2892414849145072,0.40714285714285714,-12.44897831235613,-12.159736827441625,0.8409750488826206,0.7885714285714286,-7.32479672227587,-8.165771771158491
raw,99,20,4,pp,0.1,1.5109882434209183,33,-0.475111597606114,0.15714285714285714,-7.553928822108677,-7.078817224502563,-1.4523772862979345,0.03,-7.421610661915371,-5.969233375617436,-1.5832226705551147,0.02,-7.418064673968724,-5.834842003413609
raw,99,20,4,do,0.1,2.4763250700632735,70,-0.47548057079315187,0.15714285714285714,-7.559601609366281,-7.084121038573129,-1.1075531673431396,0.10857142857142857,-8.286955349104746,-7.179402181761605,-1.1075531673431396,0.10857142857142857,-8.286955349104746,-7.179402181761605
raw,100,20,5,pp,0.1,2.664183797836303,22,-0.47564951147351947,0.15714285714285714,-7.556608824048723,-7.080959312575204,-1.8548375398772103,0.045714285714285714,-7.739437142099653,-5.884599602222442,-1.514912473133632,0.06142857142857143,-5.939988119942801,-4.425075646809169
raw,100,20,5,do,0.1,1.3021891085306816,68,-0.4744590732029506,0.15714285714285714,-7.5546971007755825,-7.080238027572632,-0.9449779340199062,0.20142857142857143,-11.107433783667428,-10.162455849647522,-0.941928550856454,0.21142857142857144,-11.09939631325858,-10.157467762402126
raw,101,21,1,do,0.1,2.454471515019735,70,-0.4747391721180507,0.15857142857142856,-7.553786384718759,-7.079047212600708,-0.8230803513526916,0.12,-9.086239543642316,-8.263159192289624,-0.8230803513526916,0.12,-9.086239543642316,-8.263159192289624
raw,101,21,1,pp,0.1,2.2331134160359696,45,-0.4748800992965698,0.15714285714285714,-7.556666530200413,-7.081786430903843,-1.3529175898006984,0.09571428571428571,-9.161926832539695,-7.8090092427389965,-1.1289527767045158,0.12285714285714286,-8.282195445810045,-7.15324266910553
raw,102,21,2,do,0.1,2.1810736004511506,29,-0.4750908293042864,0.16,-7.556603999137878,-7.081513169833592,-1.2840772506168912,0.15571428571428572,-9.133983723776682,-7.84990647315979,-1.262745954649789,0.08,-7.973852010454451,-6.711106055804661
raw,102,21,2,pp,0.1,0.2809548823038739,6,-0.47452447754996163,0.15857142857142856,-7.555875680106027,-7.081351202556065,-1.6168812268120902,0.08428571428571428,-12.782228651046752,-11.165347424234662,-0.9422488921029227,0.06142857142857143,-6.240671933037894,-5.2984230409349715
raw,103,21,3,pp,0.1,1.5157800134023027,57,-0.4749094942637852,0.15857142857142856,-7.5555387163162235,-7.080629222052438,-0.8064505018506731,0.36142857142857143,-9.738140088490077,-8.931689586639404,-0.84536484173366,0.35714285714285715,-10.049618983949934,-9.204254142216273
raw,103,21,3,do,0.05,0.26049059549967435,17,-0.47498749324253625,0.15714285714285714,-7.556707489831107,-7.08171999658857,-0.7459471940994262,0.14,-7.827616912978036,-7.08166971887861,-0.5413652753829956,0.15285714285714286,-6.2553810463632855,-5.71401577098029
raw,104,21,4,pp,0.05,-0.09212892850240095,5,-0.47540187767573766,0.15571428571428572,-7.554940379006522,-7.079538501330784,-0.9015099883079529,0.047142857142857146,-7.11488238470895,-6.213372396400997,-0.7717778866631644,0.027142857142857142,-5.41739202771868,-4.645614141055516
raw,104,21,4,do,0.1,0.6876944828033462,70,-0.4752140630994524,0.15714285714285714,-7.556061841419765,-7.0808477783203125,-0.7852397980008806,0.13857142857142857,-10.089975115231105,-9.304735317230225,-0.7852397980008806,0.13857142857142857,-10.089975115231105,-9.304735317230225
raw,105,21,5,do,0.1,0.2299021228154503,19,-0.47542256355285645,0.15714285714285714,-7.554963142531259,-7.079540578978402,-0.9425496203558785,0.29,-10.476951144082205,-9.534401523726327,-1.0550142250742232,0.1457142857142857,-8.23274710723332,-7.177732882159097
raw,105,21,5,pp,0.01,-0.05322680791219092,13,-0.4754324763161796,0.15714285714285714,-7.556472486087254,-7.081040009771074,-0.955397299017225,0.05142857142857143,-6.93997069971902,-5.984573400701795,-0.8911873282705034,0.06285714285714286,-5.882931432383401,-4.991744104112898
raw,106,22,1,do,0.05,-0.19486919085184784,6,-0.47514838899884904,0.15714285714285714,-7.558359007835389,-7.08321061883654,-0.4879621948514666,0.15285714285714286,-7.364331547873361,-6.876369353021894,-0.6456848171779087,0.09428571428571429,-6.241554569516863,-5.595869752338954
raw,106,22,1,pp,0.1,0.6240775012969966,63,-0.4743420784814017,0.15857142857142856,-7.553807287216187,-7.079465208734785,-1.342138946396964,0.014285714285714285,-8.767557460239955,-7.425418513842992,-1.3612796054567609,0.012857142857142857,-8.871709152630396,-7.510429547173636
raw,107,22,2,pp,0.1,2.914011392593382,24,-0.4753903457096645,0.15714285714285714,-7.556496831348964,-7.0811064856393,-0.8901813418524606,0.30142857142857143,-11.739058814729963,-10.848877472877502,-1.4916195065634592,0.07857142857142857,-8.474006907599312,-6.9823874010358535
raw,107,22,2,do,0.1,1.852621571222942,50,-0.47486063071659634,0.15714285714285714,-7.555217149598258,-7.080356518881661,-0.7539598717008318,0.16,-9.157309751851217,-8.403349880150387,-0.5151723868506295,0.2957142857142857,-10.018151941299438,-9.502979554448808
raw,108,22,3,do,0.1,1.6131438763936359,49,-0.47567820957728796,0.15714285714285714,-7.5543371759142195,-7.078658966336931,-0.4510457880156381,0.19285714285714287,-6.965579845905304,-6.514534057889666,-0.4076583429745265,0.21142857142857144,-6.782967345033373,-6.375309002058847
raw,108,22,3,pp,0.1,1.6010528802871704,55,-0.4748173373086112,0.15857142857142856,-7.5561795261928015,-7.0813621888841904,-1.4328877091407777,0.004285714285714286,-8.035315356595175,-6.602427647454398,-1.4038418061392648,0.02,-7.956962953295027,-6.553121147155761
raw,109,22,4,do,0.1,2.604303776423137,44,-0.4759243788037981,0.15571428571428572,-7.557094922065735,-7.081170543261937,-0.027126779896872386,0.4657142857142857,-8.616092552116939,-8.588965772220067,0.5989331231798445,0.6542857142857142,-9.939849410057068,-10.538782533236912
raw,109,22,4,pp,0.1,2.2485048818588265,26,-0.4746777527672904,0.15857142857142856,-7.554829909460885,-7.080152156693595,-1.2168136589867729,0.14,-8.97997690337045,-7.7631632443836756,-1.1900553240094867,0.06,-7.43471118586404,-6.244655861854553
raw,110,22,5,do,0.1,2.585874746640523,61,-0.4757505866459438,0.15571428571428572,-7.556859053203038,-7.081108466557094,0.709526630469731,0.7185714285714285,-8.152823627676282,-8.862350258146014,0.8435795766966684,0.7314285714285714,-8.156576866762979,-9.000156443459646
raw,110,22,5,pp,0.1,2.3065496444702145,31,-0.4758769512176514,0.15571428571428572,-7.554044711249215,-7.078167760031564,-1.091590666770935,0.08857142857142856,-7.528496513026101,-6.436905846255166,-1.3280342640195575,0.04285714285714286,-8.614596545015063,-7.286562280995505
raw,111,23,1,pp,0.1,0.6210892184575396,39,-0.4746927274976458,0.16,-7.554499977656773,-7.079807250159127,-1.0792906710079737,0.10571428571428572,-7.892907791478294,-6.81361712047032,-1.073807647909437,0.14,-8.119632508414131,-7.045824860504696
raw,111,23,1,do,0.1,1.3765626955032344,16,-0.4754847036089216,0.15714285714285714,-7.559240738323757,-7.083756034714835,0.4155786660739354,0.5928571428571429,-10.260587856769561,-10.676166522843497,-0.8819368774550301,0.11285714285714285,-6.090398952960968,-5.208462075505937
raw,112,23,2,pp,0.1,2.2689762242635085,66,-0.4755433702468872,0.15714285714285714,-7.556952256475176,-7.081408886228289,-0.847876523903438,0.24857142857142858,-6.650121034894671,-5.802244510991232,-0.8289838113103594,0.2557142857142857,-6.675334156581334,-5.846350345270975
raw,112,23,2,do,0.1,0.994717572530111,12,-0.4746638509205409,0.15571428571428572,-7.553634088379996,-7.078970237459456,-0.5933615435872759,0.22,-8.438526057175228,-7.845164513587951,-0.5057042172976902,0.2671428571428571,-6.551873309271676,-6.046169091973986
raw,113,23,3,pp,0.1,1.9099280977249142,42,-0.47537655353546143,0.15571428571428572,-7.5560911893844604,-7.080714635848999,-1.008163319655827,0.014285714285714285,-6.1489098538671225,-5.140746534211295,-1.0763914745194572,0.012857142857142857,-6.85118043082101,-5.774788956301553
raw,113,23,3,do,0.1,1.7072159624099736,59,-0.4754387623923165,0.15571428571428572,-7.554860758100237,-7.0794219957079205,-1.0723358937672207,0.03571428571428571,-9.304127427509853,-8.231791533742632,-1.1582723324639457,0.024285714285714285,-9.781199079922267,-8.622926747458322
raw,114,23,4,pp,0.1,1.7509690316518158,34,-0.47543321337018696,0.15714285714285714,-7.554722217832293,-7.0792890044621055,-1.3289627882412502,0.04285714285714286,-7.149859623908997,-5.820896835667747,-1.4757575018065316,0.024285714285714285,-7.461189902509962,-5.98543240070343
raw,114,23,4,do,0.1,1.7433213456471766,14,-0.4755320453643799,0.15571428571428572,-7.557166541644505,-7.081634496280126,-0.7665339142935617,0.15285714285714286,-8.075069571222578,-7.308535656929016,-0.9622146681376866,0.06,-7.020013204983303,-6.057798536845616
raw,115,23,5,do,0.1,1.4391355037689202,17,-0.4760741860525949,0.15714285714285714,-7.554128451347351,-7.078054265294756,-0.45172935009002685,0.24428571428571427,-7.574682590961456,-7.122953240871429,-0.7742534794126238,0.041428571428571426,-7.891338121550424,-7.1170846421378
raw,115,23,5,pp,0.1,1.5735272836685184,41,-0.47587977749960764,0.15571428571428572,-7.555754572323391,-7.079874794823783,-1.3173549890518188,0.011428571428571429,-8.23217556476593,-6.914820575714112,-1.2987138090814863,0.02857142857142857,-8.648333931309836,-7.34962012222835
raw,116,24,1,pp,0.1,4.478105103174846,42,-0.47529500075748987,0.15714285714285714,-7.555599733080183,-7.080304732322693,-1.2521041478429522,0.0,-6.883028122016362,-5.63092397417341,-1.306731389590672,0.037142857142857144,-7.666078621319362,-6.35934723172869
raw,116,24,1,do,0.1,3.605637381871542,20,-0.47585949080330986,0.15571428571428572,-7.555504034587315,-7.079644543784005,-0.4525864458084106,0.36714285714285716,-10.03024124281747,-9.577654797009059,-0.9109299319131033,0.08857142857142856,-8.394911845752171,-7.4839819138390675
raw,117,24,2,pp,0.1,1.7884089183807363,26,-0.47501603126525876,0.15714285714285714,-7.554375198909215,-7.079359167643956,-1.1447089743614196,0.02857142857142857,-7.4165051886013575,-6.271796214239938,-0.9579829474857875,0.032857142857142856,-5.995829894542694,-5.037846947056907
raw,117,24,2,do,0.1,2.906547644933066,27,-0.4752270827974592,0.15857142857142856,-7.556779116221836,-7.081552033424377,-1.5395026019641331,0.06714285714285714,-10.401237774235861,-8.861735172271729,-0.8833690868105207,0.06714285714285714,-7.1485546731948855,-6.265185586384365
raw,118,24,3,do,0.1,0.8614557027816776,13,-0.47583820274897987,0.15571428571428572,-7.557689687183925,-7.081851484434945,-1.921065957546234,0.03857142857142857,-10.50622334752764,-8.585157389981406,-1.2066258610997882,0.09857142857142857,-6.447040480886187,-5.2404146197863986
raw,118,24,3,pp,0.1,2.5168000189463307,29,-0.4757375533240182,0.15571428571428572,-7.556260547637939,-7.080522994313921,-0.9544133925437928,0.09428571428571429,-7.271618893487113,-6.31720550094332,-0.8489438196590968,0.06,-5.691227818557194,-4.842283998898098
raw,119,24,4,do,0.1,3.1640062777201345,68,-0.4758665350505284,0.15571428571428572,-7.5537315252849035,-7.077864990234375,-0.6881790607316154,0.14857142857142858,-7.23919928925378,-6.551020228522164,-0.6815628760201591,0.15285714285714286,-7.157279441356659,-6.4757165653365
raw,119,24,4,pp,0.1,2.005899566014609,35,-0.47515867505754744,0.15571428571428572,-7.556921578816005,-7.081762903758458,-0.8262152760369437,0.2557142857142857,-6.537512235982078,-5.711296959945134,-0.981247079372406,0.09857142857142857,-6.732249617917197,-5.751002538544791
raw,120,24,5,pp,0.1,3.380086967150371,50,-0.47552840982164657,0.15571428571428572,-7.55527624811445,-7.079747838292803,-1.2425769199643817,0.10142857142857142,-6.774786653859275,-5.532209733894893,-1.2407526063919068,0.07428571428571429,-6.087807916573116,-4.847055310181209
raw,120,24,5,do,0.1,3.4270108866691595,27,-0.47442716121673584,0.15857142857142856,-7.553537823132106,-7.0791106619153705,0.01661473751068115,0.4585714285714286,-5.738259377138955,-5.7548741146496365,-0.7049519416264125,0.08571428571428572,-4.943541843891143,-4.2385899022647315
raw,121,25,1,do,0.1,5.507577163378398,50,-0.47529328210013255,0.15857142857142856,-7.5531770147596085,-7.077883732659476,-1.3285624422345843,0.14857142857142858,-9.58987454686846,-8.261312104633877,-1.1765670258658274,0.14142857142857143,-8.249914633887155,-7.073347608021328
raw,121,25,1,pp,0.1,4.910695365269979,43,-0.4751155723844256,0.15714285714285714,-7.557552154404776,-7.0824365820203505,-1.2224151839528765,0.0,-6.745499371119908,-5.523084187167031,-1.2245304703712463,0.0,-6.831760639122554,-5.6072301687513075
raw,122,25,2,pp,0.1,3.882076366742451,70,-0.47563948154449465,0.15857142857142856,-7.554347575051444,-7.0787080935069495,-1.4082275812966483,0.0,-8.080263886451721,-6.672036305155073,-1.4082275812966483,0.0,-8.080263886451721,-6.672036305155073
raw,122,25,2,do,0.1,3.7955658547083537,48,-0.47567152227674214,0.15571428571428572,-7.55345077923366,-7.077779256956918,-1.3412954923084803,0.08571428571428572,-9.923614943368094,-8.582319451059615,-1.1748589689391,0.08,-8.66867576939719,-7.493816800458091
raw,123,25,3,do,0.1,3.818007416725159,62,-0.475367568561009,0.15714285714285714,-7.552515895707267,-7.077148327146258,-0.432241986819676,0.2957142857142857,-7.106896415778569,-6.674654428958893,-0.5457091539246696,0.29,-7.548736501761845,-7.003027347837175
raw,123,25,3,pp,0.1,3.515064444541932,30,-0.4758251523971558,0.15714285714285714,-7.559390012196132,-7.083564859798976,-1.5693079372814724,0.06857142857142857,-8.939223160403115,-7.369915223121643,-1.2642054666791644,0.03142857142857143,-7.1901021879059925,-5.925896721226828
raw,124,25,4,pp,0.1,4.872446471850077,42,-0.4752493715286255,0.15571428571428572,-7.553659304210118,-7.078409932681493,-1.2285800664765494,0.005714285714285714,-7.318844001974378,-6.090263935497829,-1.2847610677991594,0.002857142857142857,-7.390273506641388,-6.105512438842228
raw,124,25,4,do,0.1,3.70281276702881,33,-0.47474781717572895,0.15714285714285714,-7.556292115620204,-7.081544298444475,-1.0424278494289942,0.09142857142857143,-9.586465818881988,-8.544037969452994,-1.2266918107441493,0.07428571428571429,-9.707430480207716,-8.480738669463566
raw,125,25,5,do,0.1,3.506566972732543,52,-0.4756100572858538,0.15571428571428572,-7.556167010579791,-7.080556953293937,-1.2194722996439253,0.15,-10.098419671739851,-8.878947372095926,-1.3864180190222604,0.09285714285714286,-10.21749458687646,-8.8310765678542
raw,125,25,5,pp,0.1,4.017048536936442,44,-0.4757459204537528,0.15571428571428572,-7.554804332596915,-7.079058412143162,-1.3719575503894261,0.0,-8.090287102971757,-6.718329552582332,-1.2510140194211687,0.02,-7.830984034197671,-6.579970014776502
raw,126,26,1,do,0.1,3.886431218783059,39,-0.47546742166791645,0.15571428571428572,-7.555278929982866,-7.07981150831495,-0.6109428630556379,0.14142857142857143,-6.557518929413387,-5.946576066357749,-0.7355837399618966,0.07714285714285714,-6.648619210379464,-5.913035470417568
raw,126,26,1,pp,0.1,2.912397750218709,36,-0.4744050516401018,0.16,-7.553978869574411,-7.079573817934309,-1.064619096006666,0.08428571428571428,-8.20696914434433,-7.142350048337664,-1.1077312578473772,0.03428571428571429,-8.096668506349836,-6.988937248502459
raw,127,26,2,do,0.1,2.4508168792724607,36,-0.4756095164162772,0.15714285714285714,-7.5518146780559,-7.076205161639622,-0.6002131087439401,0.21714285714285714,-10.24518830026899,-9.64497519152505,-0.5446320417949132,0.23714285714285716,-9.01764196055276,-8.473009918757848
raw,127,26,2,pp,0.1,1.3439722315470384,14,-0.4760276848929269,0.15571428571428572,-7.554445994240897,-7.0784183093479704,-1.1582820091928754,0.05285714285714286,-9.749196260316031,-8.590914251123156,-1.0210678839683534,0.015714285714285715,-6.848231932776315,-5.827164048807962
raw,128,26,3,pp,0.1,1.2669470055898024,24,-0.4747204923629761,0.15857142857142856,-7.554193351609366,-7.0794728592463905,-0.9533178673471723,0.15,-8.359634660312107,-7.406316792964935,-0.8802734351158142,0.15428571428571428,-7.658833946500506,-6.778560511384692
raw,128,26,3,do,0.1,0.46068044980366984,12,-0.4753417641775949,0.15714285714285714,-7.558277427128383,-7.0829356629507885,-0.5133051994868687,0.32,-11.006196994781494,-10.492891795294625,-0.5558898762294224,0.2042857142857143,-8.83168235029493,-8.275792474065508
raw,129,26,4,pp,0.1,1.5797674004236857,12,-0.47497657299041746,0.15714285714285714,-7.552738697188241,-7.0777621241978235,-0.86074887241636,0.11714285714285715,-6.9127121421269,-6.051963269710541,-0.8589519827706473,0.02142857142857143,-5.254733072349003,-4.395781089578356
raw,129,26,4,do,0.1,2.8129179016749077,70,-0.474971889768328,0.15714285714285714,-7.554187618664333,-7.0792157288960045,-0.8022806239128113,0.11857142857142858,-8.412318541322435,-7.610037917409624,-0.8022806239128113,0.11857142857142858,-8.412318541322435,-7.610037917409624
raw,130,26,5,pp,0.1,1.4857427438100173,41,-0.4751146582194737,0.15714285714285714,-7.555159214564732,-7.080044556345259,-1.1904989995275226,0.09285714285714286,-8.052285904884338,-6.861786905356816,-1.069496840749468,0.032857142857142856,-6.7431099987030025,-5.673613157953535
raw,130,26,5,do,0.1,2.717484712600708,43,-0.47508354800088065,0.15714285714285714,-7.559019431386675,-7.083935883385794,-0.5515792993136814,0.2857142857142857,-8.7894418828828,-8.237862583569118,-0.6605313270432609,0.16714285714285715,-8.012981716564724,-7.352450389521462
raw,131,27,1,do,0.1,2.9346097548802685,21,-0.47489257540021623,0.15571428571428572,-7.554738589014326,-7.07984601361411,-0.7523635101318359,0.1357142857142857,-7.430922240189144,-6.678558730057308,-0.5288234356471471,0.2257142857142857,-5.8522434997558594,-5.323420064108713
raw,131,27,1,pp,0.1,4.205057560602825,69,-0.47528423036847794,0.15714285714285714,-7.555183059147426,-7.079898828778948,-1.05959664276668,0.18428571428571427,-10.922474233082363,-9.862877590315682,-1.0553386415754045,0.18714285714285714,-10.872472630228316,-9.81713398865291
raw,132,27,2,do,0.1,0.8875860691070567,41,-0.47467598506382536,0.15714285714285714,-7.556413783345904,-7.081737798282078,-0.675727425983974,0.12428571428571429,-7.725467553138733,-7.049740127154759,-0.6820648966516767,0.10285714285714286,-8.206268113000052,-7.524203216348376
raw,132,27,2,pp,0.1,1.4072842264175414,42,-0.47487915175301687,0.15857142857142856,-7.554237245832171,-7.079358094079154,-1.0665902536255973,0.07857142857142857,-8.877401681286948,-7.810811427661351,-1.0274442856652397,0.055714285714285716,-8.208397998128618,-7.180953712463379
raw,133,27,3,do,0.1,2.379513182640075,19,-0.47562110900878907,0.15571428571428572,-7.555097153527396,-7.079476044518607,-0.05719713653836932,0.4957142857142857,-10.208692384106772,-10.151495247568404,-0.3191086844035557,0.44857142857142857,-7.716236883912767,-7.397128199509212
raw,133,27,3,pp,0.1,2.8752336804072067,39,-0.47560970102037703,0.15714285714285714,-7.556283307075501,-7.080673606055123,-0.7096938606670925,0.12285714285714286,-6.35296462569918,-5.643270765032087,-0.7537223196029663,0.12571428571428572,-7.013183513368879,-6.259461193765913
raw,134,27,4,do,0.1,3.35631754398346,39,-0.4750952019010271,0.15714285714285714,-7.558244045121329,-7.083148843220302,-0.847401374748775,0.15857142857142856,-6.790010757786887,-5.942609383038112,-0.5305879395348685,0.30428571428571427,-6.335365969453539,-5.804778029918671
raw,134,27,4,pp,0.1,3.240947182973226,27,-0.4759045614515032,0.15714285714285714,-7.557870902333941,-7.081966340882437,-1.2169678633553642,0.07714285714285714,-7.49271080834525,-6.275742944989886,-1.1278241896629333,0.04,-5.34546208688191,-4.217637897218976
raw,135,27,5,do,0.1,2.0376369269688928,28,-0.47570281778063095,0.15714285714285714,-7.557030805860247,-7.081327988079616,-0.3617730872971671,0.30428571428571427,-8.208182690484183,-7.846409603187016,-0.42554259538650513,0.2357142857142857,-7.121168323925564,-6.695625728539058
raw,135,27,5,pp,0.1,3.243296070098876,38,-0.4750576339449201,0.15714285714285714,-7.554198743275234,-7.079141109330314,-0.7343346234730311,0.11285714285714285,-6.463982464926583,-5.729647841453552,-0.8285322349412101,0.11285714285714285,-6.298688490050179,-5.47015625510897
raw,136,28,1,do,0.1,1.559436038335165,16,-0.4751687226976667,0.15571428571428572,-7.558858130999974,-7.083689408302307,0.7618325621741159,0.6528571428571428,-6.658723442895072,-7.420556005069188,-0.5250162485667638,0.17285714285714285,-5.942920250552041,-5.417904001985278
raw,136,28,1,pp,0.1,1.7647372595469157,23,-0.47576195989336284,0.15571428571428572,-7.554524401937212,-7.07876244204385,-0.7693807220458985,0.09571428571428571,-5.650540625708444,-4.881159903662545,-0.9290210911205836,0.03428571428571429,-6.03959369795663,-5.110572606836047
raw,137,28,2,do,0.1,5.073210797309875,38,-0.47483317375183104,0.15714285714285714,-7.554962208611625,-7.080129034859794,-0.6817047711781093,0.18285714285714286,-8.336775998388019,-7.655071227209908,-0.831325547354562,0.1742857142857143,-7.6489808518545965,-6.817655304500035
raw,137,28,2,pp,0.1,3.039061954816183,51,-0.4762084116254534,0.15571428571428572,-7.5573665189743044,-7.081158107348851,-1.0270327482904706,0.1357142857142857,-7.83313143321446,-6.806098684923989,-1.2738759940011162,0.07571428571428572,-6.9209365572248185,-5.647060563223703
raw,138,28,3,pp,0.1,3.062070970535279,70,-0.475663252558027,0.15714285714285714,-7.556380425180707,-7.0807171726226805,-0.9434663077763149,0.18428571428571427,-8.568007209300994,-7.62454090152468,-0.9434663077763149,0.18428571428571427,-8.568007209300994,-7.62454090152468
raw,138,28,3,do,0.1,2.8874259948730465,59,-0.4751627792630877,0.15714285714285714,-7.553365280968802,-7.078202501705714,1.2633816603251866,0.9085714285714286,-8.495350967134748,-9.758732627459935,1.3497234875815256,0.92,-8.314797123500279,-9.664520611081805
raw,139,28,4,do,0.1,2.515632648468017,70,-0.47505454540252684,0.15714285714285714,-7.554642466136388,-7.079587920733861,-0.46828326157161165,0.3314285714285714,-9.624226197515215,-9.155942935943603,-0.46828326157161165,0.3314285714285714,-9.624226197515215,-9.155942935943603
raw,139,28,4,pp,0.1,3.0807746680577583,49,-0.47490388325282507,0.15714285714285714,-7.559855051721845,-7.08495116846902,-1.452552159854344,0.007142857142857143,-9.36436861378806,-7.9118164539337155,-1.2812522206987653,0.005714285714285714,-8.25297614642552,-6.971723925726755
raw,140,28,5,pp,0.1,1.8608322048187258,35,-0.47490006378718785,0.15714285714285714,-7.556377603667123,-7.081477539879935,-0.7960677289962769,0.11857142857142858,-6.6980414618764605,-5.901973732880184,-1.0573683312961033,0.047142857142857146,-7.070761897563934,-6.013393566267831
raw,140,28,5,do,0.1,4.183335164388021,70,-0.47545893260410854,0.15714285714285714,-7.5578424855640955,-7.082383552959987,-0.1844697366441999,0.4157142857142857,-6.546047537667411,-6.361577801023211,-0.1844697366441999,0.4157142857142857,-6.546047537667411,-6.361577801023211
raw,141,29,1,pp,0.1,3.9480667257308957,42,-0.4747067369733538,0.15714285714285714,-7.55400584765843,-7.079299110685076,-1.0540650984219142,0.07142857142857142,-6.855087754385812,-5.801022655963898,-0.8936712295668465,0.07571428571428572,-5.472790402684893,-4.5791191731180465
raw,141,29,1,do,0.1,4.237583945592245,70,-0.4759374134881156,0.15714285714285714,-7.559419125829424,-7.0834817123413085,-0.7358427923066275,0.14142857142857143,-6.650211570944105,-5.914368778637478,-0.7358427923066275,0.14142857142857143,-6.650211570944105,-5.914368778637478
raw,142,29,2,pp,0.1,1.5561738904317224,47,-0.4757533039365496,0.15571428571428572,-7.553343946593149,-7.077590642656599,-1.4152275926726205,0.03142857142857143,-8.982570546695165,-7.567342954022544,-1.290657525403159,0.05714285714285714,-8.701763263770513,-7.411105738367353
raw,142,29,2,do,0.1,1.5357855319976803,18,-0.47561250482286727,0.15571428571428572,-7.554825594765799,-7.079213089942932,0.6190631777899606,0.62,-11.641296715055192,-12.260359892845154,-0.7536230162211827,0.1957142857142857,-8.136320548398155,-7.382697532176971
raw,143,29,3,pp,0.1,2.5836491362253824,46,-0.4744068629401071,0.15857142857142856,-7.5560680116925925,-7.081661148752485,-1.141872080053602,0.12428571428571429,-8.38169052532741,-7.239818445273808,-1.1764970149312701,0.07285714285714286,-7.75682433945792,-6.5803273245266505
raw,143,29,3,do,0.1,2.4685737911860155,29,-0.475537315096174,0.15571428571428572,-7.553372802053179,-7.077835486957005,-0.49978234836033414,0.3757142857142857,-7.738659807613918,-7.238877459253584,-1.1877840542793274,0.05714285714285714,-7.894042544364929,-6.7062584900856015
raw,144,29,4,pp,0.1,3.815588501294455,49,-0.47557541506631035,0.15714285714285714,-7.557872300829207,-7.082296885762896,-0.9984730199405125,0.17285714285714285,-9.599144191741944,-8.60067117180143,-1.4459577373095922,0.07285714285714286,-9.606081818512507,-8.160124081202916
raw,144,29,4,do,0.1,2.328705277442932,65,-0.4752379090445382,0.15714285714285714,-7.555216370991298,-7.07997846194676,0.2748121660096305,0.5985714285714285,-9.156056732109615,-9.430868898119245,0.29883398805345807,0.6085714285714285,-9.517641655036382,-9.81647564308984
raw,145,29,5,do,0.1,3.8356257216135656,59,-0.47566734858921594,0.15714285714285714,-7.552416270800999,-7.076748922211784,-0.9387995529174805,0.11571428571428571,-6.99067996433803,-6.05188041142055,-0.8938324465070452,0.12,-7.176063890116556,-6.28223144360951
raw,145,29,5,pp,0.1,4.2236187934875495,46,-0.47560392447880334,0.15714285714285714,-7.558141766956874,-7.082537842478071,-0.8705015942028591,0.06571428571428571,-6.223597037451608,-5.3530954432487485,-1.1313452356202263,0.05714285714285714,-8.324135858331408,-7.192790622711182
raw,146,30,1,do,0.1,1.2320592212676997,15,-0.47529794692993166,0.15857142857142856,-7.556844555991036,-7.081546609061105,-1.6225632650511606,0.08857142857142856,-8.795030099664416,-7.172466834613255,-0.8471806110654558,0.10714285714285714,-5.524630247524806,-4.67744963645935
raw,146,30,1,pp,0.1,2.7995161501566566,32,-0.4752985497883388,0.15714285714285714,-7.558018417358398,-7.082719867570059,-0.9223165672166007,0.19285714285714287,-7.201765860489436,-6.279449293272836,-0.8856174605233329,0.05857142857142857,-6.001311959879739,-5.115694499356406
raw,147,30,2,do,0.1,1.6241463247934984,27,-0.4764704704284668,0.15571428571428572,-7.556369613919939,-7.079899143491472,-1.1777960971423558,0.08714285714285715,-7.592643423761641,-6.4148473266192845,-0.7191605755261012,0.1,-5.270173366069794,-4.551012790543693
raw,147,30,2,pp,0.1,2.4182149855295823,37,-0.47554355212620325,0.15714285714285714,-7.554889715739659,-7.079346163613455,-0.8164892779077803,0.18571428571428572,-7.56128525529589,-6.74479597738811,-1.0847624611854554,0.07428571428571429,-8.028501011303494,-6.943738550118038
raw,148,30,3,do,0.1,2.120162878036499,18,-0.47498356887272425,0.15714285714285714,-7.554389149802072,-7.079405580929348,-1.1996402427128383,0.03571428571428571,-8.453704524721418,-7.25406428200858,-0.8585173889568873,0.027142857142857142,-5.750470523493631,-4.8919531345367435
raw,148,30,3,pp,0.1,2.378232045173645,33,-0.47488827569144115,0.15714285714285714,-7.55686977318355,-7.081981497492109,-1.2866256724085126,0.014285714285714285,-7.375912421771458,-6.0892867493629455,-1.2476679846218655,0.002857142857142857,-7.394991421358926,-6.147323436737061
raw,149,30,4,pp,0.1,1.8750856240590412,33,-0.47564937250954764,0.15714285714285714,-7.5560978392192295,-7.080448466709682,-1.0470276035581316,0.03142857142857143,-6.747852390153067,-5.700824786594936,-1.0203812864848545,0.025714285714285714,-6.68002585206713,-5.659644565582275
raw,149,30,4,do,0.1,0.9010408655802413,7,-0.47406036853790284,0.15857142857142856,-7.556362830570766,-7.082302462032863,-0.8170210950715201,0.18285714285714286,-7.24554051739829,-6.428519422326769,-1.215629175390516,0.011428571428571429,-6.406787267412458,-5.191158092021942
raw,150,30,5,pp,0.1,3.191196824709575,70,-0.4756748424257551,0.15714285714285714,-7.555150551114764,-7.079475708689008,-1.0520061486107963,0.06571428571428571,-7.242648076670511,-6.190641928059714,-1.0520061486107963,0.06571428571428571,-7.242648076670511,-6.190641928059714
raw,150,30,5,do,0.1,1.5638704872131344,70,-0.47530353682381765,0.15714285714285714,-7.555156898498535,-7.079853361674718,-0.7862685339791434,0.07571428571428572,-6.512981265613011,-5.726712731633867,-0.7862685339791434,0.07571428571428572,-6.512981265613011,-5.726712731633867
raw,151,31,1,do,0.1,2.158224902153016,37,-0.475704768044608,0.15714285714285714,-7.557563541276115,-7.081858773231506,-1.2843248319625855,0.28,-12.111857984747205,-10.82753315278462,-1.723239073072161,0.21,-11.532276985985892,-9.80903791291373
raw,151,31,1,pp,0.1,2.369193441073099,35,-0.4759785727092198,0.15714285714285714,-7.557757086072649,-7.08177851336343,-1.5643515477861676,0.05285714285714286,-9.213522327627455,-7.6491707798412865,-1.5430184476716178,0.03,-8.695336861269814,-7.152318413598197
raw,152,31,2,pp,0.1,3.7850557295481364,53,-0.47460177625928607,0.15714285714285714,-7.556133120400565,-7.081531344141279,-1.3151914538655962,0.03,-8.319621507780893,-7.004430053915296,-1.213115053517478,0.02,-7.3269622206687925,-6.113847167151315
raw,152,31,2,do,0.1,4.3446284198760985,60,-0.4755042661939349,0.15571428571428572,-7.557246682984489,-7.081742416790553,-0.8125070217677525,0.21571428571428572,-9.232049309866769,-8.419542288099017,-0.808486087662833,0.22428571428571428,-8.979999468667167,-8.171513381004333
raw,153,31,3,do,0.1,1.5459087451299034,31,-0.4764416667393276,0.15571428571428572,-7.555096050671168,-7.078654383931841,-0.6137082389422825,0.26285714285714284,-7.491452658857618,-6.877744419915335,-0.8652810089928763,0.12571428571428572,-6.388023727961949,-5.522742718969073
raw,153,31,3,pp,0.1,2.98302666982015,70,-0.47640489782605855,0.15714285714285714,-7.559871814591544,-7.083466916765485,-1.925606621674129,0.037142857142857144,-9.797874927520752,-7.872268305846623,-1.925606621674129,0.037142857142857144,-9.797874927520752,-7.872268305846623
raw,154,31,4,pp,0.1,3.798462149302165,70,-0.47526195321764264,0.15714285714285714,-7.555818110193525,-7.080556156975883,-1.1127659715924945,0.07714285714285714,-8.223372537408556,-7.110606565816062,-1.1127659715924945,0.07714285714285714,-8.223372537408556,-7.110606565816062
raw,154,31,4,do,0.1,3.0302702172597256,22,-0.47577670233590263,0.15714285714285714,-7.558673285075597,-7.082896582739694,-1.0906375929287502,0.13428571428571429,-10.113757264954703,-9.023119672025953,-0.5957411193847656,0.14714285714285713,-6.278799296787807,-5.6830581774030415
raw,155,31,5,pp,0.1,2.805516630808512,63,-0.4752425275530134,0.15571428571428572,-7.552573576654707,-7.077331049101693,-0.7384412264823914,0.26857142857142857,-8.75147049665451,-8.013029270172119,-0.7749727480752128,0.26857142857142857,-9.25997124161039,-8.484998493535178
raw,155,31,5,do,0.1,2.765672539075215,29,-0.4759130110059466,0.15571428571428572,-7.560374032429286,-7.08446102142334,-2.1662295862606595,0.15857142857142856,-14.008476972239357,-11.842247385978698,-0.9913807242257254,0.1742857142857143,-7.9572421714237755,-6.9658614471980504
raw,156,32,1,pp,0.1,1.8269588088989268,17,-0.475904381615775,0.15571428571428572,-7.555769829750061,-7.079865448134286,-1.677742920943669,0.19285714285714287,-10.981731168883188,-9.303988247939518,-1.480709787096296,0.04857142857142857,-7.700103762831007,-6.219393975734711
raw,156,32,1,do,0.1,1.4863997205098478,10,-0.47545949731554304,0.15714285714285714,-7.557717088290623,-7.08225759097508,-1.3776068936075483,0.15857142857142856,-10.573245603697641,-9.195638710090092,-0.651166718346732,0.12571428571428572,-6.038171094826289,-5.387004376479558
raw,157,32,2,pp,0.1,3.3965105994542437,70,-0.47600501673562184,0.15571428571428572,-7.556402794974191,-7.080397778238569,-1.3091608851296561,0.022857142857142857,-8.606535989897592,-7.297375104767935,-1.3091608851296561,0.022857142857142857,-8.606535989897592,-7.297375104767935
raw,157,32,2,do,0.1,2.570692070325215,70,-0.4747725200653076,0.15714285714285714,-7.555504706246512,-7.080732186181205,-1.1513044660432,0.032857142857142856,-10.503756585461753,-9.352452119418553,-1.1513044660432,0.032857142857142856,-10.503756585461753,-9.352452119418553
raw,158,32,3,do,0.1,2.355156718889871,70,-0.475237831388201,0.15714285714285714,-7.552201638902937,-7.076963807514735,-0.9428703836032323,0.12,-8.115072321891784,-7.172201938288552,-0.9428703836032323,0.12,-8.115072321891784,-7.172201938288552
raw,158,32,3,pp,0.1,3.2367754666010526,48,-0.4757915312903268,0.15571428571428572,-7.552207018988473,-7.076415487698147,-1.2219188489232744,0.012857142857142857,-7.293324278422764,-6.07140542949949,-1.1658809110096522,0.014285714285714285,-6.5383013132640295,-5.372420402254377
raw,159,32,4,pp,0.1,1.5094963900248217,36,-0.47577112674713135,0.15714285714285714,-7.556797927447728,-7.081026800700596,-1.6814890364238193,0.10285714285714286,-9.283787037304469,-7.60229800088065,-1.8448076554707118,0.06857142857142857,-9.3834498494012,-7.53864219393049
raw,159,32,4,do,0.1,1.6501843961079903,23,-0.47512135437556674,0.15571428571428572,-7.554786943708147,-7.07966558933258,-0.9218322134017944,0.09571428571428571,-8.194886540685381,-7.273054327283587,-0.82162600006376,0.07714285714285714,-7.815962496485029,-6.994336496421269
raw,160,32,5,do,0.1,0.8786348883310957,43,-0.4762829712459019,0.15714285714285714,-7.556104213169643,-7.0798212419237405,0.6720912987845284,0.6185714285714285,-12.12790772983006,-12.79999902861459,0.14724873679024833,0.5271428571428571,-11.135419955253601,-11.282668692043849
raw,160,32,5,pp,0.1,2.861505330403645,70,-0.4761266715185983,0.15571428571428572,-7.553854378291539,-7.077727706772941,-1.5883181275640215,0.05142857142857143,-9.907024324280876,-8.318706196716853,-1.5883181275640215,0.05142857142857143,-9.907024324280876,-8.318706196716853
raw,161,33,1,pp,0.1,2.4087220287323,27,-0.47543289729527066,0.15714285714285714,-7.5541857242584225,-7.078752826963152,-0.9515508610861642,0.11142857142857143,-7.702083138397762,-6.750532277311597,-0.8448473845209394,0.11285714285714285,-6.2405276121412,-5.395680227620261
raw,161,33,1,do,0.1,3.4510613123575844,51,-0.4744687536784581,0.15857142857142856,-7.551059020587376,-7.0765902669089185,-0.8030222000394549,0.06428571428571428,-9.167668823514665,-8.364646623475211,-0.708372996194022,0.10142857142857142,-8.557053234577179,-7.848680238383157
raw,162,33,2,do,0.1,0.3594795513153084,44,-0.47476439339773996,0.15714285714285714,-7.555108060836792,-7.080343667439052,-0.9199709888866969,0.23714285714285716,-9.275759771551405,-8.355788782664709,-1.5895378276279994,0.06142857142857143,-10.756365543433597,-9.1668277158056
raw,162,33,2,pp,0.1,0.9395582516988128,11,-0.47510766165597096,0.15714285714285714,-7.556948078700474,-7.0818404170445035,-1.294855420930045,0.06,-9.795399000304085,-8.50054357937404,-1.0413589886256627,0.07285714285714286,-6.9959130603926525,-5.95455407176699
raw,163,33,3,pp,0.1,1.5861351950963334,13,-0.4755869940349034,0.15571428571428572,-7.553496157782418,-7.077909163747515,-1.14512798002788,0.07428571428571429,-8.237777607781547,-7.092649627753667,-1.0277676524434771,0.03857142857142857,-6.433069257395608,-5.405301604952131
raw,163,33,3,do,0.05,-0.09513753573099759,4,-0.47500435556684223,0.15571428571428572,-7.554750920704433,-7.079746565137591,1.5758429081099374,0.92,-6.567653524194445,-8.143496432304381,-0.47748693874904086,0.17714285714285713,-5.816245637961797,-5.338758699212756
raw,164,33,4,do,0.1,1.8772788111368808,14,-0.4756469406400408,0.15714285714285714,-7.554996363094875,-7.079349422454834,0.6337220355442592,0.6857142857142857,-7.529225386892047,-8.162947422436305,-0.22900412900107248,0.3657142857142857,-6.649477186543601,-6.420473057542528
raw,164,33,4,pp,0.1,2.581701434453329,70,-0.4758935274396624,0.15571428571428572,-7.555964995111738,-7.0800714676720755,1.4377397683688573,0.6885714285714286,-7.378374930109296,-8.816114698478154,1.4377397683688573,0.6885714285714286,-7.378374930109296,-8.816114698478154
raw,165,33,5,do,0.1,3.2003963088989256,45,-0.4756534446988787,0.15714285714285714,-7.5547959341321675,-7.079142489433289,-1.1352653888293676,0.09285714285714286,-9.116894270351954,-7.981628881522587,-1.0049892847878592,0.1442857142857143,-9.03103201321193,-8.026042728424072
raw,165,33,5,pp,0.1,2.467763900756836,21,-0.4757967226845877,0.15571428571428572,-7.558469301632472,-7.082672578947885,-0.9586929910523551,0.08428571428571428,-7.056375476973398,-6.097682485921042,-1.2244440300124033,0.002857142857142857,-8.055419644287655,-6.830975614275251
raw,166,34,1,pp,0.1,3.6021211131413793,20,-0.47462817805153984,0.15714285714285714,-7.55524896144867,-7.08062078339713,-1.2327992841175623,0.11,-7.507811843327113,-6.275012559209551,-1.380716153212956,0.1,-7.806178060940334,-6.425461907727378
raw,166,34,1,do,0.1,3.7587661202748617,56,-0.47577723911830355,0.15714285714285714,-7.557727751050677,-7.081950511932373,0.6328300898415702,0.6357142857142857,-8.241476591314589,-8.874306681156158,0.395400299344744,0.5785714285714286,-8.464919168267931,-8.860319467612674
raw,167,34,2,pp,0.1,2.6549674224853526,41,-0.47513413156781875,0.15714285714285714,-7.557127192361015,-7.081993060793195,-0.19110296964645385,0.44857142857142857,-12.460949387550354,-12.2698464179039,-0.13716920375823974,0.4757142857142857,-11.157861420086451,-11.020692216328213
raw,167,34,2,do,0.1,3.1506122763951634,48,-0.4760309934616089,0.15571428571428572,-7.55582024369921,-7.079789250237601,1.426511502606528,0.5942857142857143,-8.276084249019624,-9.70259575162615,2.019862273761204,0.72,-8.393970940453666,-10.41383321421487
raw,168,34,3,do,0.1,1.4477083539962772,43,-0.4750481298991612,0.15714285714285714,-7.555376204081944,-7.080328074182783,-0.6307639101573399,0.14714285714285713,-7.490225698607309,-6.859461788449969,-0.6913383378301348,0.06571428571428571,-6.9539256170817785,-6.262587279251644
raw,168,34,3,pp,0.1,2.487971119880676,22,-0.4750073575973511,0.15714285714285714,-7.557496289525713,-7.082488931928363,-1.168776809147426,0.04285714285714286,-9.033935027463096,-7.86515821831567,-1.2848944299561638,0.012857142857142857,-8.409167580263956,-7.124273150307792
raw,169,34,4,pp,0.1,3.7735201835632335,26,-0.4753572722843715,0.15714285714285714,-7.5553931638172696,-7.080035891532898,-0.6038267394474575,0.34,-11.091467583520071,-10.487640844072615,-0.9169052461215428,0.23285714285714285,-9.988261209215437,-9.071355963093893
raw,169,34,4,do,0.1,4.390621058146159,67,-0.47571449756622314,0.15571428571428572,-7.551307558332171,-7.075593060765947,-0.5869622949191502,0.16285714285714287,-8.119051786150251,-7.532089491231101,-0.6990561042513166,0.12571428571428572,-8.990394033704485,-8.291337929453169
raw,170,34,5,do,0.1,1.056747398376464,21,-0.4752000890459333,0.15714285714285714,-7.554823778697423,-7.0796236896514895,-0.7422772230420793,0.09142857142857143,-6.784418305328914,-6.042141082286835,-1.0359487128257752,0.05285714285714286,-7.413489632265908,-6.377540919440134
raw,170,34,5,pp,0.1,2.243444242477418,34,-0.4761191347667149,0.15714285714285714,-7.557842190606253,-7.0817230558395385,-1.2363057374954223,0.02142857142857143,-7.090897462708609,-5.854591725213187,-1.4987365698814392,0.041428571428571426,-7.560123840740749,-6.06138727085931
raw,171,35,1,pp,0.1,4.492251979509991,61,-0.47584278447287426,0.15714285714285714,-7.55648752621242,-7.080644741739546,-0.9321706247329712,0.19,-8.097761093548366,-7.165590468815394,-1.000446389402662,0.1357142857142857,-7.973192807946886,-6.972746418544224
raw,171,35,1,do,0.1,2.829926290512086,30,-0.47447249344417025,0.15857142857142856,-7.555530272211347,-7.081057778767177,0.39405835356031144,0.5542857142857143,-8.514252638476236,-8.908310992036547,-0.37092648948941914,0.32142857142857145,-7.542470289979662,-7.171543800490243
raw,172,35,2,pp,0.1,2.9508712832132975,45,-0.47492305415017266,0.15857142857142856,-7.552225548199245,-7.077302494049072,-1.237573400906154,0.08428571428571428,-7.496544180938176,-6.258970780032022,-1.4442318909508842,0.041428571428571426,-8.164477211407252,-6.720245320456368
raw,172,35,2,do,0.1,2.2227084541320803,17,-0.4750229058946882,0.16142857142857142,-7.556416391645159,-7.081393485750471,-1.0723452728135245,0.10714285714285714,-7.9838958586965285,-6.911550585883004,-0.9586753777095249,0.06142857142857143,-6.206191057818277,-5.2475156801087515
raw,173,35,3,pp,0.1,0.9713683875401813,25,-0.4757132843562535,0.15571428571428572,-7.555018033981323,-7.07930474962507,-0.8162573671340942,0.21285714285714286,-8.647791399274553,-7.83153403214046,-1.128122490133558,0.09285714285714286,-8.045678734098162,-6.917556243964604
raw,173,35,3,do,0.1,1.0538062858581547,42,-0.4750165442058018,0.15571428571428572,-7.553666025570461,-7.078649481364659,-0.3955397197178432,0.32142857142857145,-9.02944123676845,-8.633901517050607,-0.6060008430480956,0.2,-8.90238364968981,-8.296382806641715
raw,174,35,4,pp,0.1,4.617955090204874,66,-0.4760663570676531,0.15714285714285714,-7.555321175711495,-7.079254818643842,-1.0323975419998168,0.03857142857142857,-6.7407099151611325,-5.708312373161316,-1.0435638110978263,0.03142857142857143,-6.834959395612989,-5.791395584515163
raw,174,35,4,do,0.1,2.9582257159550984,70,-0.4757973316737584,0.15714285714285714,-7.557045044898987,-7.0812477132252285,-0.6052992486953735,0.3385714285714286,-10.131014575958252,-9.525715327262878,-0.6052992486953735,0.3385714285714286,-10.131014575958252,-9.525715327262878
raw,175,35,5,pp,0.1,2.517080669403075,43,-0.47511210918426516,0.15714285714285714,-7.55501982484545,-7.079907715661185,-0.9589704142298017,0.05142857142857143,-6.650176685197013,-5.691206270967211,-1.029628414767129,0.1,-7.556365488597325,-6.526737073830196
raw,175,35,5,do,0.1,0.8990755621592195,20,-0.47493917737688335,0.15571428571428572,-7.553092909540449,-7.078153732163566,-0.5547126606532505,0.2057142857142857,-7.393854948793138,-6.839142288139888,-0.32229259286608014,0.3357142857142857,-6.449298683575221,-6.127006090709141
