item_id,do_score,pp_score
1,-5.302892684936523,-5.860486030578613
2,-6.400765895843506,-6.534916877746582
3,-5.181030750274658,-5.940424919128418
4,-5.157184600830078,-5.757132053375244
5,-6.279043197631836,-6.498862266540527
6,-6.6797566413879395,-6.169373989105225
7,-6.612287521362305,-6.398347854614258
8,-6.059420108795166,-6.3104681968688965
9,-5.966534614562988,-5.550772190093994
10,-8.897817611694336,-7.82452392578125
11,-5.9311842918396,-6.125877380371094
12,-5.793869495391846,-5.85569953918457
13,-5.816626071929932,-5.624701976776123
14,-6.671636581420898,-6.62602424621582
15,-5.699982643127441,-5.543761730194092
16,-6.549383163452148,-6.539152145385742
17,-6.1969451904296875,-6.146597862243652
18,-6.089814186096191,-5.9901862144470215
19,-6.9595465660095215,-6.160824298858643
20,-8.793128967285156,-7.6146111488342285
21,-7.650074005126953,-7.093382835388184
22,-6.78590202331543,-5.964650630950928
23,-5.475413799285889,-5.710873126983643
24,-6.916314125061035,-6.749154567718506
25,-7.1941938400268555,-6.086780548095703
26,-7.628365993499756,-6.850672721862793
27,-6.832953453063965,-6.371232986450195
28,-6.485234260559082,-6.017830848693848
29,-7.150731086730957,-5.964352607727051
30,-7.358216762542725,-6.5349626541137695
31,-6.512516975402832,-6.26835298538208
32,-7.737339973449707,-6.872979164123535
33,-6.985970973968506,-6.62738037109375
34,-5.992946147918701,-5.717411994934082
35,-6.850854396820068,-6.344444751739502
36,-6.154243469238281,-5.7655205726623535
37,-6.167472839355469,-6.27278470993042
38,-5.581850051879883,-5.557823181152344
39,-6.1518354415893555,-5.602873802185059
40,-8.300296783447266,-7.161654949188232
41,-4.335354328155518,-4.981374740600586
42,-5.473702430725098,-5.564646244049072
43,-5.929933071136475,-5.481569290161133
44,-5.749092102050781,-5.723517894744873
45,-6.229887008666992,-5.68056058883667
46,-6.267560958862305,-5.83448600769043
47,-5.617112636566162,-4.98335599899292
48,-5.6455159187316895,-5.225490570068359
49,-5.860230922698975,-5.207277297973633
50,-7.9103569984436035,-6.981971740722656
51,-5.627110958099365,-6.086629867553711
52,-6.233802318572998,-6.374188423156738
53,-6.069392681121826,-6.364850997924805
54,-6.1230010986328125,-6.266089916229248
55,-5.134496688842773,-5.361746788024902
56,-5.728568077087402,-5.796210765838623
57,-5.591182231903076,-5.5748748779296875
58,-5.608239650726318,-5.635679244995117
59,-5.728869915008545,-5.212363243103027
60,-7.905518054962158,-6.994632244110107
61,-6.340251922607422,-6.05134391784668
62,-7.790200710296631,-6.949134826660156
63,-7.2126784324646,-7.2487592697143555
64,-7.84746789932251,-6.932979106903076
65,-6.943240165710449,-6.388382911682129
66,-7.051516532897949,-6.7448530197143555
67,-6.876187801361084,-6.496964931488037
68,-5.713900566101074,-5.380370616912842
69,-7.620757579803467,-6.858659267425537
70,-7.506872177124023,-6.318671703338623
71,-5.3741559982299805,-5.5974440574646
72,-5.018857002258301,-5.275622367858887
73,-6.8587799072265625,-6.147934913635254
74,-5.329394340515137,-5.440403938293457
75,-4.957005500793457,-4.963494300842285
76,-6.299274921417236,-5.7288126945495605
77,-6.147276878356934,-5.2536396980285645
78,-5.749899864196777,-4.9717912673950195
79,-7.124739646911621,-5.219176292419434
80,-7.67829704284668,-6.828263282775879
81,-6.072287559509277,-6.084227561950684
82,-5.757083415985107,-5.825526714324951
83,-7.644395351409912,-6.652007102966309
84,-6.876565933227539,-5.923781871795654
85,-6.056573867797852,-5.458483695983887
86,-6.655332565307617,-5.842018127441406
87,-6.879967212677002,-5.82793664932251
88,-6.5793962478637695,-5.592829704284668
89,-6.723862171173096,-5.631701469421387
90,-7.627408981323242,-7.238364219665527
91,-5.640321731567383,-5.807915210723877
92,-6.288348197937012,-6.4301323890686035
93,-7.02521276473999,-6.828040599822998
94,-5.748002052307129,-6.205068111419678
95,-5.479970455169678,-5.932657718658447
96,-7.0457868576049805,-6.213768005371094
97,-6.54033899307251,-5.665699005126953
98,-6.08190393447876,-5.651246070861816
99,-7.205267906188965,-6.423976898193359
100,-6.899907112121582,-6.600800514221191
101,-5.807108402252197,-6.150187969207764
102,-6.553094863891602,-6.636857032775879
103,-7.3882856369018555,-6.77678108215332
104,-6.771859645843506,-6.717743873596191
105,-6.707247734069824,-6.325324058532715
106,-6.744075775146484,-6.5252461433410645
107,-6.165891647338867,-6.022980213165283
108,-5.98203182220459,-5.909287452697754
109,-6.375071048736572,-5.875306606292725
110,-8.166984558105469,-7.609289646148682
111,-6.502714157104492,-6.095297813415527
112,-6.840421676635742,-6.2223992347717285
113,-7.877192974090576,-7.185135841369629
114,-6.91865348815918,-6.384587287902832
115,-7.723011016845703,-6.722586154937744
116,-6.851334095001221,-6.262908935546875
117,-7.047875881195068,-6.205228805541992
118,-7.10516357421875,-6.248323917388916
119,-7.820296287536621,-6.5742902755737305
120,-7.987679481506348,-7.544210910797119
121,-6.798402786254883,-6.61756706237793
122,-7.401493072509766,-6.700131893157959
123,-7.22247314453125,-6.619168758392334
124,-7.022111415863037,-6.289398670196533
125,-7.5851593017578125,-6.578672409057617
126,-7.471775054931641,-6.580392360687256
127,-6.951555252075195,-5.810861110687256
128,-6.712862491607666,-6.214089870452881
129,-7.7704362869262695,-6.229939937591553
130,-7.5551958084106445,-7.128671169281006
131,-7.35357141494751,-7.162885665893555
132,-7.294592380523682,-7.227980613708496
133,-9.149093627929688,-7.966552734375
134,-7.349453926086426,-7.005713939666748
135,-8.686454772949219,-7.8102946281433105
136,-7.120410919189453,-7.362556457519531
137,-6.208285331726074,-6.033817291259766
138,-5.977565288543701,-5.808905124664307
139,-8.20236873626709,-6.941069602966309
140,-8.633106231689453,-8.16718578338623
141,-7.370343208312988,-6.7140889167785645
142,-9.436281204223633,-8.298961639404297
143,-7.724090576171875,-6.965450286865234
144,-10.00629711151123,-8.521239280700684
145,-8.984580039978027,-7.533603668212891
146,-8.7574462890625,-8.334809303283691
147,-9.138408660888672,-8.0459623336792
148,-7.992944240570068,-7.640462875366211
149,-8.852930068969727,-8.198728561401367
150,-10.383996963500977,-8.614982604980469
151,-6.162998199462891,-6.146425724029541
152,-6.477900981903076,-6.350556373596191
153,-6.766457557678223,-6.901551723480225
154,-7.061149597167969,-6.857658863067627
155,-6.490076065063477,-6.411139011383057
156,-5.489901065826416,-5.434815883636475
157,-6.710831165313721,-6.596154689788818
158,-6.506312847137451,-6.341198921203613
159,-6.24647331237793,-5.666120529174805
160,-7.437493801116943,-6.774303436279297
161,-5.845019817352295,-5.395135879516602
162,-7.187494277954102,-6.5151190757751465
163,-7.056461334228516,-7.151750087738037
164,-7.4366455078125,-6.9396867752075195
165,-6.508126735687256,-5.733869552612305
166,-7.310271263122559,-6.846251010894775
167,-6.0819268226623535,-5.454211235046387
168,-7.494535446166992,-7.079193115234375
169,-6.4518961906433105,-5.734624862670898
170,-8.07966423034668,-7.082145690917969
171,-8.514339447021484,-8.286726951599121
172,-6.614661693572998,-7.539523124694824
173,-8.757914543151855,-8.093694686889648
174,-9.018599510192871,-8.270712852478027
175,-7.520785808563232,-7.730111598968506
176,-6.276010036468506,-7.016846656799316
177,-7.589749813079834,-7.559342861175537
178,-8.3483247756958,-8.514299392700195
179,-7.7013258934021,-7.920160293579102
180,-8.03207778930664,-7.4503631591796875
181,-7.572967529296875,-7.724762439727783
182,-7.17452335357666,-8.438521385192871
183,-8.218021392822266,-8.454487800598145
184,-8.298717498779297,-8.253768920898438
185,-7.913811683654785,-8.134553909301758
186,-7.273216247558594,-7.581954002380371
187,-7.457250595092773,-7.689949989318848
188,-7.722174644470215,-7.806371212005615
189,-7.648283958435059,-7.571276664733887
190,-8.53311824798584,-8.510014533996582
191,-5.659771919250488,-5.95612096786499
192,-6.308592319488525,-6.4924492835998535
193,-6.862289905548096,-7.332478046417236
194,-5.691736698150635,-5.9576005935668945
195,-7.091480255126953,-6.9285407066345215
196,-6.322237491607666,-6.586608409881592
197,-5.854310035705566,-5.9449615478515625
198,-7.29456090927124,-7.03104829788208
199,-6.960968971252441,-6.649099826812744
200,-6.481178283691406,-6.41916561126709
201,-5.541384696960449,-5.827129364013672
202,-5.94175386428833,-6.027705669403076
203,-6.190873622894287,-6.743540287017822
204,-6.165241241455078,-6.619043350219727
205,-6.204365253448486,-6.481031894683838
206,-6.037144184112549,-6.40640115737915
207,-6.534796237945557,-6.564578533172607
208,-5.979562759399414,-6.039401531219482
209,-6.307533264160156,-6.328891277313232
210,-6.060955047607422,-6.174515724182129
211,-7.810389041900635,-6.943722724914551
212,-6.767181873321533,-6.12869930267334
213,-7.591191291809082,-7.38568639755249
214,-7.440296173095703,-7.095355987548828
215,-7.937355995178223,-7.011297702789307
216,-6.437387943267822,-5.676684856414795
217,-6.541626930236816,-5.867384433746338
218,-7.392609119415283,-6.82293701171875
219,-8.990679740905762,-7.345223426818848
220,-8.505159378051758,-7.270365238189697
221,-7.421850681304932,-6.469845771789551
222,-7.795313358306885,-6.579216957092285
223,-8.228334426879883,-7.383635997772217
224,-7.585630416870117,-6.745912551879883
225,-6.460731029510498,-6.006550312042236
226,-7.380693435668945,-6.418735980987549
227,-7.474639415740967,-6.638833045959473
228,-7.0074005126953125,-6.408681392669678
229,-8.116557121276855,-7.045451641082764
230,-6.922797203063965,-6.066892623901367
231,-6.607262134552002,-6.442784786224365
232,-7.197713851928711,-6.745219707489014
233,-7.357120513916016,-7.240711212158203
234,-6.419524192810059,-6.184058666229248
235,-7.7068071365356445,-6.972145080566406
236,-5.49357795715332,-5.620530605316162
237,-6.687847137451172,-6.525351047515869
238,-6.0165934562683105,-6.32799768447876
239,-8.863248825073242,-7.4890899658203125
240,-8.081945419311523,-7.047904014587402
241,-7.503051280975342,-7.4684906005859375
242,-7.739501953125,-7.339285850524902
243,-6.831455230712891,-6.957763671875
244,-7.380834102630615,-7.642629146575928
245,-6.981716632843018,-6.582118511199951
246,-7.209517002105713,-7.256875514984131
247,-7.616144180297852,-7.580963134765625
248,-6.975857734680176,-7.154674053192139
249,-8.236687660217285,-7.67352294921875
250,-8.58631706237793,-8.277559280395508
251,-9.527414321899414,-8.79478931427002
252,-9.277791976928711,-8.556487083435059
253,-9.080873489379883,-8.980501174926758
254,-8.405965805053711,-7.979968547821045
255,-9.403030395507812,-8.792502403259277
256,-8.944470405578613,-8.608027458190918
257,-7.888251304626465,-7.528637886047363
258,-8.598999977111816,-8.1521577835083
259,-9.645163536071777,-8.412660598754883
260,-9.41466236114502,-8.773904800415039
261,-8.346649169921875,-6.617921352386475
262,-8.755943298339844,-6.73703670501709
263,-8.42419147491455,-7.266945838928223
264,-7.760643005371094,-6.53800106048584
265,-9.819842338562012,-7.31707239151001
266,-8.150850296020508,-7.125192165374756
267,-8.253631591796875,-7.143989086151123
268,-6.552390098571777,-5.972263813018799
269,-7.691624641418457,-6.249217510223389
270,-8.255666732788086,-6.819398403167725
271,-7.5720038414001465,-6.605578899383545
272,-7.552005767822266,-6.825326442718506
273,-8.467212677001953,-7.757875919342041
274,-8.629676818847656,-7.90441370010376
275,-8.273323059082031,-7.145851135253906
276,-6.07319974899292,-5.6293792724609375
277,-6.824639797210693,-6.341984748840332
278,-8.24492073059082,-7.56455659866333
279,-9.047368049621582,-7.474227428436279
280,-8.321396827697754,-7.474968910217285
281,-7.916323661804199,-7.51887321472168
282,-6.251106262207031,-6.338433742523193
283,-7.31613826751709,-7.356179237365723
284,-7.53884220123291,-7.178499698638916
285,-8.204023361206055,-7.422910213470459
286,-6.822511672973633,-6.718139171600342
287,-7.54190731048584,-6.764116287231445
288,-7.696876525878906,-6.9733428955078125
289,-8.330835342407227,-6.481790542602539
290,-7.45401668548584,-7.22855281829834
291,-7.429605007171631,-7.4072585105896
292,-7.1603875160217285,-7.012700080871582
293,-6.234793186187744,-6.487312316894531
294,-6.73054313659668,-6.931376934051514
295,-6.034215450286865,-5.473577976226807
296,-7.481693744659424,-7.21541690826416
297,-7.040043830871582,-6.751473426818848
298,-6.249550819396973,-6.122194290161133
299,-6.347867965698242,-5.762475967407227
300,-7.036670684814453,-6.740713596343994
301,-6.910256862640381,-6.217466354370117
302,-7.595681190490723,-6.308962821960449
303,-6.465887069702148,-6.130818843841553
304,-7.1230669021606445,-6.399369239807129
305,-8.0120267868042,-6.810488224029541
306,-6.839346885681152,-6.124473571777344
307,-7.416892051696777,-6.189091682434082
308,-7.394981861114502,-6.615926742553711
309,-8.423881530761719,-6.896834373474121
310,-8.359209060668945,-7.839157581329346
311,-7.441610336303711,-7.20411491394043
312,-7.205855369567871,-7.24641227722168
313,-7.180610656738281,-7.492393970489502
314,-7.628244876861572,-7.546514511108398
315,-7.749295234680176,-7.279720306396484
316,-6.654804706573486,-7.117097854614258
317,-7.318673133850098,-7.23954439163208
318,-7.0186357498168945,-7.29095983505249
319,-7.691389083862305,-7.16605806350708
320,-7.786807060241699,-7.5749969482421875
321,-10.083362579345703,-8.83963394165039
322,-9.635879516601562,-8.663826942443848
323,-9.21949577331543,-8.558533668518066
324,-8.885480880737305,-8.143566131591797
325,-9.282461166381836,-8.012175559997559
326,-8.881505966186523,-8.001917839050293
327,-8.562579154968262,-7.450436115264893
328,-8.708565711975098,-7.506372451782227
329,-9.359151840209961,-7.891623497009277
330,-10.466679573059082,-9.070021629333496
331,-7.695062160491943,-6.393636226654053
332,-8.546893119812012,-7.170133113861084
333,-8.424185752868652,-7.200500011444092
334,-8.573819160461426,-7.366271018981934
335,-8.019852638244629,-6.271082878112793
336,-5.764608383178711,-5.476317882537842
337,-6.556072235107422,-5.7910943031311035
338,-6.29231595993042,-5.652594566345215
339,-8.411195755004883,-6.990170001983643
340,-7.730086326599121,-7.043506622314453
341,-7.5048112869262695,-6.631586074829102
342,-6.889759063720703,-6.323922634124756
343,-6.8920464515686035,-6.824023246765137
344,-6.233074188232422,-5.91328239440918
345,-8.407788276672363,-6.9467668533325195
346,-5.797737121582031,-5.400571823120117
347,-7.387038230895996,-6.578798770904541
348,-6.551535606384277,-5.795785427093506
349,-8.18223762512207,-7.241092681884766
350,-8.29398250579834,-7.576061248779297
351,-6.689843654632568,-6.581311225891113
352,-8.559122085571289,-7.554638385772705
353,-8.09432601928711,-7.673354148864746
354,-8.22614574432373,-7.536741256713867
355,-8.178614616394043,-7.470699787139893
356,-6.6405110359191895,-6.122536659240723
357,-8.46772289276123,-7.451450347900391
358,-6.963889122009277,-6.032801151275635
359,-8.161620140075684,-7.246665954589844
360,-9.274678230285645,-8.064151763916016
361,-7.186902046203613,-6.80031156539917
362,-7.914021968841553,-6.913187026977539
363,-6.143949031829834,-6.001490592956543
364,-7.0800933837890625,-6.583474636077881
365,-6.301800727844238,-5.766364097595215
366,-5.697239398956299,-5.327974319458008
367,-6.637454509735107,-5.974120616912842
368,-6.025877475738525,-5.406561374664307
369,-7.834116458892822,-6.38809871673584
370,-8.656359672546387,-7.3292083740234375
371,-5.221109390258789,-5.24713134765625
372,-5.665572166442871,-5.066729545593262
373,-5.406826972961426,-5.601739883422852
374,-5.4648637771606445,-5.482968330383301
375,-6.468270778656006,-6.090869426727295
376,-5.817725658416748,-5.7708635330200195
377,-7.145517826080322,-6.341360569000244
378,-6.102738857269287,-5.152976989746094
379,-7.052610874176025,-5.649388313293457
380,-7.841261386871338,-6.909423351287842
381,-7.553719520568848,-6.619948863983154
382,-6.59217643737793,-5.635599136352539
383,-7.6417059898376465,-6.622217655181885
384,-7.203276634216309,-6.006972789764404
385,-6.377346992492676,-5.541883945465088
386,-5.656950950622559,-4.985805511474609
387,-6.246016502380371,-5.305100440979004
388,-6.453033924102783,-5.814894676208496
389,-7.207917213439941,-6.009880065917969
390,-7.413290500640869,-6.539788722991943
391,-8.009872436523438,-7.003626346588135
392,-7.4182257652282715,-6.269800662994385
393,-7.5026774406433105,-6.748414993286133
394,-6.122881889343262,-5.625680446624756
395,-6.945798397064209,-5.7188615798950195
396,-7.491600513458252,-6.664437770843506
397,-7.958677768707275,-6.815031051635742
398,-5.883317470550537,-5.066701889038086
399,-8.052287101745605,-6.397851943969727
400,-6.654179096221924,-5.851267337799072
401,-7.725868225097656,-6.262962341308594
402,-8.027223587036133,-6.004583358764648
403,-7.647253513336182,-6.532561302185059
404,-8.111063003540039,-6.435861587524414
405,-8.021986961364746,-6.439316749572754
406,-6.255532264709473,-5.7946977615356445
407,-6.7106523513793945,-6.023850917816162
408,-6.2633185386657715,-5.898374080657959
409,-7.703009605407715,-6.350251197814941
410,-7.63344144821167,-7.010347843170166
411,-5.836732387542725,-5.716606616973877
412,-6.931683540344238,-6.429401397705078
413,-7.741888523101807,-7.642767906188965
414,-5.553441524505615,-5.800228118896484
415,-7.228625774383545,-6.714702606201172
416,-5.776579856872559,-5.550444602966309
417,-5.674081802368164,-5.207259654998779
418,-7.1190595626831055,-6.288585186004639
419,-6.7613630294799805,-5.546115398406982
420,-8.179733276367188,-7.715553283691406
421,-6.533625602722168,-6.178380012512207
422,-7.482253551483154,-7.060225009918213
423,-6.757754802703857,-6.438894271850586
424,-8.260778427124023,-7.584360599517822
425,-8.592327117919922,-7.114237308502197
426,-7.724208831787109,-7.08355188369751
427,-8.70444393157959,-7.685168266296387
428,-8.697901725769043,-7.607315540313721
429,-7.959454536437988,-6.861205101013184
430,-6.867345333099365,-6.096861839294434
431,-6.040678977966309,-5.060664653778076
432,-5.778087139129639,-4.947633743286133
433,-6.538230895996094,-5.5883564949035645
434,-5.248615264892578,-4.276698112487793
435,-7.719765663146973,-5.755600452423096
436,-5.830392360687256,-4.75639533996582
437,-6.371460437774658,-5.2300801277160645
438,-7.476364612579346,-6.199480056762695
439,-6.04449987411499,-4.7944207191467285
440,-6.635819435119629,-5.102514743804932
441,-7.919028282165527,-7.4087395668029785
442,-7.672703742980957,-7.176725387573242
443,-6.371801853179932,-6.072413444519043
444,-8.4923095703125,-7.447307586669922
445,-8.680194854736328,-7.41340446472168
446,-7.50921630859375,-7.028625011444092
447,-7.599987983703613,-6.902073860168457
448,-8.681713104248047,-7.885424613952637
449,-7.328317165374756,-6.274080276489258
450,-8.381623268127441,-7.19294548034668
451,-5.896785736083984,-5.805197238922119
452,-5.348596096038818,-5.323395729064941
453,-6.149832725524902,-6.09339714050293
454,-6.241499900817871,-5.717991352081299
455,-7.083144187927246,-5.59035062789917
456,-5.633732318878174,-5.3231048583984375
457,-6.672389030456543,-5.592978000640869
458,-5.858293533325195,-5.216236591339111
459,-7.2368011474609375,-5.7575812339782715
460,-7.313817024230957,-5.8701982498168945
461,-6.3498382568359375,-6.205190658569336
462,-7.181649684906006,-6.557723045349121
463,-5.759225368499756,-5.418221473693848
464,-6.284265041351318,-5.663361072540283
465,-7.497460842132568,-6.398107051849365
466,-5.215673446655273,-4.88886833190918
467,-6.968133449554443,-6.416016101837158
468,-7.861980438232422,-6.992309093475342
469,-8.098287582397461,-6.72310733795166
470,-7.036022663116455,-6.345940589904785
471,-7.571649074554443,-6.100440979003906
472,-5.920737266540527,-4.973615646362305
473,-7.2343339920043945,-6.340795516967773
474,-7.267996311187744,-5.651332855224609
475,-9.086189270019531,-6.245226860046387
476,-6.2607855796813965,-5.363587379455566
477,-5.66652774810791,-4.814672470092773
478,-7.526376724243164,-6.2274980545043945
479,-8.160024642944336,-6.642130374908447
480,-8.114709854125977,-6.585403919219971
481,-7.235295295715332,-7.051466941833496
482,-6.2780303955078125,-6.708700180053711
483,-7.724040508270264,-7.487645149230957
484,-6.743157863616943,-6.2409987449646
485,-8.32567310333252,-7.065364837646484
486,-6.959256649017334,-6.864962577819824
487,-8.081382751464844,-7.4579291343688965
488,-6.605355262756348,-6.234390735626221
489,-8.214739799499512,-7.3252058029174805
490,-6.935609817504883,-6.37314510345459
491,-7.2113542556762695,-7.370825290679932
492,-6.5632452964782715,-6.059576988220215
493,-7.165200710296631,-6.545233726501465
494,-6.912038326263428,-6.95366096496582
495,-7.122964382171631,-6.578067779541016
496,-7.251474380493164,-6.804264545440674
497,-7.686899185180664,-6.8380913734436035
498,-7.65764045715332,-6.91218900680542
499,-7.831143379211426,-6.597605228424072
500,-8.333799362182617,-7.162120342254639
501,-7.643984317779541,-7.174185752868652
502,-7.248277187347412,-6.410732269287109
503,-7.384554862976074,-6.789619445800781
504,-6.933302879333496,-6.906172752380371
505,-7.363134384155273,-7.002449989318848
506,-6.98044490814209,-6.683897972106934
507,-7.4946441650390625,-6.931252479553223
508,-5.796213626861572,-5.743766784667969
509,-7.821835041046143,-6.67978048324585
510,-7.466188907623291,-6.75787878036499
511,-6.280584812164307,-6.574374198913574
512,-6.6652302742004395,-6.312114715576172
513,-6.520345687866211,-6.319934844970703
514,-5.5508599281311035,-5.738202095031738
515,-6.573640823364258,-6.2073073387146
516,-6.720827579498291,-6.382266521453857
517,-6.932379722595215,-6.367079734802246
518,-6.535912990570068,-6.011466979980469
519,-7.1223344802856445,-6.384253978729248
520,-6.72724723815918,-5.884840965270996
521,-6.0699381828308105,-5.696475505828857
522,-6.021513938903809,-5.263195991516113
523,-7.116472244262695,-6.468596458435059
524,-5.345907211303711,-5.060302257537842
525,-6.800418376922607,-5.8634209632873535
526,-5.7244873046875,-5.113117218017578
527,-6.685279846191406,-5.495866775512695
528,-7.010322570800781,-5.889596939086914
529,-7.800490379333496,-6.6757588386535645
530,-6.202760219573975,-5.662467956542969
531,-8.068957328796387,-7.142376899719238
532,-6.734450817108154,-6.067085266113281
533,-7.632651329040527,-7.247042655944824
534,-7.62308406829834,-7.21556282043457
535,-6.791163444519043,-6.141783237457275
536,-7.143009662628174,-6.701411724090576
537,-6.927576065063477,-6.109395503997803
538,-6.898460388183594,-6.230101108551025
539,-8.159085273742676,-6.911638259887695
540,-8.04432487487793,-7.358705520629883
541,-5.361732006072998,-4.625585556030273
542,-7.285451412200928,-5.936572551727295
543,-6.283477783203125,-5.287781715393066
544,-6.384786128997803,-5.450547695159912
545,-6.402678489685059,-5.060542583465576
546,-6.302640914916992,-5.53101921081543
547,-6.621562480926514,-5.505529403686523
548,-6.829895496368408,-5.858051300048828
549,-6.500538349151611,-5.274420738220215
550,-6.910750389099121,-5.711568832397461
551,-6.814589500427246,-6.665740489959717
552,-6.233162879943848,-5.842414379119873
553,-6.5855536460876465,-6.155516624450684
554,-6.618615627288818,-6.590511798858643
555,-6.059426784515381,-5.5336222648620605
556,-5.510664939880371,-5.3959527015686035
557,-5.6311492919921875,-5.152177333831787
558,-6.4990715980529785,-6.023940086364746
559,-6.818620681762695,-5.931125640869141
560,-6.287028789520264,-5.504630088806152
561,-6.8369059562683105,-6.906091213226318
562,-6.587074279785156,-6.388586044311523
563,-5.782803535461426,-5.937464714050293
564,-6.316340446472168,-6.195117473602295
565,-7.869014739990234,-7.31626033782959
566,-6.726314067840576,-6.663460731506348
567,-6.91244649887085,-6.442567348480225
568,-6.658884048461914,-6.314582824707031
569,-7.7388482093811035,-6.445216178894043
570,-8.287932395935059,-7.33471155166626
571,-5.8912353515625,-5.829466819763184
572,-5.339653015136719,-6.017945766448975
573,-5.811666011810303,-6.314574241638184
574,-5.371364593505859,-5.3206024169921875
575,-6.488725185394287,-6.09113883972168
576,-4.579207897186279,-5.022548198699951
577,-5.747807502746582,-5.919763565063477
578,-5.587419033050537,-5.672191619873047
579,-7.288273811340332,-5.990538120269775
580,-8.324503898620605,-7.1713666915893555
581,-5.964015483856201,-5.396809101104736
582,-5.330900192260742,-4.987435817718506
583,-5.527191162109375,-5.376212120056152
584,-5.665883541107178,-5.189432621002197
585,-6.472589015960693,-5.543063640594482
586,-5.628485679626465,-5.25377082824707
587,-6.370021343231201,-5.2989091873168945
588,-6.128011703491211,-5.134546279907227
589,-7.032880783081055,-5.58432674407959
590,-8.522806167602539,-6.934610366821289
591,-5.62136697769165,-5.038328647613525
592,-6.832588195800781,-6.095414638519287
593,-6.684257507324219,-6.13224458694458
594,-5.8546905517578125,-5.2152299880981445
595,-6.652164459228516,-5.440535068511963
596,-7.061716556549072,-6.338807106018066
597,-6.184353351593018,-5.252079963684082
598,-5.297419548034668,-4.881785869598389
599,-7.450621128082275,-5.830989360809326
600,-7.632277488708496,-6.470146179199219
601,-8.182711601257324,-7.2924885749816895
602,-8.06517219543457,-7.422971248626709
603,-8.361842155456543,-8.222213745117188
604,-8.467814445495605,-7.771989822387695
605,-8.783451080322266,-7.595090389251709
606,-8.614175796508789,-7.67136812210083
607,-8.847387313842773,-7.882440567016602
608,-8.854151725769043,-7.7536187171936035
609,-8.845081329345703,-7.2499823570251465
610,-9.759482383728027,-8.024582862854004
611,-6.251887798309326,-5.440578460693359
612,-6.874256134033203,-5.604610443115234
613,-6.279107570648193,-6.093743801116943
614,-5.5476274490356445,-4.5201897621154785
615,-7.166874885559082,-5.632793426513672
616,-6.133460998535156,-5.485375881195068
617,-6.062867641448975,-5.3641228675842285
618,-5.740830421447754,-5.1310343742370605
619,-7.130013942718506,-5.706231594085693
620,-8.747774124145508,-7.163961887359619
621,-6.166053295135498,-6.134834289550781
622,-5.420455455780029,-5.877423286437988
623,-5.961645603179932,-6.838241100311279
624,-6.315123081207275,-6.358268737792969
625,-6.964819431304932,-6.322713851928711
626,-6.675288677215576,-6.981990814208984
627,-5.986695289611816,-6.1153364181518555
628,-6.177342891693115,-6.103391647338867
629,-7.503353118896484,-6.791388511657715
630,-8.180641174316406,-7.534337997436523
631,-7.179080486297607,-6.834899425506592
632,-6.891805171966553,-6.097783088684082
633,-7.886660575866699,-7.085395812988281
634,-7.8785858154296875,-6.727745532989502
635,-7.034444332122803,-5.855236530303955
636,-7.390204429626465,-6.435408115386963
637,-7.510784149169922,-6.229308605194092
638,-6.8486714363098145,-5.719564437866211
639,-8.740066528320312,-7.2953290939331055
640,-8.627181053161621,-7.12006950378418
641,-6.866245269775391,-6.251076698303223
642,-7.072182655334473,-6.063509464263916
643,-6.754446029663086,-6.342522621154785
644,-6.7597880363464355,-6.158873081207275
645,-6.716148376464844,-5.643555164337158
646,-6.061642646789551,-5.467535972595215
647,-6.094329357147217,-5.097964763641357
648,-7.3309783935546875,-5.934142112731934
649,-9.00037670135498,-6.548121929168701
650,-6.139608860015869,-5.160853862762451
651,-5.732234954833984,-5.765181541442871
652,-5.517368316650391,-5.371340274810791
653,-5.591131210327148,-5.992422580718994
654,-5.735930919647217,-5.677159786224365
655,-7.064394950866699,-6.218156337738037
656,-5.813082695007324,-5.469995975494385
657,-6.420790672302246,-5.504645347595215
658,-6.4420247077941895,-5.872336387634277
659,-8.464244842529297,-6.540389060974121
660,-7.003514289855957,-6.115294456481934
661,-6.594103813171387,-5.6796064376831055
662,-5.324046611785889,-4.988185405731201
663,-6.457386016845703,-6.017632484436035
664,-5.853228569030762,-5.627447128295898
665,-6.891088485717773,-5.605714321136475
666,-5.113675117492676,-4.656368732452393
667,-7.102407455444336,-5.67815637588501
668,-6.334115982055664,-5.24179744720459
669,-8.237223625183105,-6.136040687561035
670,-8.196945190429688,-7.010765075683594
671,-6.175799369812012,-5.354852199554443
672,-6.0223517417907715,-5.3612565994262695
673,-6.8664398193359375,-6.116081714630127
674,-6.504266262054443,-5.896657943725586
675,-7.244830131530762,-5.347990036010742
676,-6.483712673187256,-5.225808620452881
677,-6.602776050567627,-4.869075298309326
678,-7.394669055938721,-5.92462158203125
679,-7.9324727058410645,-5.844916820526123
680,-6.98591423034668,-5.7365312576293945
681,-8.253138542175293,-6.468844413757324
682,-6.961683750152588,-5.8784379959106445
683,-7.818278789520264,-6.672597408294678
684,-7.850213527679443,-6.389676570892334
685,-8.97733211517334,-6.585036277770996
686,-7.59335994720459,-6.439631938934326
687,-7.626138210296631,-6.171860218048096
688,-7.107669353485107,-5.683233261108398
689,-8.945218086242676,-6.965304374694824
690,-7.255321502685547,-5.8632588386535645
691,-6.906350135803223,-6.5837721824646
692,-6.37673282623291,-6.218581676483154
693,-6.259253025054932,-6.544094085693359
694,-7.589937686920166,-7.020430564880371
695,-7.813176155090332,-6.270793914794922
696,-6.3514299392700195,-6.160290241241455
697,-5.678656101226807,-5.183027267456055
698,-6.758090019226074,-6.112167835235596
699,-8.48756217956543,-6.600785732269287
700,-5.888955116271973,-5.566041469573975
701,-8.166190147399902,-6.836431980133057
702,-8.38009262084961,-6.898097515106201
703,-8.316686630249023,-6.996321201324463
704,-7.799407005310059,-6.551992893218994
705,-9.171488761901855,-7.610949516296387
706,-7.842334270477295,-6.834608554840088
707,-8.21554183959961,-6.813019752502441
708,-8.538748741149902,-7.065194129943848
709,-9.05765438079834,-7.031221389770508
710,-8.813411712646484,-7.321722984313965
711,-6.877249717712402,-5.719364166259766
712,-7.657179355621338,-6.172797679901123
713,-7.981187343597412,-6.746750831604004
714,-7.86203145980835,-6.5063910484313965
715,-8.8638916015625,-6.67291784286499
716,-7.413132667541504,-5.968119144439697
717,-7.790050506591797,-6.19307279586792
718,-7.869428634643555,-6.303813934326172
719,-8.666958808898926,-6.516824245452881
720,-8.494573593139648,-7.103016376495361
721,-8.08043098449707,-7.314486980438232
722,-8.238776206970215,-6.886207103729248
723,-8.151379585266113,-7.199258804321289
724,-8.164970397949219,-7.304369926452637
725,-8.60446834564209,-7.298151016235352
726,-7.859827041625977,-6.762098789215088
727,-8.63571834564209,-7.101590633392334
728,-8.121694564819336,-7.085673809051514
729,-8.950113296508789,-7.44087553024292
730,-9.314090728759766,-8.386029243469238
731,-6.689352035522461,-5.985764026641846
732,-7.303318500518799,-6.063084602355957
733,-7.503867149353027,-6.4319071769714355
734,-6.9841179847717285,-6.369603157043457
735,-7.886731147766113,-6.485828876495361
736,-7.373147010803223,-6.121067523956299
737,-8.199995040893555,-6.373876094818115
738,-7.730465412139893,-5.9259114265441895
739,-7.779977321624756,-6.007151126861572
740,-8.406473159790039,-6.586392879486084
741,-7.808474063873291,-6.331118583679199
742,-8.717382431030273,-7.140302658081055
743,-8.418217658996582,-7.233010292053223
744,-8.730109214782715,-7.069241046905518
745,-8.625815391540527,-6.989919662475586
746,-9.056426048278809,-7.416879653930664
747,-8.396135330200195,-6.642796993255615
748,-8.812326431274414,-7.054851055145264
749,-9.203485488891602,-6.957200527191162
750,-9.46878719329834,-8.239348411560059
751,-7.6273345947265625,-6.190317153930664
752,-8.223915100097656,-6.583613872528076
753,-8.326627731323242,-6.6318039894104
754,-7.705501556396484,-6.315673828125
755,-7.7226409912109375,-6.381619453430176
756,-7.822358131408691,-6.181803226470947
757,-8.58120346069336,-6.461408615112305
758,-7.991332530975342,-6.139863014221191
759,-8.607537269592285,-6.544605255126953
760,-9.031980514526367,-7.378724098205566
761,-8.655279159545898,-7.27951717376709
762,-8.256406784057617,-7.104101181030273
763,-6.705168724060059,-6.287597179412842
764,-7.580746650695801,-6.334280014038086
765,-8.848812103271484,-7.086429595947266
766,-8.319278717041016,-7.714895725250244
767,-8.228299140930176,-7.023552894592285
768,-7.109452247619629,-6.224490165710449
769,-8.982925415039062,-7.6411519050598145
770,-8.444927215576172,-7.72020959854126
771,-7.810281276702881,-6.502763271331787
772,-8.31194019317627,-6.923722743988037
773,-7.26814079284668,-6.286080360412598
774,-6.314382553100586,-5.482452869415283
775,-8.552080154418945,-7.314304828643799
776,-8.709985733032227,-6.537041664123535
777,-7.977693557739258,-5.991746425628662
778,-8.817429542541504,-6.912156105041504
779,-8.774555206298828,-7.2925872802734375
780,-7.1332197189331055,-6.1217803955078125
781,-8.111800193786621,-7.152841567993164
782,-9.4098539352417,-7.9598588943481445
783,-8.594247817993164,-7.5570831298828125
784,-9.356243133544922,-8.253912925720215
785,-10.014182090759277,-8.720277786254883
786,-8.203248977661133,-7.456999778747559
787,-8.814118385314941,-7.905298709869385
788,-8.811477661132812,-8.326627731323242
789,-8.847559928894043,-7.860731601715088
790,-8.346311569213867,-7.389801979064941
791,-6.198709011077881,-5.520536422729492
792,-7.289992809295654,-6.1824517250061035
793,-8.318540573120117,-7.530315399169922
794,-6.504302024841309,-5.577239513397217
795,-6.635035037994385,-5.880009651184082
796,-7.307521820068359,-6.080663204193115
797,-7.497323513031006,-6.601558685302734
798,-7.342642307281494,-6.370877265930176
799,-7.05438232421875,-6.210437297821045
800,-8.13260555267334,-6.732973098754883
801,-6.100867748260498,-4.959374904632568
802,-7.417232513427734,-5.736600875854492
803,-8.273429870605469,-6.421368598937988
804,-5.886714935302734,-4.918269634246826
805,-6.68228816986084,-5.66691255569458
806,-7.45778751373291,-5.4827423095703125
807,-7.401851654052734,-5.783534526824951
808,-7.262282371520996,-5.901329517364502
809,-8.029948234558105,-6.446173667907715
810,-7.986519813537598,-6.388936996459961
811,-8.79898738861084,-7.8399200439453125
812,-9.158885955810547,-7.8727569580078125
813,-8.914407730102539,-7.932900428771973
814,-7.872448921203613,-6.920598030090332
815,-7.940987586975098,-6.95528507232666
816,-8.119512557983398,-7.37720251083374
817,-7.8084211349487305,-7.105489730834961
818,-8.689261436462402,-8.02601146697998
819,-7.613829135894775,-6.9698286056518555
820,-8.203849792480469,-7.115597248077393
821,-7.828579902648926,-6.301274299621582
822,-8.145007133483887,-6.3709001541137695
823,-7.203721523284912,-6.235506057739258
824,-6.163503170013428,-4.5809125900268555
825,-7.296168804168701,-5.6407060623168945
826,-7.275408744812012,-6.1417741775512695
827,-5.649682998657227,-4.8121843338012695
828,-6.941441535949707,-5.823485374450684
829,-7.7033538818359375,-6.661081790924072
830,-6.884490966796875,-5.955053806304932
831,-7.643792629241943,-6.553852081298828
832,-9.461137771606445,-7.283957481384277
833,-9.314559936523438,-7.965694427490234
834,-7.680977821350098,-6.286216735839844
835,-8.14764404296875,-6.66986608505249
836,-6.621886253356934,-5.818674564361572
837,-5.994173049926758,-5.2606611251831055
838,-7.700312614440918,-6.756972312927246
839,-7.701683044433594,-6.723974227905273
840,-8.021997451782227,-7.098022937774658
841,-6.690704822540283,-6.305611610412598
842,-6.864751815795898,-6.255637168884277
843,-5.847076892852783,-5.362618923187256
844,-7.052735328674316,-5.924345016479492
845,-7.522770881652832,-6.420223236083984
846,-7.00467586517334,-6.2557220458984375
847,-6.7131853103637695,-6.118749141693115
848,-5.567261695861816,-4.9214653968811035
849,-6.675668239593506,-5.523495197296143
850,-7.173968315124512,-6.65425443649292
851,-6.212326526641846,-5.42525577545166
852,-5.868960857391357,-4.949333190917969
853,-6.603882312774658,-5.475764274597168
854,-7.3921799659729,-6.076751708984375
855,-7.247562408447266,-5.657747745513916
856,-5.254127502441406,-4.6719441413879395
857,-5.512136459350586,-4.653350353240967
858,-5.527280807495117,-4.537485599517822
859,-6.5423712730407715,-5.182077407836914
860,-6.441981315612793,-5.09878396987915
861,-6.413793087005615,-6.010241508483887
862,-6.446345806121826,-5.5017313957214355
863,-6.882317066192627,-5.569453239440918
864,-7.169008731842041,-5.848632335662842
865,-6.039455890655518,-4.988205909729004
866,-6.082971572875977,-5.173032760620117
867,-5.905990123748779,-5.327464580535889
868,-6.304497241973877,-5.396968364715576
869,-6.982913970947266,-5.785922050476074
870,-6.722406387329102,-5.704512596130371
871,-6.408862113952637,-5.979601860046387
872,-6.806771278381348,-6.1607465744018555
873,-6.949013710021973,-6.024005889892578
874,-7.421247482299805,-6.006686687469482
875,-7.477802276611328,-5.950393199920654
876,-5.424630165100098,-5.0949015617370605
877,-6.813735008239746,-5.971376895904541
878,-5.578634738922119,-4.9682464599609375
879,-6.763575553894043,-5.593003749847412
880,-6.716520309448242,-6.126999378204346
881,-5.884850978851318,-5.102834224700928
882,-6.818183422088623,-5.807682037353516
883,-6.276351451873779,-5.2738142013549805
884,-7.529617786407471,-5.8675947189331055
885,-6.6351823806762695,-5.428886413574219
886,-7.104942321777344,-6.333320617675781
887,-5.901889801025391,-5.0784173011779785
888,-5.801124095916748,-5.232236862182617
889,-6.679588317871094,-5.602854251861572
890,-7.54757833480835,-6.588768005371094
891,-7.049699306488037,-5.7728705406188965
892,-7.278565406799316,-5.81210994720459
893,-6.199941158294678,-5.171525955200195
894,-8.124164581298828,-6.648854732513428
895,-6.725107669830322,-5.362556457519531
896,-7.139500141143799,-6.036471843719482
897,-6.986509323120117,-5.7457098960876465
898,-6.882469177246094,-5.61550235748291
899,-7.567120552062988,-6.059226989746094
900,-6.711047172546387,-5.687106609344482
901,-6.281041145324707,-5.510191917419434
902,-7.705867767333984,-6.339981555938721
903,-7.436186790466309,-6.304904460906982
904,-8.354637145996094,-6.551531791687012
905,-8.071874618530273,-6.60243558883667
906,-6.284575939178467,-5.547364711761475
907,-7.346272945404053,-6.372393608093262
908,-6.085115432739258,-5.303834438323975
909,-8.553829193115234,-6.554980278015137
910,-7.844125270843506,-6.6500244140625
911,-6.345799922943115,-6.16574239730835
912,-6.887413024902344,-6.481555461883545
913,-6.49868106842041,-6.664409160614014
914,-5.672443389892578,-5.972409248352051
915,-6.319103240966797,-5.799077987670898
916,-6.233353614807129,-5.989200115203857
917,-5.80983829498291,-5.355123043060303
918,-6.638466835021973,-6.109960556030273
919,-8.419532775878906,-6.6429266929626465
920,-7.53598690032959,-6.8083367347717285
921,-5.561978340148926,-4.902294158935547
922,-5.878530502319336,-5.147397994995117
923,-5.524086952209473,-5.166281700134277
924,-6.082555294036865,-5.617671489715576
925,-6.380672454833984,-5.504876613616943
926,-6.9765424728393555,-5.936469078063965
927,-6.435809135437012,-5.388803482055664
928,-5.505613803863525,-4.681105136871338
929,-7.994326114654541,-6.139281272888184
930,-8.29613208770752,-7.014748573303223
931,-5.10851526260376,-4.889230728149414
932,-4.743509769439697,-4.418395519256592
933,-5.753527641296387,-5.137696266174316
934,-4.873945236206055,-4.863656997680664
935,-4.361458778381348,-3.607820510864258
936,-5.068862438201904,-4.182819366455078
937,-5.41872501373291,-4.500357627868652
938,-5.781357288360596,-4.831392765045166
939,-6.897806644439697,-5.316922664642334
940,-7.271181106567383,-6.207781791687012
941,-6.105892181396484,-5.740812301635742
942,-6.3496413230896,-5.7138800621032715
943,-6.420144557952881,-6.1046223640441895
944,-5.513888359069824,-5.427488803863525
945,-6.320168972015381,-5.4518141746521
946,-5.561725616455078,-4.8694233894348145
947,-5.373679161071777,-4.532293796539307
948,-6.049232006072998,-5.081582069396973
949,-7.647777557373047,-5.975316047668457
950,-6.695537090301514,-6.152212619781494
951,-6.476428985595703,-6.874564170837402
952,-6.742639064788818,-7.187587738037109
953,-6.997872829437256,-7.079598426818848
954,-6.331725120544434,-6.454805850982666
955,-6.303466796875,-6.019021987915039
956,-6.441461086273193,-6.531418323516846
957,-5.893874645233154,-5.521374702453613
958,-6.487791061401367,-6.41200590133667
959,-6.8462395668029785,-6.418902397155762
960,-6.276895046234131,-6.37125301361084
961,-7.646165370941162,-7.67519474029541
962,-6.176625728607178,-7.298556327819824
963,-7.641364574432373,-7.28226375579834
964,-7.5502471923828125,-6.784967422485352
965,-6.879516124725342,-6.490408897399902
966,-5.629391670227051,-6.485899925231934
967,-6.243350028991699,-6.328543186187744
968,-6.861189842224121,-6.862250328063965
969,-7.801845550537109,-7.802954196929932
970,-7.1777753829956055,-7.2861833572387695
971,-5.806955814361572,-5.358560085296631
972,-5.333145618438721,-5.160440444946289
973,-6.494856357574463,-5.721755027770996
974,-6.12054967880249,-5.45614767074585
975,-6.135712623596191,-5.073741436004639
976,-6.653501033782959,-5.937379837036133
977,-6.325322151184082,-5.452043533325195
978,-6.100915431976318,-5.430394172668457
979,-7.2252936363220215,-6.093815326690674
980,-7.660771369934082,-6.766885280609131
981,-6.1494574546813965,-6.595719814300537
982,-7.358056545257568,-7.502518653869629
983,-7.524044036865234,-7.267261505126953
984,-7.433127403259277,-7.397185325622559
985,-7.771632194519043,-7.778515338897705
986,-6.404993057250977,-7.343147277832031
987,-7.133476257324219,-7.4194722175598145
988,-6.587759971618652,-6.918676376342773
989,-7.220267295837402,-6.954162120819092
990,-6.945675849914551,-6.620952606201172
991,-6.291316032409668,-5.954147815704346
992,-6.725271224975586,-6.24155855178833
993,-5.781013488769531,-5.20319938659668
994,-6.940614223480225,-6.3198041915893555
995,-7.214471817016602,-6.701322555541992
996,-7.203563690185547,-6.705120086669922
997,-7.067615985870361,-6.4183502197265625
998,-6.174233436584473,-5.800494194030762
999,-7.369949817657471,-6.344876289367676
1000,-7.2954230308532715,-6.623904228210449
1001,-6.562776565551758,-5.7497382164001465
1002,-7.280959606170654,-5.9716010093688965
1003,-6.6123857498168945,-5.309891700744629
1004,-6.628101825714111,-5.835984230041504
1005,-7.60068416595459,-6.624786853790283
1006,-6.84504508972168,-6.012479782104492
1007,-7.35158634185791,-6.106532573699951
1008,-5.746431827545166,-5.007699489593506
1009,-7.619447708129883,-6.090910911560059
1010,-7.804912567138672,-6.056946754455566
1011,-6.2820844650268555,-5.5958333015441895
1012,-7.22017240524292,-6.128693103790283
1013,-5.829141139984131,-4.9085869789123535
1014,-6.711638450622559,-5.668154239654541
1015,-6.6667399406433105,-5.7046217918396
1016,-6.6642560958862305,-6.191954612731934
1017,-6.936090469360352,-5.945960998535156
1018,-5.713815212249756,-5.111910343170166
1019,-6.733845233917236,-5.6952080726623535
1020,-7.263540267944336,-5.886005878448486
1021,-6.035411357879639,-5.748054027557373
1022,-6.026110649108887,-5.916241645812988
1023,-6.893575668334961,-6.374152660369873
1024,-7.153765678405762,-6.448337078094482
1025,-6.345335960388184,-6.060191631317139
1026,-6.356766700744629,-6.071112155914307
1027,-7.419687271118164,-6.413960933685303
1028,-6.2110981941223145,-5.55322265625
1029,-7.744992733001709,-6.531611442565918
1030,-8.26323127746582,-7.0016961097717285
1031,-7.442183971405029,-6.115312099456787
1032,-8.3095121383667,-7.122312068939209
1033,-8.650662422180176,-6.767177104949951
1034,-7.286857604980469,-6.584001064300537
1035,-7.108384609222412,-5.96542501449585
1036,-6.947562217712402,-6.363885402679443
1037,-7.428920745849609,-6.565964221954346
1038,-7.046456813812256,-6.478806972503662
1039,-7.452979564666748,-6.05150032043457
1040,-8.125129699707031,-6.857944488525391
1041,-6.7583770751953125,-6.411086559295654
1042,-7.704664707183838,-7.6495208740234375
1043,-8.493867874145508,-7.378826141357422
1044,-8.376151084899902,-8.098384857177734
1045,-8.59793758392334,-7.833629608154297
1046,-6.749527931213379,-7.087057590484619
1047,-7.548661708831787,-7.387770652770996
1048,-6.942006587982178,-7.027082920074463
1049,-7.495519638061523,-7.276272773742676
1050,-7.730899810791016,-7.098860263824463
1051,-7.334458827972412,-7.302138328552246
1052,-6.628000259399414,-6.304753303527832
1053,-7.461738586425781,-6.732565402984619
1054,-7.4889349937438965,-6.381768703460693
1055,-8.125177383422852,-7.038285255432129
1056,-6.850891590118408,-6.41694450378418
1057,-7.277914047241211,-6.656815052032471
1058,-6.795815467834473,-6.411923885345459
1059,-6.835632801055908,-5.848900318145752
1060,-8.061457633972168,-6.9045939445495605
1061,-5.889538764953613,-6.044450283050537
1062,-6.123116493225098,-6.457310676574707
1063,-5.806622505187988,-5.316885948181152
1064,-7.511295318603516,-6.9480767250061035
1065,-7.888887405395508,-7.489988327026367
1066,-7.309084415435791,-6.882769584655762
1067,-6.787352561950684,-6.240311622619629
1068,-6.956716537475586,-6.426490783691406
1069,-6.943999290466309,-6.305685997009277
1070,-7.963137626647949,-6.865128517150879
1071,-6.708507061004639,-6.072709560394287
1072,-7.228969573974609,-6.855216979980469
1073,-7.666831970214844,-6.737302303314209
1074,-6.998740196228027,-5.799912452697754
1075,-9.03348445892334,-7.0330963134765625
1076,-6.708320140838623,-5.773209571838379
1077,-6.9423418045043945,-6.011163711547852
1078,-6.03046989440918,-5.522927761077881
1079,-7.797105312347412,-7.129650592803955
1080,-7.928914546966553,-6.6193718910217285
1081,-8.064467430114746,-6.976179122924805
1082,-8.54325008392334,-7.545562744140625
1083,-7.760062217712402,-6.214779376983643
1084,-9.282150268554688,-7.145270347595215
1085,-8.815140724182129,-7.150352478027344
1086,-7.9101972579956055,-6.477962017059326
1087,-8.914081573486328,-6.691360950469971
1088,-7.957791805267334,-6.567392826080322
1089,-8.117490768432617,-7.144211292266846
1090,-8.560152053833008,-7.033563613891602
1091,-7.993680000305176,-7.559508323669434
1092,-8.225703239440918,-7.512167930603027
1093,-8.872962951660156,-7.853564262390137
1094,-7.161981105804443,-6.43416166305542
1095,-10.00188159942627,-8.080778121948242
1096,-8.965838432312012,-7.2690324783325195
1097,-8.800924301147461,-6.790743827819824
1098,-8.364328384399414,-6.688824653625488
1099,-8.484941482543945,-7.107245445251465
1100,-9.204087257385254,-7.8642168045043945
1101,-7.8950514793396,-7.056933879852295
1102,-6.902589321136475,-5.857663631439209
1103,-6.865710735321045,-5.786348342895508
1104,-8.528395652770996,-6.573958873748779
1105,-9.48353385925293,-7.832731246948242
1106,-8.10913372039795,-6.689759254455566
1107,-8.495135307312012,-6.706653118133545
1108,-8.252242088317871,-6.524825572967529
1109,-7.043434143066406,-5.960038185119629
1110,-8.772621154785156,-7.051469326019287
1111,-5.836600303649902,-5.732570648193359
1112,-6.188728332519531,-6.934518337249756
1113,-6.868701934814453,-7.187258243560791
1114,-7.735076904296875,-7.401732444763184
1115,-7.622472763061523,-7.439949035644531
1116,-7.636711120605469,-7.2308783531188965
1117,-7.23111629486084,-7.1779279708862305
1118,-6.386083602905273,-6.408400535583496
1119,-7.112642765045166,-6.769196510314941
1120,-7.808356285095215,-7.220730781555176
1121,-7.6516852378845215,-6.442244529724121
1122,-7.042677879333496,-5.652228832244873
1123,-7.268909454345703,-6.467635631561279
1124,-6.2801833152771,-5.718803405761719
1125,-7.580578804016113,-6.2813615798950195
1126,-7.553579807281494,-6.673181056976318
1127,-6.9427337646484375,-6.068389415740967
1128,-7.525875091552734,-6.108877182006836
1129,-8.141745567321777,-6.2086896896362305
1130,-8.665438652038574,-7.264644622802734
1131,-6.897534370422363,-5.65732479095459
1132,-5.722233772277832,-4.6749043464660645
1133,-6.681844234466553,-5.938914775848389
1134,-6.198443412780762,-5.413976192474365
1135,-7.368285179138184,-5.659505367279053
1136,-6.006487846374512,-5.1817731857299805
1137,-5.3080596923828125,-4.443384647369385
1138,-5.826900005340576,-4.655313491821289
1139,-7.60435676574707,-5.700898170471191
1140,-8.393178939819336,-6.622694969177246
1141,-7.660037994384766,-6.6769232749938965
1142,-6.375127792358398,-5.867338180541992
1143,-6.56587553024292,-6.283901691436768
1144,-6.79465389251709,-6.224557399749756
1145,-7.9943671226501465,-6.838608264923096
1146,-7.041201591491699,-5.960574150085449
1147,-5.599128246307373,-5.083754539489746
1148,-7.129856109619141,-6.148902893066406
1149,-7.3845109939575195,-6.108283042907715
1150,-7.777551174163818,-6.774990081787109
1151,-7.300220012664795,-6.839517116546631
1152,-7.353004455566406,-7.266263484954834
1153,-7.348654270172119,-7.281129360198975
1154,-7.512757301330566,-6.891063213348389
1155,-7.859373569488525,-6.695821762084961
1156,-7.9138031005859375,-7.73006534576416
1157,-7.562140464782715,-7.521631240844727
1158,-7.882136344909668,-7.419608116149902
1159,-7.412588119506836,-6.536828994750977
1160,-9.245979309082031,-8.069380760192871
1161,-7.651479244232178,-6.118261814117432
1162,-6.954310417175293,-5.562502384185791
1163,-5.662559986114502,-5.289190292358398
1164,-6.231208801269531,-5.499689102172852
1165,-6.460447311401367,-5.058237075805664
1166,-7.630785942077637,-6.065097808837891
1167,-7.4893059730529785,-6.01088809967041
1168,-7.468729019165039,-5.7539143562316895
1169,-8.0067777633667,-5.730357646942139
1170,-7.471159934997559,-6.282634735107422
1171,-7.826054573059082,-5.810422897338867
1172,-5.8696722984313965,-4.920017242431641
1173,-6.9023332595825195,-6.132583141326904
1174,-7.340631008148193,-5.888907432556152
1175,-8.015080451965332,-5.87961483001709
1176,-6.800599575042725,-5.5828938484191895
1177,-7.130361080169678,-5.846971035003662
1178,-6.0711259841918945,-4.788217067718506
1179,-8.289937973022461,-6.3765130043029785
1180,-7.6993231773376465,-6.243274211883545
1181,-6.978123664855957,-6.040440559387207
1182,-6.677558898925781,-6.1087188720703125
1183,-6.981919288635254,-6.826071739196777
1184,-6.448863983154297,-5.963015556335449
1185,-6.986858367919922,-5.762825012207031
1186,-7.712239742279053,-6.707779884338379
1187,-7.4940338134765625,-6.759243965148926
1188,-6.912084579467773,-5.775167942047119
1189,-8.713313102722168,-6.829197883605957
1190,-6.825816631317139,-6.187673091888428
1191,-6.109670162200928,-4.842803001403809
1192,-6.486600399017334,-5.0321855545043945
1193,-6.409747123718262,-5.30230712890625
1194,-7.097432613372803,-5.9481401443481445
1195,-6.820365905761719,-5.475961208343506
1196,-5.672792911529541,-4.678114891052246
1197,-7.095522880554199,-5.987658977508545
1198,-6.238162517547607,-5.32557487487793
1199,-7.453380584716797,-5.774420738220215
1200,-7.94944953918457,-5.885612487792969
1201,-6.948834419250488,-5.402895450592041
1202,-6.301326751708984,-5.1433424949646
1203,-6.5281524658203125,-5.166742324829102
1204,-7.308245658874512,-5.92165470123291
1205,-7.50766658782959,-5.931699752807617
1206,-7.168604373931885,-5.988970756530762
1207,-6.645502090454102,-5.711902618408203
1208,-6.144895553588867,-5.2282819747924805
1209,-7.536677360534668,-5.9913458824157715
1210,-7.493649482727051,-6.130831718444824
1211,-7.603381633758545,-6.82813024520874
1212,-9.184470176696777,-7.550384521484375
1213,-8.869698524475098,-7.034967422485352
1214,-8.615236282348633,-7.159909725189209
1215,-8.072526931762695,-7.235476016998291
1216,-8.041412353515625,-7.43520450592041
1217,-7.8224310874938965,-7.593095302581787
1218,-7.257403373718262,-6.878143787384033
1219,-8.343864440917969,-7.642621994018555
1220,-8.702433586120605,-7.871652603149414
1221,-6.817827224731445,-5.969345569610596
1222,-7.48349666595459,-6.874667167663574
1223,-6.849387168884277,-6.150511741638184
1224,-7.644265651702881,-6.785685062408447
1225,-8.042337417602539,-6.89344596862793
1226,-6.582983016967773,-6.2191972732543945
1227,-6.856240749359131,-6.5086870193481445
1228,-6.888868808746338,-6.755410194396973
1229,-7.520338535308838,-6.632987022399902
1230,-6.702242374420166,-6.528041362762451
1231,-7.657341003417969,-6.907707691192627
1232,-7.735656261444092,-6.610238552093506
1233,-7.805409908294678,-6.625735282897949
1234,-7.408538818359375,-6.660159111022949
1235,-8.103649139404297,-7.289467811584473
1236,-7.838902473449707,-7.047314643859863
1237,-7.996706485748291,-7.017165184020996
1238,-6.852945804595947,-6.446244239807129
1239,-7.896289825439453,-6.96639347076416
1240,-8.213263511657715,-7.1725969314575195
1241,-7.918983459472656,-6.725337028503418
1242,-8.97451114654541,-6.6129150390625
1243,-7.791876316070557,-6.612668514251709
1244,-9.256851196289062,-8.052815437316895
1245,-8.377249717712402,-7.048060417175293
1246,-7.397274017333984,-6.870182991027832
1247,-8.11896800994873,-7.584369659423828
1248,-7.958645820617676,-7.606766223907471
1249,-8.196239471435547,-7.646957874298096
1250,-7.9358296394348145,-7.075453758239746
1251,-7.0824713706970215,-5.102839469909668
1252,-6.725043773651123,-5.045009136199951
1253,-6.050546169281006,-4.603207588195801
1254,-7.411576747894287,-5.6142578125
1255,-7.897119998931885,-5.910947322845459
1256,-6.744768142700195,-6.05428409576416
1257,-6.713510036468506,-6.246697902679443
1258,-5.827537536621094,-5.215806007385254
1259,-7.638399124145508,-6.10586404800415
1260,-7.400834560394287,-6.179407596588135
1261,-6.069602966308594,-6.069386005401611
1262,-8.105216026306152,-7.338194370269775
1263,-7.837428092956543,-6.8845696449279785
1264,-6.599484443664551,-6.447325229644775
1265,-7.780929088592529,-6.835858345031738
1266,-8.147043228149414,-7.318142890930176
1267,-7.895891189575195,-6.8617424964904785
1268,-6.835022449493408,-5.969452857971191
1269,-7.893778324127197,-7.06127405166626
1270,-8.17086410522461,-6.739191055297852
1271,-7.206111907958984,-6.744490623474121
1272,-6.069101333618164,-5.943652629852295
1273,-6.871730804443359,-6.339982986450195
1274,-6.88349723815918,-6.4501848220825195
1275,-7.374707221984863,-6.518065929412842
1276,-6.989553451538086,-6.325996398925781
1277,-6.181325435638428,-5.980230331420898
1278,-6.147711277008057,-5.743082523345947
1279,-7.429834842681885,-6.464303016662598
1280,-8.363405227661133,-7.105036735534668
1281,-6.670743465423584,-6.334532260894775
1282,-7.431545257568359,-6.904053211212158
1283,-6.47731876373291,-5.682985782623291
1284,-7.334895133972168,-6.776155948638916
1285,-6.662473201751709,-5.964109420776367
1286,-7.075468063354492,-6.4297661781311035
1287,-6.958225250244141,-6.430062294006348
1288,-7.402080535888672,-6.743925094604492
1289,-7.651066303253174,-6.465641498565674
1290,-7.1345624923706055,-6.358889579772949
1291,-7.962685585021973,-7.113027572631836
1292,-8.12722396850586,-7.183714389801025
1293,-7.875985622406006,-6.95649528503418
1294,-7.5361175537109375,-6.966078758239746
1295,-8.186002731323242,-7.003340244293213
1296,-8.248562812805176,-6.844162940979004
1297,-7.844382286071777,-6.7269182205200195
1298,-7.715312957763672,-6.673847675323486
1299,-7.366926670074463,-6.085267066955566
1300,-8.116605758666992,-6.813175201416016
1301,-5.492477893829346,-4.846316814422607
1302,-6.868743896484375,-6.352879047393799
1303,-6.572308540344238,-5.7576494216918945
1304,-6.83615255355835,-6.011783123016357
1305,-6.697009563446045,-5.91017484664917
1306,-6.874121189117432,-5.801028251647949
1307,-5.938920497894287,-5.210614204406738
1308,-6.807961463928223,-5.815991401672363
1309,-7.242756366729736,-6.3090033531188965
1310,-7.089250564575195,-6.1207499504089355
1311,-6.613929748535156,-5.709736347198486
1312,-8.036348342895508,-6.930398464202881
1313,-7.112596035003662,-6.167779922485352
1314,-7.551440715789795,-6.351092338562012
1315,-8.066690444946289,-6.537456512451172
1316,-7.170893669128418,-6.071203231811523
1317,-6.226375102996826,-5.553093910217285
1318,-7.218544006347656,-6.278498649597168
1319,-7.753737449645996,-6.520385265350342
1320,-7.122861385345459,-6.626112937927246
1321,-8.22874641418457,-7.227119445800781
1322,-7.575193881988525,-6.942865371704102
1323,-7.640135288238525,-6.647409439086914
1324,-8.373560905456543,-6.811540603637695
1325,-7.219963073730469,-6.133795738220215
1326,-7.542474269866943,-6.892881870269775
1327,-7.6539130210876465,-6.793971538543701
1328,-8.163347244262695,-7.309426307678223
1329,-6.815728187561035,-6.456113815307617
1330,-8.38313102722168,-7.421850204467773
1331,-6.829846382141113,-5.91102409362793
1332,-7.435403347015381,-5.872869491577148
1333,-6.820764064788818,-5.073038101196289
1334,-7.133311748504639,-5.264008522033691
1335,-6.881497383117676,-5.700253486633301
1336,-6.119761943817139,-4.827637672424316
1337,-6.59833288192749,-4.91704797744751
1338,-5.692080497741699,-4.546102046966553
1339,-6.884454727172852,-5.329231262207031
1340,-7.573203086853027,-6.2418413162231445
1341,-5.621882915496826,-4.900308609008789
1342,-4.551780700683594,-4.5521440505981445
1343,-5.428181171417236,-4.706657409667969
1344,-6.298027515411377,-4.886148452758789
1345,-5.727478504180908,-4.8299150466918945
1346,-5.752669334411621,-4.725738525390625
1347,-5.109399318695068,-4.411867141723633
1348,-5.099806308746338,-4.46575403213501
1349,-5.582655906677246,-4.695086479187012
1350,-6.174273490905762,-4.961721897125244
1351,-8.503999710083008,-7.709734916687012
1352,-7.394034385681152,-6.304330825805664
1353,-7.186362266540527,-6.140722274780273
1354,-7.667513847351074,-6.687681674957275
1355,-7.709726333618164,-6.983404159545898
1356,-7.029740333557129,-6.652713775634766
1357,-6.877519607543945,-6.646831512451172
1358,-6.991868019104004,-6.74971866607666
1359,-7.546684741973877,-6.637649059295654
1360,-6.815966606140137,-6.704922199249268
1361,-7.50625467300415,-5.7323408126831055
1362,-7.377984523773193,-4.943475246429443
1363,-7.195148468017578,-4.918776512145996
1364,-7.220287322998047,-5.089840888977051
1365,-6.691673278808594,-4.890382766723633
1366,-6.779289245605469,-4.644349098205566
1367,-6.456912994384766,-4.5791778564453125
1368,-6.282723903656006,-4.373810768127441
1369,-7.494199275970459,-4.975753307342529
1370,-7.024636745452881,-5.50450325012207
1371,-7.554564476013184,-6.489572525024414
1372,-7.42664098739624,-6.634926795959473
1373,-6.922576427459717,-6.41350793838501
1374,-7.235645294189453,-6.298078536987305
1375,-7.6645612716674805,-6.5865583419799805
1376,-7.334519386291504,-6.117920875549316
1377,-6.623068809509277,-6.002600193023682
1378,-6.478564739227295,-5.953372001647949
1379,-6.588286876678467,-6.0005083084106445
1380,-7.696112155914307,-6.933037757873535
1381,-7.873477935791016,-7.097981929779053
1382,-7.95497465133667,-7.453900337219238
1383,-7.291329383850098,-6.158671855926514
1384,-7.742605686187744,-7.01624059677124
1385,-7.746997833251953,-7.149985313415527
1386,-6.9946184158325195,-6.150369167327881
1387,-7.1888747215271,-6.257477283477783
1388,-6.764562129974365,-5.973339557647705
1389,-7.0946149826049805,-6.679570198059082
1390,-8.605260848999023,-7.64484977722168
1391,-7.002028942108154,-5.67850399017334
1392,-6.2490034103393555,-5.190646648406982
1393,-6.052626609802246,-4.91353178024292
1394,-6.647811412811279,-5.5386857986450195
1395,-6.677069664001465,-5.688397407531738
1396,-6.440445423126221,-4.858963966369629
1397,-6.297335147857666,-5.0460100173950195
1398,-6.14252233505249,-4.8694539070129395
1399,-6.581421375274658,-5.2369890213012695
1400,-6.884342193603516,-5.631254196166992
1401,-7.740802764892578,-6.9460625648498535
1402,-7.808623790740967,-7.319734573364258
1403,-7.861398220062256,-7.3163299560546875
1404,-7.733678340911865,-7.048178672790527
1405,-7.825716972351074,-7.292690753936768
1406,-7.786087512969971,-6.913609504699707
1407,-7.956329822540283,-6.9515380859375
1408,-7.248544216156006,-6.37235689163208
1409,-8.426570892333984,-6.9168500900268555
1410,-8.053851127624512,-7.0703277587890625
1411,-6.9965362548828125,-6.321051597595215
1412,-6.156229019165039,-5.433703422546387
1413,-6.2432403564453125,-6.110693454742432
1414,-6.366012096405029,-5.689661502838135
1415,-6.749869346618652,-6.37452507019043
1416,-7.455930709838867,-6.400127410888672
1417,-7.173684120178223,-6.220829010009766
1418,-7.500820159912109,-6.562626361846924
1419,-7.8602375984191895,-6.6432318687438965
1420,-7.524038314819336,-6.835477352142334
1421,-7.202273368835449,-6.108036994934082
1422,-6.469117641448975,-5.523355007171631
1423,-7.615711212158203,-6.7116827964782715
1424,-5.369573593139648,-5.077661037445068
1425,-6.090817928314209,-5.4478230476379395
1426,-6.157499313354492,-5.193309307098389
1427,-6.443008899688721,-5.437600135803223
1428,-6.403993129730225,-5.459604263305664
1429,-7.1008501052856445,-5.775811195373535
1430,-7.4035844802856445,-6.156039237976074
1431,-7.211145877838135,-5.74696159362793
1432,-7.166189670562744,-5.617341041564941
1433,-6.334654808044434,-5.328042984008789
1434,-5.79024076461792,-4.48560905456543
1435,-7.176758289337158,-5.9846391677856445
1436,-6.827835559844971,-5.993427276611328
1437,-6.301960468292236,-5.009947299957275
1438,-5.056628704071045,-4.5623087882995605
1439,-7.441391468048096,-5.683285236358643
1440,-6.732638359069824,-5.390263080596924
1441,-8.199565887451172,-7.24132776260376
1442,-8.457347869873047,-7.574583530426025
1443,-7.919125556945801,-6.982402801513672
1444,-6.035593032836914,-6.074600696563721
1445,-7.443492889404297,-7.091691970825195
1446,-7.241227149963379,-6.2584614753723145
1447,-7.285916328430176,-6.562116622924805
1448,-7.441761016845703,-6.725258827209473
1449,-7.829798221588135,-6.415342330932617
1450,-8.100568771362305,-7.504707336425781
1451,-7.321549892425537,-6.295360565185547
1452,-6.10348653793335,-5.39661169052124
1453,-7.343039035797119,-6.558885097503662
1454,-5.846975803375244,-5.298779487609863
1455,-6.6569695472717285,-5.989620208740234
1456,-7.636695384979248,-6.541508197784424
1457,-6.730367183685303,-5.536224842071533
1458,-6.836198329925537,-5.942606449127197
1459,-7.262486457824707,-6.626967430114746
1460,-7.9094557762146,-6.716441631317139
1461,-7.552600860595703,-5.858311653137207
1462,-6.915410041809082,-5.494087219238281
1463,-7.258644104003906,-6.27923583984375
1464,-7.526536464691162,-5.943763732910156
1465,-6.867122650146484,-5.459120750427246
1466,-6.404732704162598,-5.63131856918335
1467,-6.619809627532959,-5.321211338043213
1468,-6.602092742919922,-5.768397808074951
1469,-7.0268096923828125,-6.139944076538086
1470,-7.563509941101074,-6.215950965881348
1471,-6.616352081298828,-6.665262222290039
1472,-6.0757317543029785,-6.249303817749023
1473,-6.927547454833984,-6.668168067932129
1474,-6.462618827819824,-6.136345863342285
1475,-7.056062698364258,-7.008116245269775
1476,-6.399633884429932,-6.521598815917969
1477,-5.379006385803223,-5.507521152496338
1478,-6.4225754737854,-6.344866752624512
1479,-6.524876594543457,-6.385278224945068
1480,-7.70756196975708,-7.1060709953308105
1481,-6.337819576263428,-6.159800052642822
1482,-6.069606304168701,-5.541358470916748
1483,-6.068886756896973,-6.108213901519775
1484,-6.081591606140137,-5.798628807067871
1485,-6.379666328430176,-6.066527366638184
1486,-6.747720718383789,-6.256374359130859
1487,-5.762340068817139,-5.39369535446167
1488,-6.345541000366211,-6.017121315002441
1489,-6.914412975311279,-6.48974609375
1490,-6.79946756362915,-6.438521862030029
1491,-6.551143646240234,-6.512353897094727
1492,-7.636235237121582,-7.20377254486084
1493,-7.4156036376953125,-7.204227924346924
1494,-6.2839765548706055,-6.021373271942139
1495,-6.692274570465088,-6.465484142303467
1496,-7.843618869781494,-7.433389186859131
1497,-7.678963661193848,-7.247653484344482
1498,-7.1524505615234375,-7.114767551422119
1499,-6.683339595794678,-6.111422061920166
1500,-6.944594860076904,-6.611856937408447
1501,-5.366283893585205,-5.537071228027344
1502,-5.913893699645996,-5.8618483543396
1503,-6.1216888427734375,-6.256200313568115
1504,-6.0872039794921875,-5.901679515838623
1505,-6.373899459838867,-6.4269328117370605
1506,-6.58651065826416,-6.59090518951416
1507,-6.137567043304443,-6.3149333000183105
1508,-6.02056360244751,-6.146313190460205
1509,-6.246062755584717,-6.080838680267334
1510,-7.370402812957764,-6.973967552185059
1511,-6.372331142425537,-6.256396770477295
1512,-6.003081321716309,-5.682431697845459
1513,-6.4211225509643555,-6.188700199127197
1514,-5.721961975097656,-5.412777423858643
1515,-7.217887878417969,-6.545149326324463
1516,-7.296061038970947,-6.518089294433594
1517,-6.102251052856445,-5.834555149078369
1518,-6.291579723358154,-6.013726711273193
1519,-6.312359809875488,-5.718822002410889
1520,-6.763601779937744,-6.030434608459473
1521,-5.155519962310791,-5.1791157722473145
1522,-6.194863796234131,-6.007675647735596
1523,-6.312051296234131,-6.284766674041748
1524,-6.7001752853393555,-6.032201766967773
1525,-6.531615257263184,-5.938718795776367
1526,-6.919991493225098,-6.602636814117432
1527,-7.263393402099609,-6.717859268188477
1528,-6.341764450073242,-5.9668288230896
1529,-6.881417274475098,-6.1095499992370605
1530,-6.431155204772949,-5.7575225830078125
1531,-6.497244834899902,-5.943894386291504
1532,-6.023693561553955,-5.743255615234375
1533,-5.742021560668945,-5.511408805847168
1534,-6.283939838409424,-5.501556396484375
1535,-6.639990329742432,-5.867472171783447
1536,-5.989899635314941,-5.314036846160889
1537,-6.287012577056885,-5.782646179199219
1538,-6.234645366668701,-6.004730224609375
1539,-6.236990451812744,-5.774055480957031
1540,-6.441784858703613,-5.839300155639648
1541,-8.88058090209961,-8.031696319580078
1542,-10.33081340789795,-9.139632225036621
1543,-9.587783813476562,-8.770362854003906
1544,-9.318623542785645,-8.599294662475586
1545,-9.24755859375,-8.39072036743164
1546,-10.136220932006836,-8.829963684082031
1547,-10.175981521606445,-8.743367195129395
1548,-10.502264022827148,-9.032063484191895
1549,-8.900104522705078,-7.857527256011963
1550,-9.365469932556152,-8.313936233520508
1551,-10.398038864135742,-9.863879203796387
1552,-9.597368240356445,-9.164427757263184
1553,-10.004667282104492,-9.64483642578125
1554,-9.321269989013672,-9.096450805664062
1555,-9.782449722290039,-9.447726249694824
1556,-10.138689994812012,-9.628250122070312
1557,-9.51937484741211,-9.127287864685059
1558,-10.045787811279297,-9.532257080078125
1559,-9.810892105102539,-8.92236614227295
1560,-9.465925216674805,-9.3899507522583
1561,-8.658188819885254,-8.020955085754395
1562,-9.814004898071289,-8.507316589355469
1563,-9.298891067504883,-8.296245574951172
1564,-9.388666152954102,-8.876005172729492
1565,-9.681594848632812,-9.413846969604492
1566,-10.38711929321289,-9.327561378479004
1567,-9.116913795471191,-8.148347854614258
1568,-9.90870475769043,-8.987690925598145
1569,-9.937090873718262,-8.815712928771973
1570,-10.04055118560791,-9.38763427734375
1571,-10.403425216674805,-9.417546272277832
1572,-11.12470531463623,-9.88731575012207
1573,-9.568521499633789,-8.920816421508789
1574,-10.440118789672852,-9.530867576599121
1575,-11.079144477844238,-10.396306991577148
1576,-9.907066345214844,-9.266915321350098
1577,-10.27949333190918,-9.514666557312012
1578,-9.718426704406738,-9.179818153381348
1579,-9.068135261535645,-8.290497779846191
1580,-9.665196418762207,-9.272773742675781
1581,-9.666234016418457,-8.749516487121582
1582,-10.787222862243652,-9.767261505126953
1583,-10.439443588256836,-9.268251419067383
1584,-9.607831001281738,-8.834552764892578
1585,-8.948127746582031,-8.652311325073242
1586,-11.311840057373047,-10.0030517578125
1587,-10.20651626586914,-8.828316688537598
1588,-9.969764709472656,-8.902417182922363
1589,-9.540008544921875,-8.740079879760742
1590,-10.104482650756836,-9.201662063598633
1591,-10.716367721557617,-9.41562557220459
1592,-10.289026260375977,-9.24885082244873
1593,-10.22515869140625,-9.08387279510498
1594,-9.378809928894043,-8.159461975097656
1595,-11.209173202514648,-9.96064567565918
1596,-11.140432357788086,-9.85427474975586
1597,-9.76566219329834,-8.519057273864746
1598,-10.6591796875,-9.078886032104492
1599,-9.985304832458496,-9.008056640625
1600,-8.959028244018555,-8.045512199401855
1601,-9.907642364501953,-8.625130653381348
1602,-8.58861255645752,-7.778858661651611
1603,-9.98515796661377,-9.144889831542969
1604,-9.570161819458008,-8.145378112792969
1605,-10.06149959564209,-8.770896911621094
1606,-10.83709716796875,-9.74350357055664
1607,-9.700894355773926,-8.6270170211792
1608,-9.686227798461914,-8.795645713806152
1609,-8.365094184875488,-7.788784980773926
1610,-9.617438316345215,-8.834638595581055
1611,-8.003684043884277,-7.003082752227783
1612,-6.910915851593018,-6.206946849822998
1613,-6.9272003173828125,-6.421953201293945
1614,-7.34990930557251,-6.361166477203369
1615,-8.231199264526367,-6.661258697509766
1616,-6.879487991333008,-6.1755757331848145
1617,-7.0690460205078125,-6.299309730529785
1618,-7.0533905029296875,-6.261018753051758
1619,-8.111927032470703,-7.045603275299072
1620,-7.947965621948242,-6.780970096588135
1621,-6.346275806427002,-6.573888778686523
1622,-7.729552268981934,-7.4029130935668945
1623,-6.726197719573975,-6.572299003601074
1624,-8.346388816833496,-7.574523448944092
1625,-7.533344268798828,-7.235647678375244
1626,-7.353436470031738,-7.506622314453125
1627,-6.6294403076171875,-6.857112884521484
1628,-7.057071208953857,-6.893948078155518
1629,-7.099156379699707,-6.673658847808838
1630,-7.801721572875977,-7.643429279327393
1631,-6.494174957275391,-6.35451078414917
1632,-6.525619029998779,-6.37053108215332
1633,-6.476422309875488,-6.237040042877197
1634,-7.159891605377197,-6.693243980407715
1635,-7.4185285568237305,-6.995142936706543
1636,-7.502359867095947,-7.40268087387085
1637,-6.030630588531494,-6.256684303283691
1638,-6.840865135192871,-6.517677307128906
1639,-6.770310401916504,-6.601716041564941
1640,-8.008841514587402,-7.3579254150390625
1641,-6.969703674316406,-6.963825702667236
1642,-5.735345363616943,-6.616687297821045
1643,-7.91937255859375,-7.9665021896362305
1644,-7.832206726074219,-7.197579860687256
1645,-7.0464630126953125,-6.914980411529541
1646,-7.544100284576416,-7.859422206878662
1647,-6.967854976654053,-7.443398952484131
1648,-6.806832790374756,-6.829896450042725
1649,-6.710071086883545,-6.6335577964782715
1650,-7.631144046783447,-7.962120056152344
1651,-5.5289506912231445,-5.876382827758789
1652,-5.954769134521484,-6.209314346313477
1653,-6.379737377166748,-6.4265642166137695
1654,-7.323805809020996,-7.0666093826293945
1655,-6.725876331329346,-7.030968189239502
1656,-6.592574119567871,-6.932240962982178
1657,-6.744740009307861,-7.012011528015137
1658,-7.074193000793457,-7.056296348571777
1659,-7.003169536590576,-6.8653764724731445
1660,-6.9473066329956055,-6.492360591888428
1661,-5.774555206298828,-5.942457675933838
1662,-6.846423149108887,-7.233060836791992
1663,-7.387200832366943,-7.74755859375
1664,-8.382962226867676,-7.931787490844727
1665,-6.844321250915527,-6.624781131744385
1666,-5.908970832824707,-5.856890678405762
1667,-6.611562728881836,-6.763941764831543
1668,-7.718353748321533,-7.388620376586914
1669,-7.389307498931885,-7.254202365875244
1670,-7.603572845458984,-7.681021213531494
1671,-7.790240287780762,-6.818437576293945
1672,-6.544047832489014,-5.86820650100708
1673,-6.398451805114746,-6.068742275238037
1674,-7.093982696533203,-6.1786394119262695
1675,-6.34259557723999,-5.57731294631958
1676,-5.544360637664795,-5.556611061096191
1677,-5.572169780731201,-5.5224289894104
1678,-6.624890327453613,-6.2090654373168945
1679,-6.574048042297363,-5.846380710601807
1680,-7.445876121520996,-7.093327522277832
1681,-7.761197566986084,-6.914894104003906
1682,-7.587379455566406,-7.022423267364502
1683,-7.0179572105407715,-6.497647762298584
1684,-6.577264308929443,-6.18503999710083
1685,-7.231481075286865,-6.434325695037842
1686,-6.712296485900879,-5.890399932861328
1687,-6.957005977630615,-6.069667816162109
1688,-7.163769721984863,-6.211099624633789
1689,-6.724971294403076,-5.736408710479736
1690,-8.472540855407715,-7.323737621307373
1691,-8.189615249633789,-7.323009490966797
1692,-8.385157585144043,-7.409543991088867
1693,-8.426314353942871,-7.708860397338867
1694,-7.49946928024292,-6.907875061035156
1695,-8.00831127166748,-7.0278730392456055
1696,-6.767912864685059,-6.382413864135742
1697,-7.273385524749756,-6.788834095001221
1698,-7.406400203704834,-7.139998435974121
1699,-7.439969539642334,-6.856383800506592
1700,-8.578499794006348,-7.610550403594971
1701,-7.308296203613281,-6.9809393882751465
1702,-7.098769187927246,-7.099161624908447
1703,-6.39892053604126,-6.404155731201172
1704,-8.04080581665039,-7.52304220199585
1705,-8.500678062438965,-7.818384647369385
1706,-6.9245781898498535,-6.5364179611206055
1707,-6.115398406982422,-5.744632244110107
1708,-7.6363372802734375,-6.938558578491211
1709,-7.932032108306885,-6.857241153717041
1710,-8.62126350402832,-7.447613716125488
1711,-6.776090621948242,-6.627642631530762
1712,-6.38748836517334,-6.7191481590271
1713,-8.077903747558594,-8.091272354125977
1714,-6.892541408538818,-6.8549089431762695
1715,-6.290013313293457,-6.582735061645508
1716,-7.117486476898193,-7.272068977355957
1717,-5.536027908325195,-5.4842400550842285
1718,-7.201390266418457,-7.249183654785156
1719,-7.598958969116211,-6.855507850646973
1720,-8.036073684692383,-7.546374320983887
1721,-7.2134599685668945,-7.5701494216918945
1722,-6.600646018981934,-6.92735481262207
1723,-7.164945125579834,-7.307407379150391
1724,-7.000546932220459,-7.157776832580566
1725,-5.974722862243652,-6.293122291564941
1726,-6.071028709411621,-6.507753849029541
1727,-7.348133087158203,-7.292018890380859
1728,-6.598969459533691,-6.549556732177734
1729,-7.129413604736328,-6.859111785888672
1730,-7.383777618408203,-7.093591213226318
1731,-7.528840065002441,-7.197998046875
1732,-7.489393711090088,-7.325417995452881
1733,-5.963468074798584,-5.787031173706055
1734,-5.6453094482421875,-5.21270751953125
1735,-5.817032337188721,-5.977705001831055
1736,-6.884900093078613,-6.637093544006348
1737,-6.499368190765381,-6.065718650817871
1738,-6.6056742668151855,-6.181567668914795
1739,-7.179620742797852,-6.544368267059326
1740,-7.67888069152832,-6.825146675109863
1741,-6.939088344573975,-6.085919380187988
1742,-6.540706157684326,-5.6511664390563965
1743,-5.891782283782959,-5.710623741149902
1744,-5.631872653961182,-4.871356964111328
1745,-6.501783847808838,-5.697572708129883
1746,-6.096789360046387,-5.556159019470215
1747,-5.90744686126709,-5.406161785125732
1748,-6.18863582611084,-5.697426795959473
1749,-7.077962875366211,-6.30203914642334
1750,-6.939350128173828,-6.309441089630127
1751,-7.401106834411621,-6.9710588455200195
1752,-5.86807918548584,-5.790348529815674
1753,-6.364494323730469,-6.227144241333008
1754,-6.572946071624756,-6.5919413566589355
1755,-7.146374702453613,-6.632776260375977
1756,-6.669396877288818,-6.511968612670898
1757,-6.170018196105957,-5.836874008178711
1758,-6.65144157409668,-6.268702030181885
1759,-7.393105506896973,-6.317364692687988
1760,-7.702345371246338,-6.997936725616455
1761,-6.276840686798096,-5.567770004272461
1762,-6.584964275360107,-6.755110263824463
1763,-7.060523509979248,-7.059264183044434
1764,-6.719947814941406,-6.380734920501709
1765,-7.416786193847656,-7.129990577697754
1766,-5.5560808181762695,-5.686058521270752
1767,-5.89780330657959,-6.061655044555664
1768,-6.675111293792725,-6.2988739013671875
1769,-7.4487624168396,-6.989680290222168
1770,-7.557533264160156,-7.186354637145996
1771,-7.687723159790039,-7.012765407562256
1772,-6.534930229187012,-6.585367679595947
1773,-6.264331817626953,-6.4410881996154785
1774,-6.086160659790039,-5.979342937469482
1775,-8.333786964416504,-7.484867095947266
1776,-7.393062591552734,-6.9324469566345215
1777,-5.969038963317871,-6.1456298828125
1778,-6.479990005493164,-5.998622894287109
1779,-7.71774959564209,-7.1847076416015625
1780,-8.008048057556152,-7.23119592666626
1781,-6.122744560241699,-5.094237327575684
1782,-6.954165458679199,-6.1274895668029785
1783,-5.899226665496826,-5.356967449188232
1784,-6.388714790344238,-5.389776229858398
1785,-6.962907314300537,-5.794177055358887
1786,-6.313388347625732,-5.7812323570251465
1787,-6.795876979827881,-6.077414512634277
1788,-5.618809700012207,-5.0218329429626465
1789,-6.821383476257324,-5.45343017578125
1790,-7.149697780609131,-6.325336456298828
1791,-5.851497650146484,-5.3907904624938965
1792,-6.324986934661865,-5.84881067276001
1793,-7.031471252441406,-6.6454644203186035
1794,-5.4459943771362305,-5.2053542137146
1795,-7.656417369842529,-6.681534290313721
1796,-5.710124492645264,-5.654777526855469
1797,-5.863876819610596,-5.856016635894775
1798,-6.752734661102295,-6.557769775390625
1799,-6.682962894439697,-6.072562217712402
1800,-6.907957553863525,-6.163099765777588
1801,-7.018712043762207,-6.575953483581543
1802,-6.743515968322754,-6.255753517150879
1803,-7.946272373199463,-7.225563049316406
1804,-7.5366973876953125,-6.531886577606201
1805,-8.071331977844238,-6.727199554443359
1806,-6.810634613037109,-6.30624532699585
1807,-6.668405532836914,-6.287987232208252
1808,-7.3007121086120605,-6.676163196563721
1809,-7.587141036987305,-7.059969425201416
1810,-7.979248046875,-7.346213340759277
1811,-7.613433837890625,-6.216395378112793
1812,-7.0935235023498535,-6.153926849365234
1813,-7.111026287078857,-6.5557379722595215
1814,-6.6972336769104,-5.580227851867676
1815,-7.436656951904297,-5.964366912841797
1816,-6.154439449310303,-5.44835901260376
1817,-6.682164192199707,-6.236536502838135
1818,-5.349347114562988,-4.888792037963867
1819,-7.514163970947266,-6.460123062133789
1820,-6.33786153793335,-5.517153739929199
1821,-6.96617317199707,-6.553896903991699
1822,-6.795445442199707,-6.519556999206543
1823,-6.522998809814453,-6.2733941078186035
1824,-7.166111946105957,-6.559153079986572
1825,-6.922701358795166,-6.248627662658691
1826,-6.873249053955078,-6.559977054595947
1827,-6.34385347366333,-6.043476104736328
1828,-6.261612892150879,-5.289243221282959
1829,-7.844799995422363,-6.995957374572754
1830,-7.563633918762207,-6.222823619842529
1831,-6.420651912689209,-6.867611885070801
1832,-6.953256130218506,-7.383781909942627
1833,-7.533563613891602,-7.02332878112793
1834,-6.791860103607178,-7.040402889251709
1835,-5.945050239562988,-6.454846382141113
1836,-5.992845058441162,-6.322278022766113
1837,-5.567600727081299,-5.9249267578125
1838,-5.999917507171631,-5.881695747375488
1839,-7.849767684936523,-7.0883026123046875
1840,-7.833141326904297,-7.34652853012085
1841,-6.200608253479004,-6.560582160949707
1842,-6.144032955169678,-6.98476505279541
1843,-6.771216869354248,-6.804111003875732
1844,-6.742856979370117,-6.199222087860107
1845,-6.435323238372803,-6.2151103019714355
1846,-5.831019878387451,-6.254081726074219
1847,-6.059901714324951,-6.397069454193115
1848,-6.205530643463135,-6.180460453033447
1849,-6.877161502838135,-6.231997013092041
1850,-7.912819862365723,-7.922613143920898
1851,-8.320615768432617,-7.7746357917785645
1852,-8.98983383178711,-8.420621871948242
1853,-8.08933162689209,-7.822203636169434
1854,-8.95130729675293,-8.901861190795898
1855,-9.211515426635742,-8.83133316040039
1856,-7.725412845611572,-7.289554119110107
1857,-8.35446834564209,-8.321964263916016
1858,-8.434850692749023,-7.797453880310059
1859,-8.736614227294922,-8.038381576538086
1860,-9.19128704071045,-8.396989822387695
1861,-6.33534049987793,-6.27813196182251
1862,-6.225648403167725,-6.050830364227295
1863,-6.697396755218506,-6.3839898109436035
1864,-6.826679706573486,-6.708742141723633
1865,-6.149460792541504,-5.942112445831299
1866,-5.8657379150390625,-5.903433799743652
1867,-6.55964469909668,-6.336666107177734
1868,-6.236454010009766,-6.009665012359619
1869,-7.105896472930908,-5.971426963806152
1870,-7.776009559631348,-6.965419292449951
1871,-5.614261150360107,-5.586226463317871
1872,-6.640788555145264,-7.049180030822754
1873,-6.216730117797852,-6.095259666442871
1874,-6.369551658630371,-5.9186272621154785
1875,-7.179832458496094,-6.611962795257568
1876,-6.431421279907227,-6.255801677703857
1877,-6.19748067855835,-5.866959571838379
1878,-6.754237174987793,-6.354349613189697
1879,-7.138808250427246,-6.1809563636779785
1880,-7.025824546813965,-6.452275276184082
1881,-6.8540940284729,-5.906701564788818
1882,-6.800599575042725,-6.308279991149902
1883,-7.3840837478637695,-6.513585567474365
1884,-7.100523471832275,-5.629027366638184
1885,-6.408392429351807,-4.969635963439941
1886,-6.5942487716674805,-5.6101460456848145
1887,-5.905672073364258,-5.381453514099121
1888,-6.429668426513672,-5.765120983123779
1889,-6.636565208435059,-6.1009931564331055
1890,-8.546043395996094,-7.140056610107422
1891,-6.013873100280762,-6.0590386390686035
1892,-5.371016979217529,-5.009914398193359
1893,-6.3182597160339355,-5.743386268615723
1894,-5.197867393493652,-5.11652946472168
1895,-6.275154113769531,-5.23021936416626
1896,-5.624381065368652,-4.810518264770508
1897,-6.126500606536865,-5.322409152984619
1898,-5.453615665435791,-4.866715431213379
1899,-7.49363899230957,-6.100926399230957
1900,-7.8058037757873535,-6.829305648803711
1901,-6.269326686859131,-6.114104270935059
1902,-5.60382604598999,-5.324880599975586
1903,-6.368520259857178,-5.896627426147461
1904,-5.237964630126953,-5.55848503112793
1905,-6.597114562988281,-5.763420581817627
1906,-6.678513050079346,-5.117778778076172
1907,-6.084539413452148,-5.29228401184082
1908,-7.164421558380127,-6.1843743324279785
1909,-7.1884331703186035,-5.8598246574401855
1910,-8.400374412536621,-7.329970836639404
1911,-7.267332077026367,-6.745469093322754
1912,-8.336332321166992,-7.739166259765625
1913,-7.8582000732421875,-7.206419944763184
1914,-6.868453025817871,-6.757120132446289
1915,-8.106889724731445,-7.015700340270996
1916,-8.30546760559082,-6.94146203994751
1917,-7.611948013305664,-6.715811252593994
1918,-7.86424446105957,-7.02797794342041
1919,-8.588499069213867,-7.445980548858643
1920,-9.134323120117188,-8.269877433776855
1921,-6.472156047821045,-5.3304595947265625
1922,-6.834663391113281,-5.791836261749268
1923,-7.758834362030029,-6.5365471839904785
1924,-6.408351421356201,-5.811336040496826
1925,-8.123740196228027,-6.4354634284973145
1926,-6.620873928070068,-4.982823848724365
1927,-8.133532524108887,-6.226041793823242
1928,-7.027230262756348,-5.491093635559082
1929,-7.0532684326171875,-5.6339874267578125
1930,-8.093785285949707,-7.026165962219238
1931,-7.719381332397461,-6.196866035461426
1932,-6.419918060302734,-5.268619060516357
1933,-7.746032238006592,-6.42972469329834
1934,-5.556653022766113,-5.001914024353027
1935,-7.850100517272949,-6.0407586097717285
1936,-6.186574935913086,-4.829336643218994
1937,-7.714507102966309,-5.980928421020508
1938,-8.005884170532227,-6.445873737335205
1939,-8.231712341308594,-6.308967113494873
1940,-7.54531192779541,-6.37016487121582
1941,-6.166599750518799,-5.747461318969727
1942,-6.699883937835693,-6.208283424377441
1943,-7.649838447570801,-7.177499771118164
1944,-5.066928386688232,-5.335016250610352
1945,-6.617082118988037,-5.520608901977539
1946,-6.3833136558532715,-5.180227756500244
1947,-7.839282989501953,-6.398146629333496
1948,-7.247303009033203,-6.064481258392334
1949,-6.682941913604736,-5.929295063018799
1950,-7.798728942871094,-6.849658489227295
1951,-7.353536128997803,-6.37168550491333
1952,-6.523367881774902,-5.880784034729004
1953,-8.247868537902832,-7.316648483276367
1954,-6.625322341918945,-6.3395209312438965
1955,-8.175342559814453,-6.622549057006836
1956,-7.8832478523254395,-6.562541961669922
1957,-6.8463921546936035,-5.796064853668213
1958,-7.324118614196777,-6.668947219848633
1959,-7.628676414489746,-6.766951560974121
1960,-7.539047718048096,-7.12067985534668
