{
    "paspas": {
        "do": [
            "mommy [verb] her me .",
            "grandpa [verb] me her .",
            "bert [verb] me her .",
            "grandpa [verb] her me .",
            "mommy [verb] me her ."
        ],
        "pp": [
            "mommy [verb] me to her .",
            "grandpa [verb] her to me .",
            "bert [verb] her to me .",
            "grandpa [verb] me to her .",
            "mommy [verb] her to me ."
        ]
    },
    "paspis": {
        "do": [
            "the ball [verb] it me .",
            "the teddy [verb] it her .",
            "the dog [verb] it me .",
            "grandpa [verb] it her .",
            "elmo [verb] it her ."
        ],
        "pp": [
            "the ball [verb] me to it .",
            "the teddy [verb] her to it .",
            "the dog [verb] me to it .",
            "grandpa [verb] her to it .",
            "elmo [verb] her to it ."
        ]
    },
    "pasnal": {
        "do": [
            "bert [verb] the little dog her .",
            "it [verb] the little bird me .",
            "the kitty [verb] the little bird me .",
            "the bird [verb] the little bird her .",
            "the bear [verb] the big bear me ."
        ],
        "pp": [
            "bert [verb] her to the little dog .",
            "it [verb] me to the little bird .",
            "the kitty [verb] me to the little bird .",
            "the bird [verb] her to the little bird .",
            "the bear [verb] me to the big bear ."
        ]
    },
    "pasnas": {
        "do": [
            "the candy [verb] mommy me .",
            "the bear [verb] grandpa her .",
            "it [verb] grandpa me .",
            "the dog [verb] mommy me .",
            "the kitty [verb] elmo her ."
        ],
        "pp": [
            "the candy [verb] me to mommy .",
            "the bear [verb] her to grandpa .",
            "it [verb] me to grandpa .",
            "the dog [verb] me to mommy .",
            "the kitty [verb] her to elmo ."
        ]
    },
    "pasnil": {
        "do": [
            "mommy [verb] the red ball her .",
            "she [verb] some of the chocolate me .",
            "the candy [verb] the big doll her .",
            "grandpa [verb] the red ball her .",
            "the dog [verb] some of the chocolate me ."
        ],
        "pp": [
            "mommy [verb] her to the red ball .",
            "she [verb] me to some of the chocolate .",
            "the candy [verb] her to the big doll .",
            "grandpa [verb] her to the red ball .",
            "the dog [verb] me to some of the chocolate ."
        ]
    },
    "pasnis": {
        "do": [
            "I [verb] the juice her .",
            "elmo [verb] the ball me .",
            "the bird [verb] the teddy her .",
            "the dog [verb] the doll her .",
            "the dog [verb] the candy me ."
        ],
        "pp": [
            "I [verb] her to the juice .",
            "elmo [verb] me to the ball .",
            "the bird [verb] her to the teddy .",
            "the dog [verb] her to the doll .",
            "the dog [verb] me to the candy ."
        ]
    },
    "pispas": {
        "do": [
            "the kitty [verb] me it .",
            "the dog [verb] her it .",
            "the bird [verb] her it .",
            "the bear [verb] her it .",
            "the ball [verb] her it ."
        ],
        "pp": [
            "the kitty [verb] it to me .",
            "the dog [verb] it to her .",
            "the bird [verb] it to her .",
            "the bear [verb] it to her .",
            "the ball [verb] it to her ."
        ]
    },
    "pisnal": {
        "do": [
            "the dog [verb] the big bear it .",
            "the ball [verb] the little bird it .",
            "the dog [verb] the big bear it .",
            "the bird [verb] the little kitty it .",
            "the teddy [verb] the little kitty it ."
        ],
        "pp": [
            "the dog [verb] it to the big bear .",
            "the ball [verb] it to the little bird .",
            "the dog [verb] it to the big bear .",
            "the bird [verb] it to the little kitty .",
            "the teddy [verb] it to the little kitty ."
        ]
    },
    "pisnas": {
        "do": [
            "the ball [verb] elmo it .",
            "I [verb] bert it .",
            "the kitty [verb] mommy it .",
            "the candy [verb] grandpa it .",
            "the dog [verb] grandpa it ."
        ],
        "pp": [
            "the ball [verb] it to elmo .",
            "I [verb] it to bert .",
            "the kitty [verb] it to mommy .",
            "the candy [verb] it to grandpa .",
            "the dog [verb] it to grandpa ."
        ]
    },
    "pisnil": {
        "do": [
            "the doll [verb] some of the juice it .",
            "bert [verb] the red ball it .",
            "the bird [verb] the beautiful doll it .",
            "elmo [verb] the big doll it .",
            "grandpa [verb] the red ball it ."
        ],
        "pp": [
            "the doll [verb] it to some of the juice .",
            "bert [verb] it to the red ball .",
            "the bird [verb] it to the beautiful doll .",
            "elmo [verb] it to the big doll .",
            "grandpa [verb] it to the red ball ."
        ]
    },
    "pisnis": {
        "do": [
            "the dog [verb] the candy it .",
            "bert [verb] the doll it .",
            "mommy [verb] the juice it .",
            "the teddy [verb] the candy it .",
            "the candy [verb] the doll it ."
        ],
        "pp": [
            "the dog [verb] it to the candy .",
            "bert [verb] it to the doll .",
            "mommy [verb] it to the juice .",
            "the teddy [verb] it to the candy .",
            "the candy [verb] it to the doll ."
        ]
    },
    "nalpas": {
        "do": [
            "the kitty [verb] her the little dog .",
            "mommy [verb] her the little bird .",
            "the bear [verb] her the big bear .",
            "mommy [verb] me the little bird .",
            "the doll [verb] her the big bear ."
        ],
        "pp": [
            "the kitty [verb] the little dog to her .",
            "mommy [verb] the little bird to her .",
            "the bear [verb] the big bear to her .",
            "mommy [verb] the little bird to me .",
            "the doll [verb] the big bear to her ."
        ]
    },
    "nalpis": {
        "do": [
            "the kitty [verb] it the big bear .",
            "bert [verb] it the little bird .",
            "the bird [verb] it the little kitty .",
            "she [verb] it the little bird .",
            "I [verb] it the little kitty ."
        ],
        "pp": [
            "the kitty [verb] the big bear to it .",
            "bert [verb] the little bird to it .",
            "the bird [verb] the little kitty to it .",
            "she [verb] the little bird to it .",
            "I [verb] the little kitty to it ."
        ]
    },
    "nalnal": {
        "do": [
            "elmo [verb] the little dog the little kitty .",
            "grandpa [verb] the little kitty the big bear .",
            "the bear [verb] the little dog the little bird .",
            "the doll [verb] the little dog the big bear .",
            "the kitty [verb] the big bear the little kitty ."
        ],
        "pp": [
            "elmo [verb] the little kitty to the little dog .",
            "grandpa [verb] the big bear to the little kitty .",
            "the bear [verb] the little bird to the little dog .",
            "the doll [verb] the big bear to the little dog .",
            "the kitty [verb] the little kitty to the big bear ."
        ]
    },
    "nalnas": {
        "do": [
            "the ball [verb] grandpa the little kitty .",
            "the ball [verb] grandpa the little dog .",
            "grandpa [verb] mommy the little kitty .",
            "the candy [verb] elmo the little bird .",
            "the bird [verb] bert the big bear ."
        ],
        "pp": [
            "the ball [verb] the little kitty to grandpa .",
            "the ball [verb] the little dog to grandpa .",
            "grandpa [verb] the little kitty to mommy .",
            "the candy [verb] the little bird to elmo .",
            "the bird [verb] the big bear to bert ."
        ]
    },
    "nalnil": {
        "do": [
            "grandpa [verb] some of the chocolate the big bear .",
            "the candy [verb] some of the juice the little kitty .",
            "she [verb] the beautiful doll the little dog .",
            "I [verb] some of the juice the little bird .",
            "the bird [verb] the red ball the little bird ."
        ],
        "pp": [
            "grandpa [verb] the big bear to some of the chocolate .",
            "the candy [verb] the little kitty to some of the juice .",
            "she [verb] the little dog to the beautiful doll .",
            "I [verb] the little bird to some of the juice .",
            "the bird [verb] the little bird to the red ball ."
        ]
    },
    "nalnis": {
        "do": [
            "bert [verb] the candy the big bear .",
            "the kitty [verb] the juice the little dog .",
            "the teddy [verb] the doll the little dog .",
            "elmo [verb] the candy the little dog .",
            "she [verb] the candy the big bear ."
        ],
        "pp": [
            "bert [verb] the big bear to the candy .",
            "the kitty [verb] the little dog to the juice .",
            "the teddy [verb] the little dog to the doll .",
            "elmo [verb] the little dog to the candy .",
            "she [verb] the big bear to the candy ."
        ]
    },
    "naspas": {
        "do": [
            "the candy [verb] her grandpa .",
            "the candy [verb] me bert .",
            "the ball [verb] her mommy .",
            "the ball [verb] me bert .",
            "the dog [verb] her grandpa ."
        ],
        "pp": [
            "the candy [verb] grandpa to her .",
            "the candy [verb] bert to me .",
            "the ball [verb] mommy to her .",
            "the ball [verb] bert to me .",
            "the dog [verb] grandpa to her ."
        ]
    },
    "naspis": {
        "do": [
            "the kitty [verb] it mommy .",
            "bert [verb] it elmo .",
            "bert [verb] it grandpa .",
            "the kitty [verb] it elmo .",
            "the teddy [verb] it bert ."
        ],
        "pp": [
            "the kitty [verb] mommy to it .",
            "bert [verb] elmo to it .",
            "bert [verb] grandpa to it .",
            "the kitty [verb] elmo to it .",
            "the teddy [verb] bert to it ."
        ]
    },
    "nasnal": {
        "do": [
            "bert [verb] the little bird mommy .",
            "the ball [verb] the little bird elmo .",
            "I [verb] the little kitty mommy .",
            "mommy [verb] the little dog elmo .",
            "the ball [verb] the little dog bert ."
        ],
        "pp": [
            "bert [verb] mommy to the little bird .",
            "the ball [verb] elmo to the little bird .",
            "I [verb] mommy to the little kitty .",
            "mommy [verb] elmo to the little dog .",
            "the ball [verb] bert to the little dog ."
        ]
    },
    "nasnas": {
        "do": [
            "it [verb] grandpa mommy .",
            "the ball [verb] bert mommy .",
            "she [verb] elmo bert .",
            "the bird [verb] elmo grandpa .",
            "the candy [verb] bert mommy ."
        ],
        "pp": [
            "it [verb] mommy to grandpa .",
            "the ball [verb] mommy to bert .",
            "she [verb] bert to elmo .",
            "the bird [verb] grandpa to elmo .",
            "the candy [verb] mommy to bert ."
        ]
    },
    "nasnil": {
        "do": [
            "the candy [verb] the red ball grandpa .",
            "the ball [verb] some of the chocolate bert .",
            "the kitty [verb] the red ball elmo .",
            "the dog [verb] some of the juice mommy .",
            "the teddy [verb] some of the juice elmo ."
        ],
        "pp": [
            "the candy [verb] grandpa to the red ball .",
            "the ball [verb] bert to some of the chocolate .",
            "the kitty [verb] elmo to the red ball .",
            "the dog [verb] mommy to some of the juice .",
            "the teddy [verb] elmo to some of the juice ."
        ]
    },
    "nasnis": {
        "do": [
            "the bird [verb] the juice bert .",
            "grandpa [verb] the doll bert .",
            "the doll [verb] the ball grandpa .",
            "the kitty [verb] the juice bert .",
            "the kitty [verb] the juice elmo ."
        ],
        "pp": [
            "the bird [verb] bert to the juice .",
            "grandpa [verb] bert to the doll .",
            "the doll [verb] grandpa to the ball .",
            "the kitty [verb] bert to the juice .",
            "the kitty [verb] elmo to the juice ."
        ]
    },
    "nilpas": {
        "do": [
            "elmo [verb] her some of the juice .",
            "the kitty [verb] her the red ball .",
            "the bird [verb] me the red ball .",
            "the doll [verb] her the beautiful doll .",
            "mommy [verb] her some of the juice ."
        ],
        "pp": [
            "elmo [verb] some of the juice to her .",
            "the kitty [verb] the red ball to her .",
            "the bird [verb] the red ball to me .",
            "the doll [verb] the beautiful doll to her .",
            "mommy [verb] some of the juice to her ."
        ]
    },
    "nilpis": {
        "do": [
            "the dog [verb] it some of the juice .",
            "the bear [verb] it some of the juice .",
            "the bird [verb] it the big doll .",
            "the kitty [verb] it some of the juice .",
            "the bear [verb] it some of the juice ."
        ],
        "pp": [
            "the dog [verb] some of the juice to it .",
            "the bear [verb] some of the juice to it .",
            "the bird [verb] the big doll to it .",
            "the kitty [verb] some of the juice to it .",
            "the bear [verb] some of the juice to it ."
        ]
    },
    "nilnal": {
        "do": [
            "the doll [verb] the little kitty some of the chocolate .",
            "the teddy [verb] the little bird the beautiful doll .",
            "the candy [verb] the little dog the beautiful doll .",
            "it [verb] the little dog the beautiful doll .",
            "the dog [verb] the little kitty the red ball ."
        ],
        "pp": [
            "the doll [verb] some of the chocolate to the little kitty .",
            "the teddy [verb] the beautiful doll to the little bird .",
            "the candy [verb] the beautiful doll to the little dog .",
            "it [verb] the beautiful doll to the little dog .",
            "the dog [verb] the red ball to the little kitty ."
        ]
    },
    "nilnas": {
        "do": [
            "she [verb] elmo the big doll .",
            "the bird [verb] grandpa the red ball .",
            "the teddy [verb] bert some of the chocolate .",
            "mommy [verb] elmo some of the juice .",
            "the bird [verb] grandpa the beautiful doll ."
        ],
        "pp": [
            "she [verb] the big doll to elmo .",
            "the bird [verb] the red ball to grandpa .",
            "the teddy [verb] some of the chocolate to bert .",
            "mommy [verb] some of the juice to elmo .",
            "the bird [verb] the beautiful doll to grandpa ."
        ]
    },
    "nilnil": {
        "do": [
            "elmo [verb] some of the chocolate the beautiful doll .",
            "she [verb] the big doll the beautiful doll .",
            "the teddy [verb] some of the chocolate the big doll .",
            "the doll [verb] some of the chocolate some of the juice .",
            "elmo [verb] some of the juice the beautiful doll ."
        ],
        "pp": [
            "elmo [verb] the beautiful doll to some of the chocolate .",
            "she [verb] the beautiful doll to the big doll .",
            "the teddy [verb] the big doll to some of the chocolate .",
            "the doll [verb] some of the juice to some of the chocolate .",
            "elmo [verb] the beautiful doll to some of the juice ."
        ]
    },
    "nilnis": {
        "do": [
            "it [verb] the ball some of the chocolate .",
            "the bear [verb] the ball the red ball .",
            "elmo [verb] the ball the red ball .",
            "the bear [verb] the teddy some of the juice .",
            "elmo [verb] the juice some of the chocolate ."
        ],
        "pp": [
            "it [verb] some of the chocolate to the ball .",
            "the bear [verb] the red ball to the ball .",
            "elmo [verb] the red ball to the ball .",
            "the bear [verb] some of the juice to the teddy .",
            "elmo [verb] some of the chocolate to the juice ."
        ]
    },
    "nispas": {
        "do": [
            "the bird [verb] me the ball .",
            "the doll [verb] me the candy .",
            "the dog [verb] her the juice .",
            "bert [verb] her the juice .",
            "the ball [verb] me the candy ."
        ],
        "pp": [
            "the bird [verb] the ball to me .",
            "the doll [verb] the candy to me .",
            "the dog [verb] the juice to her .",
            "bert [verb] the juice to her .",
            "the ball [verb] the candy to me ."
        ]
    },
    "nispis": {
        "do": [
            "the bear [verb] it the juice .",
            "I [verb] it the candy .",
            "the ball [verb] it the juice .",
            "I [verb] it the teddy .",
            "the teddy [verb] it the candy ."
        ],
        "pp": [
            "the bear [verb] the juice to it .",
            "I [verb] the candy to it .",
            "the ball [verb] the juice to it .",
            "I [verb] the teddy to it .",
            "the teddy [verb] the candy to it ."
        ]
    },
    "nisnal": {
        "do": [
            "the ball [verb] the little bird the juice .",
            "she [verb] the little dog the teddy .",
            "she [verb] the little dog the candy .",
            "elmo [verb] the little dog the juice .",
            "the teddy [verb] the little bird the doll ."
        ],
        "pp": [
            "the ball [verb] the juice to the little bird .",
            "she [verb] the teddy to the little dog .",
            "she [verb] the candy to the little dog .",
            "elmo [verb] the juice to the little dog .",
            "the teddy [verb] the doll to the little bird ."
        ]
    },
    "nisnas": {
        "do": [
            "I [verb] grandpa the doll .",
            "the bear [verb] grandpa the juice .",
            "the bear [verb] bert the juice .",
            "elmo [verb] mommy the doll .",
            "the kitty [verb] elmo the candy ."
        ],
        "pp": [
            "I [verb] the doll to grandpa .",
            "the bear [verb] the juice to grandpa .",
            "the bear [verb] the juice to bert .",
            "elmo [verb] the doll to mommy .",
            "the kitty [verb] the candy to elmo ."
        ]
    },
    "nisnil": {
        "do": [
            "the kitty [verb] some of the juice the candy .",
            "bert [verb] some of the juice the doll .",
            "the bird [verb] the red ball the teddy .",
            "elmo [verb] some of the juice the ball .",
            "elmo [verb] the red ball the juice ."
        ],
        "pp": [
            "the kitty [verb] the candy to some of the juice .",
            "bert [verb] the doll to some of the juice .",
            "the bird [verb] the teddy to the red ball .",
            "elmo [verb] the ball to some of the juice .",
            "elmo [verb] the juice to the red ball ."
        ]
    },
    "nisnis": {
        "do": [
            "mommy [verb] the doll the teddy .",
            "elmo [verb] the ball the candy .",
            "the candy [verb] the ball the doll .",
            "the ball [verb] the doll the teddy .",
            "grandpa [verb] the doll the juice ."
        ],
        "pp": [
            "mommy [verb] the teddy to the doll .",
            "elmo [verb] the candy to the ball .",
            "the candy [verb] the doll to the ball .",
            "the ball [verb] the teddy to the doll .",
            "grandpa [verb] the juice to the doll ."
        ]
    }
}