{
    "paspas": {
        "do": [
            "they [verb] him us .",
            "daddy [verb] them us .",
            "the baby [verb] them him .",
            "pooh [verb] them him .",
            "we [verb] him them .",
            "daddy [verb] them him .",
            "nemo [verb] him us .",
            "daddy [verb] us him .",
            "the cat [verb] us them .",
            "the baby [verb] them him .",
            "lucy [verb] us them .",
            "the cat [verb] them him .",
            "it [verb] him them .",
            "grandma [verb] him them .",
            "the cat [verb] us them .",
            "nemo [verb] us him .",
            "it [verb] us him .",
            "the toys [verb] them us .",
            "pooh [verb] them us .",
            "we [verb] them him ."
        ],
        "pp": [
            "they [verb] us to him .",
            "daddy [verb] us to them .",
            "the baby [verb] him to them .",
            "pooh [verb] him to them .",
            "we [verb] them to him .",
            "daddy [verb] him to them .",
            "nemo [verb] us to him .",
            "daddy [verb] him to us .",
            "the cat [verb] them to us .",
            "the baby [verb] him to them .",
            "lucy [verb] them to us .",
            "the cat [verb] him to them .",
            "it [verb] them to him .",
            "grandma [verb] them to him .",
            "the cat [verb] them to us .",
            "nemo [verb] him to us .",
            "it [verb] him to us .",
            "the toys [verb] us to them .",
            "pooh [verb] us to them .",
            "we [verb] him to them ."
        ]
    },
    "paspis": {
        "do": [
            "the cat [verb] it us .",
            "the toys [verb] it them .",
            "david [verb] it him .",
            "the puppy [verb] it them .",
            "grandma [verb] it them .",
            "the puppy [verb] it them .",
            "pooh [verb] it them .",
            "nemo [verb] it us .",
            "cookie monster [verb] it us .",
            "lucy [verb] it them .",
            "the puppy [verb] it us .",
            "daddy [verb] it them .",
            "david [verb] it him .",
            "daddy [verb] it them .",
            "daddy [verb] it us .",
            "david [verb] it us .",
            "cookie monster [verb] it us .",
            "daddy [verb] it them .",
            "the baby [verb] it us .",
            "the car [verb] it us ."
        ],
        "pp": [
            "the cat [verb] us to it .",
            "the toys [verb] them to it .",
            "david [verb] him to it .",
            "the puppy [verb] them to it .",
            "grandma [verb] them to it .",
            "the puppy [verb] them to it .",
            "pooh [verb] them to it .",
            "nemo [verb] us to it .",
            "cookie monster [verb] us to it .",
            "lucy [verb] them to it .",
            "the puppy [verb] us to it .",
            "daddy [verb] them to it .",
            "david [verb] him to it .",
            "daddy [verb] them to it .",
            "daddy [verb] us to it .",
            "david [verb] us to it .",
            "cookie monster [verb] us to it .",
            "daddy [verb] them to it .",
            "the baby [verb] us to it .",
            "the car [verb] us to it ."
        ]
    },
    "pasnal": {
        "do": [
            "the puppy [verb] the small baby us .",
            "the car [verb] the small puppy him .",
            "cookie monster [verb] the cute puppy him .",
            "lucy [verb] the small cat him .",
            "it [verb] the small baby us .",
            "the toys [verb] the small baby them .",
            "he [verb] the cute baby us .",
            "cookie monster [verb] the small cat us .",
            "barney [verb] the cute cat us .",
            "cookie monster [verb] the cute baby us .",
            "lucy [verb] the small baby them .",
            "barney [verb] the cute puppy them .",
            "cookie monster [verb] the small puppy us .",
            "grandma [verb] the cute baby us .",
            "lucy [verb] the cute baby him .",
            "he [verb] the cute cat us .",
            "the car [verb] the cute baby us .",
            "the puppy [verb] the cute puppy him .",
            "he [verb] the small puppy them .",
            "it [verb] the cute cat him ."
        ],
        "pp": [
            "the puppy [verb] us to the small baby .",
            "the car [verb] him to the small puppy .",
            "cookie monster [verb] him to the cute puppy .",
            "lucy [verb] him to the small cat .",
            "it [verb] us to the small baby .",
            "the toys [verb] them to the small baby .",
            "he [verb] us to the cute baby .",
            "cookie monster [verb] us to the small cat .",
            "barney [verb] us to the cute cat .",
            "cookie monster [verb] us to the cute baby .",
            "lucy [verb] them to the small baby .",
            "barney [verb] them to the cute puppy .",
            "cookie monster [verb] us to the small puppy .",
            "grandma [verb] us to the cute baby .",
            "lucy [verb] him to the cute baby .",
            "he [verb] us to the cute cat .",
            "the car [verb] us to the cute baby .",
            "the puppy [verb] him to the cute puppy .",
            "he [verb] them to the small puppy .",
            "it [verb] him to the cute cat ."
        ]
    },
    "pasnas": {
        "do": [
            "the toys [verb] pooh him .",
            "it [verb] lucy him .",
            "barney [verb] pooh us .",
            "nemo [verb] david him .",
            "cookie monster [verb] nemo us .",
            "the baby [verb] grandma us .",
            "the puppy [verb] nemo them .",
            "david [verb] barney us .",
            "they [verb] pooh us .",
            "they [verb] grandma him .",
            "pooh [verb] cookie monster them .",
            "pooh [verb] grandma us .",
            "they [verb] cookie monster him .",
            "daddy [verb] cookie monster us .",
            "the toys [verb] cookie monster him .",
            "nemo [verb] daddy them .",
            "the puppy [verb] david him .",
            "nemo [verb] grandma them .",
            "cookie monster [verb] pooh him .",
            "cookie monster [verb] nemo them ."
        ],
        "pp": [
            "the toys [verb] him to pooh .",
            "it [verb] him to lucy .",
            "barney [verb] us to pooh .",
            "nemo [verb] him to david .",
            "cookie monster [verb] us to nemo .",
            "the baby [verb] us to grandma .",
            "the puppy [verb] them to nemo .",
            "david [verb] us to barney .",
            "they [verb] us to pooh .",
            "they [verb] him to grandma .",
            "pooh [verb] them to cookie monster .",
            "pooh [verb] us to grandma .",
            "they [verb] him to cookie monster .",
            "daddy [verb] us to cookie monster .",
            "the toys [verb] him to cookie monster .",
            "nemo [verb] them to daddy .",
            "the puppy [verb] him to david .",
            "nemo [verb] them to grandma .",
            "cookie monster [verb] him to pooh .",
            "cookie monster [verb] them to nemo ."
        ]
    },
    "pasnil": {
        "do": [
            "the cat [verb] a bit of the milk him .",
            "the cat [verb] a piece of cake them .",
            "he [verb] a few cheerios them .",
            "cookie monster [verb] a bit of the cheerios us .",
            "pooh [verb] a piece of cake him .",
            "grandma [verb] a few toys him .",
            "the toys [verb] the small cake him .",
            "lucy [verb] a piece of cake him .",
            "david [verb] a piece of cake them .",
            "cookie monster [verb] a piece of cake him .",
            "we [verb] a bit of the cheerios him .",
            "david [verb] a few cheerios him .",
            "the car [verb] a piece of cake him .",
            "the baby [verb] a few toys them .",
            "the baby [verb] a few toys him .",
            "barney [verb] a piece of cake him .",
            "the cat [verb] a bit of the soup them .",
            "the car [verb] a bit of the cheerios us .",
            "nemo [verb] a few toys him .",
            "they [verb] a bit of the milk him ."
        ],
        "pp": [
            "the cat [verb] him to a bit of the milk .",
            "the cat [verb] them to a piece of cake .",
            "he [verb] them to a few cheerios .",
            "cookie monster [verb] us to a bit of the cheerios .",
            "pooh [verb] him to a piece of cake .",
            "grandma [verb] him to a few toys .",
            "the toys [verb] him to the small cake .",
            "lucy [verb] him to a piece of cake .",
            "david [verb] them to a piece of cake .",
            "cookie monster [verb] him to a piece of cake .",
            "we [verb] him to a bit of the cheerios .",
            "david [verb] him to a few cheerios .",
            "the car [verb] him to a piece of cake .",
            "the baby [verb] them to a few toys .",
            "the baby [verb] him to a few toys .",
            "barney [verb] him to a piece of cake .",
            "the cat [verb] them to a bit of the soup .",
            "the car [verb] us to a bit of the cheerios .",
            "nemo [verb] him to a few toys .",
            "they [verb] him to a bit of the milk ."
        ]
    },
    "pasnis": {
        "do": [
            "they [verb] the soup us .",
            "the car [verb] the cheerios him .",
            "barney [verb] the car us .",
            "it [verb] the book him .",
            "it [verb] the book him .",
            "cookie monster [verb] the car us .",
            "david [verb] the book them .",
            "they [verb] the cheerios us .",
            "the cat [verb] the book us .",
            "pooh [verb] the cheerios us .",
            "pooh [verb] the milk them .",
            "the baby [verb] the soup him .",
            "pooh [verb] the toys him .",
            "pooh [verb] the cake them .",
            "the toys [verb] the book him .",
            "cookie monster [verb] the cheerios us .",
            "grandma [verb] the cheerios him .",
            "daddy [verb] the soup us .",
            "david [verb] the book them .",
            "lucy [verb] the soup them ."
        ],
        "pp": [
            "they [verb] us to the soup .",
            "the car [verb] him to the cheerios .",
            "barney [verb] us to the car .",
            "it [verb] him to the book .",
            "it [verb] him to the book .",
            "cookie monster [verb] us to the car .",
            "david [verb] them to the book .",
            "they [verb] us to the cheerios .",
            "the cat [verb] us to the book .",
            "pooh [verb] us to the cheerios .",
            "pooh [verb] them to the milk .",
            "the baby [verb] him to the soup .",
            "pooh [verb] him to the toys .",
            "pooh [verb] them to the cake .",
            "the toys [verb] him to the book .",
            "cookie monster [verb] us to the cheerios .",
            "grandma [verb] him to the cheerios .",
            "daddy [verb] us to the soup .",
            "david [verb] them to the book .",
            "lucy [verb] them to the soup ."
        ]
    },
    "pispas": {
        "do": [
            "the baby [verb] us it .",
            "the cat [verb] us it .",
            "the toys [verb] us it .",
            "they [verb] us it .",
            "he [verb] them it .",
            "nemo [verb] us it .",
            "lucy [verb] them it .",
            "grandma [verb] us it .",
            "the puppy [verb] us it .",
            "barney [verb] us it .",
            "they [verb] him it .",
            "we [verb] them it .",
            "the cat [verb] them it .",
            "lucy [verb] us it .",
            "barney [verb] us it .",
            "he [verb] us it .",
            "the car [verb] him it .",
            "he [verb] us it .",
            "nemo [verb] us it .",
            "cookie monster [verb] them it ."
        ],
        "pp": [
            "the baby [verb] it to us .",
            "the cat [verb] it to us .",
            "the toys [verb] it to us .",
            "they [verb] it to us .",
            "he [verb] it to them .",
            "nemo [verb] it to us .",
            "lucy [verb] it to them .",
            "grandma [verb] it to us .",
            "the puppy [verb] it to us .",
            "barney [verb] it to us .",
            "they [verb] it to him .",
            "we [verb] it to them .",
            "the cat [verb] it to them .",
            "lucy [verb] it to us .",
            "barney [verb] it to us .",
            "he [verb] it to us .",
            "the car [verb] it to him .",
            "he [verb] it to us .",
            "nemo [verb] it to us .",
            "cookie monster [verb] it to them ."
        ]
    },
    "pisnal": {
        "do": [
            "the puppy [verb] the cute baby it .",
            "grandma [verb] the cute baby it .",
            "cookie monster [verb] the small cat it .",
            "the cat [verb] the cute cat it .",
            "lucy [verb] the small puppy it .",
            "we [verb] the small baby it .",
            "pooh [verb] the small cat it .",
            "david [verb] the small cat it .",
            "cookie monster [verb] the small puppy it .",
            "the car [verb] the cute puppy it .",
            "the toys [verb] the small puppy it .",
            "david [verb] the cute baby it .",
            "grandma [verb] the cute puppy it .",
            "barney [verb] the cute baby it .",
            "the puppy [verb] the cute baby it .",
            "pooh [verb] the small cat it .",
            "barney [verb] the cute puppy it .",
            "barney [verb] the cute cat it .",
            "the cat [verb] the cute puppy it .",
            "pooh [verb] the small cat it ."
        ],
        "pp": [
            "the puppy [verb] it to the cute baby .",
            "grandma [verb] it to the cute baby .",
            "cookie monster [verb] it to the small cat .",
            "the cat [verb] it to the cute cat .",
            "lucy [verb] it to the small puppy .",
            "we [verb] it to the small baby .",
            "pooh [verb] it to the small cat .",
            "david [verb] it to the small cat .",
            "cookie monster [verb] it to the small puppy .",
            "the car [verb] it to the cute puppy .",
            "the toys [verb] it to the small puppy .",
            "david [verb] it to the cute baby .",
            "grandma [verb] it to the cute puppy .",
            "barney [verb] it to the cute baby .",
            "the puppy [verb] it to the cute baby .",
            "pooh [verb] it to the small cat .",
            "barney [verb] it to the cute puppy .",
            "barney [verb] it to the cute cat .",
            "the cat [verb] it to the cute puppy .",
            "pooh [verb] it to the small cat ."
        ]
    },
    "pisnas": {
        "do": [
            "david [verb] daddy it .",
            "we [verb] david it .",
            "nemo [verb] cookie monster it .",
            "grandma [verb] barney it .",
            "pooh [verb] barney it .",
            "the baby [verb] daddy it .",
            "the puppy [verb] david it .",
            "grandma [verb] barney it .",
            "cookie monster [verb] lucy it .",
            "the puppy [verb] nemo it .",
            "grandma [verb] david it .",
            "daddy [verb] david it .",
            "the cat [verb] nemo it .",
            "david [verb] pooh it .",
            "nemo [verb] grandma it .",
            "the puppy [verb] lucy it .",
            "nemo [verb] david it .",
            "the toys [verb] daddy it .",
            "cookie monster [verb] david it .",
            "we [verb] lucy it ."
        ],
        "pp": [
            "david [verb] it to daddy .",
            "we [verb] it to david .",
            "nemo [verb] it to cookie monster .",
            "grandma [verb] it to barney .",
            "pooh [verb] it to barney .",
            "the baby [verb] it to daddy .",
            "the puppy [verb] it to david .",
            "grandma [verb] it to barney .",
            "cookie monster [verb] it to lucy .",
            "the puppy [verb] it to nemo .",
            "grandma [verb] it to david .",
            "daddy [verb] it to david .",
            "the cat [verb] it to nemo .",
            "david [verb] it to pooh .",
            "nemo [verb] it to grandma .",
            "the puppy [verb] it to lucy .",
            "nemo [verb] it to david .",
            "the toys [verb] it to daddy .",
            "cookie monster [verb] it to david .",
            "we [verb] it to lucy ."
        ]
    },
    "pisnil": {
        "do": [
            "the car [verb] a few toys it .",
            "the cat [verb] a piece of cake it .",
            "the baby [verb] a bit of the cheerios it .",
            "david [verb] a piece of cake it .",
            "we [verb] a bit of the cheerios it .",
            "the cat [verb] a few cheerios it .",
            "the toys [verb] a few toys it .",
            "david [verb] the small cake it .",
            "daddy [verb] a piece of cake it .",
            "pooh [verb] a bit of the cheerios it .",
            "the cat [verb] the small cake it .",
            "the car [verb] a few toys it .",
            "david [verb] a bit of the soup it .",
            "the car [verb] a few cheerios it .",
            "the toys [verb] a bit of the soup it .",
            "nemo [verb] a bit of the cheerios it .",
            "pooh [verb] a bit of the soup it .",
            "they [verb] the small cake it .",
            "david [verb] a few toys it .",
            "daddy [verb] a bit of the cheerios it ."
        ],
        "pp": [
            "the car [verb] it to a few toys .",
            "the cat [verb] it to a piece of cake .",
            "the baby [verb] it to a bit of the cheerios .",
            "david [verb] it to a piece of cake .",
            "we [verb] it to a bit of the cheerios .",
            "the cat [verb] it to a few cheerios .",
            "the toys [verb] it to a few toys .",
            "david [verb] it to the small cake .",
            "daddy [verb] it to a piece of cake .",
            "pooh [verb] it to a bit of the cheerios .",
            "the cat [verb] it to the small cake .",
            "the car [verb] it to a few toys .",
            "david [verb] it to a bit of the soup .",
            "the car [verb] it to a few cheerios .",
            "the toys [verb] it to a bit of the soup .",
            "nemo [verb] it to a bit of the cheerios .",
            "pooh [verb] it to a bit of the soup .",
            "they [verb] it to the small cake .",
            "david [verb] it to a few toys .",
            "daddy [verb] it to a bit of the cheerios ."
        ]
    },
    "pisnis": {
        "do": [
            "the cat [verb] the book it .",
            "the toys [verb] the soup it .",
            "grandma [verb] the book it .",
            "we [verb] the cake it .",
            "we [verb] the cake it .",
            "the baby [verb] the soup it .",
            "david [verb] the cheerios it .",
            "barney [verb] the milk it .",
            "we [verb] the cake it .",
            "the baby [verb] the soup it .",
            "david [verb] the car it .",
            "we [verb] the cheerios it .",
            "we [verb] the cheerios it .",
            "grandma [verb] the toys it .",
            "david [verb] the car it .",
            "barney [verb] the book it .",
            "grandma [verb] the soup it .",
            "pooh [verb] the soup it .",
            "the cat [verb] the soup it .",
            "he [verb] the car it ."
        ],
        "pp": [
            "the cat [verb] it to the book .",
            "the toys [verb] it to the soup .",
            "grandma [verb] it to the book .",
            "we [verb] it to the cake .",
            "we [verb] it to the cake .",
            "the baby [verb] it to the soup .",
            "david [verb] it to the cheerios .",
            "barney [verb] it to the milk .",
            "we [verb] it to the cake .",
            "the baby [verb] it to the soup .",
            "david [verb] it to the car .",
            "we [verb] it to the cheerios .",
            "we [verb] it to the cheerios .",
            "grandma [verb] it to the toys .",
            "david [verb] it to the car .",
            "barney [verb] it to the book .",
            "grandma [verb] it to the soup .",
            "pooh [verb] it to the soup .",
            "the cat [verb] it to the soup .",
            "he [verb] it to the car ."
        ]
    },
    "nalpas": {
        "do": [
            "they [verb] him the small baby .",
            "it [verb] him the cute baby .",
            "we [verb] him the small cat .",
            "we [verb] him the small puppy .",
            "david [verb] him the cute cat .",
            "cookie monster [verb] them the small puppy .",
            "the toys [verb] him the cute cat .",
            "the puppy [verb] them the small cat .",
            "cookie monster [verb] us the small puppy .",
            "cookie monster [verb] them the small puppy .",
            "nemo [verb] him the cute cat .",
            "the baby [verb] us the cute cat .",
            "grandma [verb] us the small baby .",
            "david [verb] us the cute puppy .",
            "nemo [verb] us the cute puppy .",
            "cookie monster [verb] us the small cat .",
            "the puppy [verb] him the cute cat .",
            "the puppy [verb] them the cute cat .",
            "pooh [verb] us the cute puppy .",
            "the car [verb] them the cute puppy ."
        ],
        "pp": [
            "they [verb] the small baby to him .",
            "it [verb] the cute baby to him .",
            "we [verb] the small cat to him .",
            "we [verb] the small puppy to him .",
            "david [verb] the cute cat to him .",
            "cookie monster [verb] the small puppy to them .",
            "the toys [verb] the cute cat to him .",
            "the puppy [verb] the small cat to them .",
            "cookie monster [verb] the small puppy to us .",
            "cookie monster [verb] the small puppy to them .",
            "nemo [verb] the cute cat to him .",
            "the baby [verb] the cute cat to us .",
            "grandma [verb] the small baby to us .",
            "david [verb] the cute puppy to us .",
            "nemo [verb] the cute puppy to us .",
            "cookie monster [verb] the small cat to us .",
            "the puppy [verb] the cute cat to him .",
            "the puppy [verb] the cute cat to them .",
            "pooh [verb] the cute puppy to us .",
            "the car [verb] the cute puppy to them ."
        ]
    },
    "nalpis": {
        "do": [
            "the puppy [verb] it the cute puppy .",
            "daddy [verb] it the small cat .",
            "barney [verb] it the small baby .",
            "the toys [verb] it the cute cat .",
            "pooh [verb] it the small baby .",
            "barney [verb] it the small puppy .",
            "the toys [verb] it the small baby .",
            "pooh [verb] it the cute cat .",
            "pooh [verb] it the cute puppy .",
            "grandma [verb] it the small puppy .",
            "pooh [verb] it the cute baby .",
            "we [verb] it the cute baby .",
            "they [verb] it the cute cat .",
            "the car [verb] it the small puppy .",
            "the car [verb] it the cute cat .",
            "the toys [verb] it the small cat .",
            "nemo [verb] it the cute puppy .",
            "david [verb] it the small puppy .",
            "the car [verb] it the cute baby .",
            "the cat [verb] it the cute cat ."
        ],
        "pp": [
            "the puppy [verb] the cute puppy to it .",
            "daddy [verb] the small cat to it .",
            "barney [verb] the small baby to it .",
            "the toys [verb] the cute cat to it .",
            "pooh [verb] the small baby to it .",
            "barney [verb] the small puppy to it .",
            "the toys [verb] the small baby to it .",
            "pooh [verb] the cute cat to it .",
            "pooh [verb] the cute puppy to it .",
            "grandma [verb] the small puppy to it .",
            "pooh [verb] the cute baby to it .",
            "we [verb] the cute baby to it .",
            "they [verb] the cute cat to it .",
            "the car [verb] the small puppy to it .",
            "the car [verb] the cute cat to it .",
            "the toys [verb] the small cat to it .",
            "nemo [verb] the cute puppy to it .",
            "david [verb] the small puppy to it .",
            "the car [verb] the cute baby to it .",
            "the cat [verb] the cute cat to it ."
        ]
    },
    "nalnal": {
        "do": [
            "nemo [verb] the cute cat the small cat .",
            "david [verb] the cute cat the cute baby .",
            "grandma [verb] the small baby the cute baby .",
            "nemo [verb] the cute baby the cute puppy .",
            "daddy [verb] the small cat the cute puppy .",
            "the toys [verb] the cute baby the small puppy .",
            "the car [verb] the small cat the cute baby .",
            "it [verb] the cute baby the cute cat .",
            "grandma [verb] the small baby the small puppy .",
            "barney [verb] the small puppy the cute baby .",
            "cookie monster [verb] the small cat the cute puppy .",
            "he [verb] the cute puppy the cute baby .",
            "cookie monster [verb] the cute baby the cute cat .",
            "it [verb] the small baby the small cat .",
            "barney [verb] the small cat the cute puppy .",
            "the cat [verb] the cute cat the small baby .",
            "he [verb] the small puppy the cute baby .",
            "it [verb] the cute cat the cute baby .",
            "the toys [verb] the cute cat the cute puppy .",
            "he [verb] the small cat the cute puppy ."
        ],
        "pp": [
            "nemo [verb] the small cat to the cute cat .",
            "david [verb] the cute baby to the cute cat .",
            "grandma [verb] the cute baby to the small baby .",
            "nemo [verb] the cute puppy to the cute baby .",
            "daddy [verb] the cute puppy to the small cat .",
            "the toys [verb] the small puppy to the cute baby .",
            "the car [verb] the cute baby to the small cat .",
            "it [verb] the cute cat to the cute baby .",
            "grandma [verb] the small puppy to the small baby .",
            "barney [verb] the cute baby to the small puppy .",
            "cookie monster [verb] the cute puppy to the small cat .",
            "he [verb] the cute baby to the cute puppy .",
            "cookie monster [verb] the cute cat to the cute baby .",
            "it [verb] the small cat to the small baby .",
            "barney [verb] the cute puppy to the small cat .",
            "the cat [verb] the small baby to the cute cat .",
            "he [verb] the cute baby to the small puppy .",
            "it [verb] the cute baby to the cute cat .",
            "the toys [verb] the cute puppy to the cute cat .",
            "he [verb] the cute puppy to the small cat ."
        ]
    },
    "nalnas": {
        "do": [
            "nemo [verb] lucy the small puppy .",
            "it [verb] grandma the cute puppy .",
            "grandma [verb] nemo the cute cat .",
            "the toys [verb] nemo the cute cat .",
            "the cat [verb] david the small baby .",
            "it [verb] cookie monster the cute baby .",
            "barney [verb] grandma the small puppy .",
            "lucy [verb] daddy the small cat .",
            "they [verb] lucy the small puppy .",
            "the cat [verb] cookie monster the small puppy .",
            "barney [verb] pooh the small baby .",
            "nemo [verb] grandma the cute puppy .",
            "the toys [verb] david the small cat .",
            "barney [verb] grandma the cute puppy .",
            "the cat [verb] grandma the small cat .",
            "cookie monster [verb] grandma the cute puppy .",
            "they [verb] lucy the cute baby .",
            "nemo [verb] lucy the cute puppy .",
            "the toys [verb] david the cute cat .",
            "barney [verb] pooh the cute puppy ."
        ],
        "pp": [
            "nemo [verb] the small puppy to lucy .",
            "it [verb] the cute puppy to grandma .",
            "grandma [verb] the cute cat to nemo .",
            "the toys [verb] the cute cat to nemo .",
            "the cat [verb] the small baby to david .",
            "it [verb] the cute baby to cookie monster .",
            "barney [verb] the small puppy to grandma .",
            "lucy [verb] the small cat to daddy .",
            "they [verb] the small puppy to lucy .",
            "the cat [verb] the small puppy to cookie monster .",
            "barney [verb] the small baby to pooh .",
            "nemo [verb] the cute puppy to grandma .",
            "the toys [verb] the small cat to david .",
            "barney [verb] the cute puppy to grandma .",
            "the cat [verb] the small cat to grandma .",
            "cookie monster [verb] the cute puppy to grandma .",
            "they [verb] the cute baby to lucy .",
            "nemo [verb] the cute puppy to lucy .",
            "the toys [verb] the cute cat to david .",
            "barney [verb] the cute puppy to pooh ."
        ]
    },
    "nalnil": {
        "do": [
            "david [verb] a piece of cake the small cat .",
            "the toys [verb] the small cake the cute cat .",
            "he [verb] a bit of the milk the small baby .",
            "nemo [verb] a bit of the cheerios the small baby .",
            "we [verb] a bit of the soup the cute cat .",
            "we [verb] a few toys the cute puppy .",
            "david [verb] a few cheerios the small cat .",
            "daddy [verb] a bit of the milk the cute cat .",
            "the cat [verb] the small cake the small baby .",
            "the baby [verb] a few toys the cute baby .",
            "the toys [verb] a few cheerios the small cat .",
            "pooh [verb] a piece of cake the cute puppy .",
            "nemo [verb] a bit of the soup the small baby .",
            "daddy [verb] a bit of the milk the small cat .",
            "the toys [verb] a piece of cake the cute baby .",
            "the puppy [verb] a bit of the cheerios the cute baby .",
            "the cat [verb] a bit of the milk the cute cat .",
            "david [verb] a bit of the soup the cute puppy .",
            "the puppy [verb] a bit of the milk the cute baby .",
            "we [verb] a few cheerios the cute cat ."
        ],
        "pp": [
            "david [verb] the small cat to a piece of cake .",
            "the toys [verb] the cute cat to the small cake .",
            "he [verb] the small baby to a bit of the milk .",
            "nemo [verb] the small baby to a bit of the cheerios .",
            "we [verb] the cute cat to a bit of the soup .",
            "we [verb] the cute puppy to a few toys .",
            "david [verb] the small cat to a few cheerios .",
            "daddy [verb] the cute cat to a bit of the milk .",
            "the cat [verb] the small baby to the small cake .",
            "the baby [verb] the cute baby to a few toys .",
            "the toys [verb] the small cat to a few cheerios .",
            "pooh [verb] the cute puppy to a piece of cake .",
            "nemo [verb] the small baby to a bit of the soup .",
            "daddy [verb] the small cat to a bit of the milk .",
            "the toys [verb] the cute baby to a piece of cake .",
            "the puppy [verb] the cute baby to a bit of the cheerios .",
            "the cat [verb] the cute cat to a bit of the milk .",
            "david [verb] the cute puppy to a bit of the soup .",
            "the puppy [verb] the cute baby to a bit of the milk .",
            "we [verb] the cute cat to a few cheerios ."
        ]
    },
    "nalnis": {
        "do": [
            "the cat [verb] the car the small cat .",
            "lucy [verb] the book the small baby .",
            "the toys [verb] the soup the cute cat .",
            "he [verb] the cake the small cat .",
            "cookie monster [verb] the soup the small puppy .",
            "the toys [verb] the cake the cute baby .",
            "grandma [verb] the book the cute puppy .",
            "barney [verb] the milk the small cat .",
            "the baby [verb] the book the cute cat .",
            "it [verb] the milk the cute puppy .",
            "cookie monster [verb] the book the small baby .",
            "barney [verb] the toys the small baby .",
            "david [verb] the toys the cute cat .",
            "the toys [verb] the car the small baby .",
            "the cat [verb] the milk the small baby .",
            "the puppy [verb] the milk the cute cat .",
            "the car [verb] the cheerios the small puppy .",
            "they [verb] the milk the small cat .",
            "the baby [verb] the car the cute baby .",
            "david [verb] the car the cute baby ."
        ],
        "pp": [
            "the cat [verb] the small cat to the car .",
            "lucy [verb] the small baby to the book .",
            "the toys [verb] the cute cat to the soup .",
            "he [verb] the small cat to the cake .",
            "cookie monster [verb] the small puppy to the soup .",
            "the toys [verb] the cute baby to the cake .",
            "grandma [verb] the cute puppy to the book .",
            "barney [verb] the small cat to the milk .",
            "the baby [verb] the cute cat to the book .",
            "it [verb] the cute puppy to the milk .",
            "cookie monster [verb] the small baby to the book .",
            "barney [verb] the small baby to the toys .",
            "david [verb] the cute cat to the toys .",
            "the toys [verb] the small baby to the car .",
            "the cat [verb] the small baby to the milk .",
            "the puppy [verb] the cute cat to the milk .",
            "the car [verb] the small puppy to the cheerios .",
            "they [verb] the small cat to the milk .",
            "the baby [verb] the cute baby to the car .",
            "david [verb] the cute baby to the car ."
        ]
    },
    "naspas": {
        "do": [
            "the baby [verb] them cookie monster .",
            "pooh [verb] us david .",
            "david [verb] him pooh .",
            "lucy [verb] them pooh .",
            "the car [verb] them nemo .",
            "the baby [verb] him barney .",
            "david [verb] us grandma .",
            "we [verb] them grandma .",
            "david [verb] us barney .",
            "the puppy [verb] them nemo .",
            "we [verb] them lucy .",
            "pooh [verb] us lucy .",
            "the toys [verb] him barney .",
            "barney [verb] him pooh .",
            "the baby [verb] him pooh .",
            "the toys [verb] them lucy .",
            "barney [verb] him lucy .",
            "pooh [verb] them david .",
            "they [verb] us nemo .",
            "the toys [verb] us barney ."
        ],
        "pp": [
            "the baby [verb] cookie monster to them .",
            "pooh [verb] david to us .",
            "david [verb] pooh to him .",
            "lucy [verb] pooh to them .",
            "the car [verb] nemo to them .",
            "the baby [verb] barney to him .",
            "david [verb] grandma to us .",
            "we [verb] grandma to them .",
            "david [verb] barney to us .",
            "the puppy [verb] nemo to them .",
            "we [verb] lucy to them .",
            "pooh [verb] lucy to us .",
            "the toys [verb] barney to him .",
            "barney [verb] pooh to him .",
            "the baby [verb] pooh to him .",
            "the toys [verb] lucy to them .",
            "barney [verb] lucy to him .",
            "pooh [verb] david to them .",
            "they [verb] nemo to us .",
            "the toys [verb] barney to us ."
        ]
    },
    "naspis": {
        "do": [
            "the puppy [verb] it nemo .",
            "nemo [verb] it pooh .",
            "the puppy [verb] it daddy .",
            "the baby [verb] it david .",
            "he [verb] it daddy .",
            "they [verb] it daddy .",
            "we [verb] it david .",
            "daddy [verb] it barney .",
            "grandma [verb] it barney .",
            "nemo [verb] it lucy .",
            "they [verb] it nemo .",
            "pooh [verb] it lucy .",
            "david [verb] it nemo .",
            "barney [verb] it lucy .",
            "daddy [verb] it david .",
            "the car [verb] it cookie monster .",
            "he [verb] it david .",
            "nemo [verb] it pooh .",
            "the baby [verb] it david .",
            "the toys [verb] it david ."
        ],
        "pp": [
            "the puppy [verb] nemo to it .",
            "nemo [verb] pooh to it .",
            "the puppy [verb] daddy to it .",
            "the baby [verb] david to it .",
            "he [verb] daddy to it .",
            "they [verb] daddy to it .",
            "we [verb] david to it .",
            "daddy [verb] barney to it .",
            "grandma [verb] barney to it .",
            "nemo [verb] lucy to it .",
            "they [verb] nemo to it .",
            "pooh [verb] lucy to it .",
            "david [verb] nemo to it .",
            "barney [verb] lucy to it .",
            "daddy [verb] david to it .",
            "the car [verb] cookie monster to it .",
            "he [verb] david to it .",
            "nemo [verb] pooh to it .",
            "the baby [verb] david to it .",
            "the toys [verb] david to it ."
        ]
    },
    "nasnal": {
        "do": [
            "the baby [verb] the small puppy david .",
            "grandma [verb] the cute puppy pooh .",
            "the puppy [verb] the cute cat nemo .",
            "nemo [verb] the small cat david .",
            "the baby [verb] the small cat cookie monster .",
            "he [verb] the cute puppy david .",
            "grandma [verb] the cute baby pooh .",
            "lucy [verb] the small puppy barney .",
            "cookie monster [verb] the small cat david .",
            "he [verb] the small cat daddy .",
            "he [verb] the small baby david .",
            "cookie monster [verb] the small cat barney .",
            "pooh [verb] the cute baby daddy .",
            "lucy [verb] the small puppy nemo .",
            "the puppy [verb] the cute cat lucy .",
            "barney [verb] the small puppy david .",
            "nemo [verb] the cute baby pooh .",
            "they [verb] the small baby daddy .",
            "the baby [verb] the small puppy lucy .",
            "the baby [verb] the cute puppy barney ."
        ],
        "pp": [
            "the baby [verb] david to the small puppy .",
            "grandma [verb] pooh to the cute puppy .",
            "the puppy [verb] nemo to the cute cat .",
            "nemo [verb] david to the small cat .",
            "the baby [verb] cookie monster to the small cat .",
            "he [verb] david to the cute puppy .",
            "grandma [verb] pooh to the cute baby .",
            "lucy [verb] barney to the small puppy .",
            "cookie monster [verb] david to the small cat .",
            "he [verb] daddy to the small cat .",
            "he [verb] david to the small baby .",
            "cookie monster [verb] barney to the small cat .",
            "pooh [verb] daddy to the cute baby .",
            "lucy [verb] nemo to the small puppy .",
            "the puppy [verb] lucy to the cute cat .",
            "barney [verb] david to the small puppy .",
            "nemo [verb] pooh to the cute baby .",
            "they [verb] daddy to the small baby .",
            "the baby [verb] lucy to the small puppy .",
            "the baby [verb] barney to the cute puppy ."
        ]
    },
    "nasnas": {
        "do": [
            "nemo [verb] grandma cookie monster .",
            "lucy [verb] david daddy .",
            "lucy [verb] barney david .",
            "the puppy [verb] cookie monster barney .",
            "we [verb] david grandma .",
            "it [verb] david barney .",
            "the toys [verb] nemo daddy .",
            "cookie monster [verb] barney pooh .",
            "they [verb] cookie monster nemo .",
            "lucy [verb] daddy cookie monster .",
            "he [verb] cookie monster pooh .",
            "they [verb] barney grandma .",
            "daddy [verb] grandma nemo .",
            "the baby [verb] david nemo .",
            "the puppy [verb] david lucy .",
            "david [verb] pooh daddy .",
            "we [verb] lucy nemo .",
            "david [verb] daddy barney .",
            "the toys [verb] daddy pooh .",
            "the puppy [verb] cookie monster barney ."
        ],
        "pp": [
            "nemo [verb] cookie monster to grandma .",
            "lucy [verb] daddy to david .",
            "lucy [verb] david to barney .",
            "the puppy [verb] barney to cookie monster .",
            "we [verb] grandma to david .",
            "it [verb] barney to david .",
            "the toys [verb] daddy to nemo .",
            "cookie monster [verb] pooh to barney .",
            "they [verb] nemo to cookie monster .",
            "lucy [verb] cookie monster to daddy .",
            "he [verb] pooh to cookie monster .",
            "they [verb] grandma to barney .",
            "daddy [verb] nemo to grandma .",
            "the baby [verb] nemo to david .",
            "the puppy [verb] lucy to david .",
            "david [verb] daddy to pooh .",
            "we [verb] nemo to lucy .",
            "david [verb] barney to daddy .",
            "the toys [verb] pooh to daddy .",
            "the puppy [verb] barney to cookie monster ."
        ]
    },
    "nasnil": {
        "do": [
            "the puppy [verb] the small cake barney .",
            "barney [verb] a piece of cake cookie monster .",
            "the toys [verb] a bit of the milk grandma .",
            "grandma [verb] a bit of the cheerios daddy .",
            "pooh [verb] a bit of the milk cookie monster .",
            "lucy [verb] a few toys grandma .",
            "grandma [verb] a few cheerios daddy .",
            "david [verb] a few cheerios grandma .",
            "cookie monster [verb] a few cheerios barney .",
            "daddy [verb] a bit of the soup cookie monster .",
            "barney [verb] the small cake lucy .",
            "we [verb] a bit of the milk lucy .",
            "the puppy [verb] a bit of the milk lucy .",
            "pooh [verb] the small cake grandma .",
            "barney [verb] a few toys cookie monster .",
            "the cat [verb] a few toys cookie monster .",
            "they [verb] a bit of the cheerios daddy .",
            "the puppy [verb] a piece of cake pooh .",
            "david [verb] a piece of cake daddy .",
            "nemo [verb] a bit of the cheerios cookie monster ."
        ],
        "pp": [
            "the puppy [verb] barney to the small cake .",
            "barney [verb] cookie monster to a piece of cake .",
            "the toys [verb] grandma to a bit of the milk .",
            "grandma [verb] daddy to a bit of the cheerios .",
            "pooh [verb] cookie monster to a bit of the milk .",
            "lucy [verb] grandma to a few toys .",
            "grandma [verb] daddy to a few cheerios .",
            "david [verb] grandma to a few cheerios .",
            "cookie monster [verb] barney to a few cheerios .",
            "daddy [verb] cookie monster to a bit of the soup .",
            "barney [verb] lucy to the small cake .",
            "we [verb] lucy to a bit of the milk .",
            "the puppy [verb] lucy to a bit of the milk .",
            "pooh [verb] grandma to the small cake .",
            "barney [verb] cookie monster to a few toys .",
            "the cat [verb] cookie monster to a few toys .",
            "they [verb] daddy to a bit of the cheerios .",
            "the puppy [verb] pooh to a piece of cake .",
            "david [verb] daddy to a piece of cake .",
            "nemo [verb] cookie monster to a bit of the cheerios ."
        ]
    },
    "nasnis": {
        "do": [
            "we [verb] the toys pooh .",
            "the baby [verb] the cake cookie monster .",
            "he [verb] the toys nemo .",
            "the car [verb] the toys pooh .",
            "they [verb] the book pooh .",
            "cookie monster [verb] the cheerios barney .",
            "barney [verb] the milk daddy .",
            "nemo [verb] the cake barney .",
            "the cat [verb] the cheerios pooh .",
            "the puppy [verb] the car daddy .",
            "pooh [verb] the car daddy .",
            "the toys [verb] the cake grandma .",
            "pooh [verb] the cake grandma .",
            "the cat [verb] the cake pooh .",
            "the cat [verb] the soup daddy .",
            "cookie monster [verb] the toys barney .",
            "the car [verb] the milk barney .",
            "they [verb] the book daddy .",
            "it [verb] the cake daddy .",
            "they [verb] the car barney ."
        ],
        "pp": [
            "we [verb] pooh to the toys .",
            "the baby [verb] cookie monster to the cake .",
            "he [verb] nemo to the toys .",
            "the car [verb] pooh to the toys .",
            "they [verb] pooh to the book .",
            "cookie monster [verb] barney to the cheerios .",
            "barney [verb] daddy to the milk .",
            "nemo [verb] barney to the cake .",
            "the cat [verb] pooh to the cheerios .",
            "the puppy [verb] daddy to the car .",
            "pooh [verb] daddy to the car .",
            "the toys [verb] grandma to the cake .",
            "pooh [verb] grandma to the cake .",
            "the cat [verb] pooh to the cake .",
            "the cat [verb] daddy to the soup .",
            "cookie monster [verb] barney to the toys .",
            "the car [verb] barney to the milk .",
            "they [verb] daddy to the book .",
            "it [verb] daddy to the cake .",
            "they [verb] barney to the car ."
        ]
    },
    "nilpas": {
        "do": [
            "pooh [verb] him the small cake .",
            "the cat [verb] him a bit of the cheerios .",
            "the cat [verb] us a bit of the soup .",
            "they [verb] us a few cheerios .",
            "nemo [verb] us a bit of the soup .",
            "grandma [verb] him a bit of the soup .",
            "the car [verb] us a few toys .",
            "the puppy [verb] him a few toys .",
            "the puppy [verb] us a few cheerios .",
            "david [verb] them a bit of the milk .",
            "we [verb] them a few cheerios .",
            "barney [verb] us the small cake .",
            "barney [verb] him a bit of the milk .",
            "pooh [verb] them a bit of the cheerios .",
            "lucy [verb] him a bit of the soup .",
            "the baby [verb] him a few cheerios .",
            "we [verb] him a bit of the milk .",
            "grandma [verb] us a bit of the milk .",
            "the toys [verb] them a piece of cake .",
            "the puppy [verb] him a bit of the soup ."
        ],
        "pp": [
            "pooh [verb] the small cake to him .",
            "the cat [verb] a bit of the cheerios to him .",
            "the cat [verb] a bit of the soup to us .",
            "they [verb] a few cheerios to us .",
            "nemo [verb] a bit of the soup to us .",
            "grandma [verb] a bit of the soup to him .",
            "the car [verb] a few toys to us .",
            "the puppy [verb] a few toys to him .",
            "the puppy [verb] a few cheerios to us .",
            "david [verb] a bit of the milk to them .",
            "we [verb] a few cheerios to them .",
            "barney [verb] the small cake to us .",
            "barney [verb] a bit of the milk to him .",
            "pooh [verb] a bit of the cheerios to them .",
            "lucy [verb] a bit of the soup to him .",
            "the baby [verb] a few cheerios to him .",
            "we [verb] a bit of the milk to him .",
            "grandma [verb] a bit of the milk to us .",
            "the toys [verb] a piece of cake to them .",
            "the puppy [verb] a bit of the soup to him ."
        ]
    },
    "nilpis": {
        "do": [
            "they [verb] it a bit of the soup .",
            "lucy [verb] it a bit of the milk .",
            "they [verb] it a few cheerios .",
            "the cat [verb] it a bit of the soup .",
            "the cat [verb] it a piece of cake .",
            "cookie monster [verb] it a bit of the soup .",
            "cookie monster [verb] it a bit of the soup .",
            "nemo [verb] it a bit of the soup .",
            "the baby [verb] it a bit of the milk .",
            "we [verb] it the small cake .",
            "grandma [verb] it a few toys .",
            "barney [verb] it a few cheerios .",
            "cookie monster [verb] it a bit of the soup .",
            "the cat [verb] it a bit of the milk .",
            "the baby [verb] it a few toys .",
            "the puppy [verb] it the small cake .",
            "he [verb] it a bit of the milk .",
            "the toys [verb] it a piece of cake .",
            "the cat [verb] it a bit of the milk .",
            "the cat [verb] it the small cake ."
        ],
        "pp": [
            "they [verb] a bit of the soup to it .",
            "lucy [verb] a bit of the milk to it .",
            "they [verb] a few cheerios to it .",
            "the cat [verb] a bit of the soup to it .",
            "the cat [verb] a piece of cake to it .",
            "cookie monster [verb] a bit of the soup to it .",
            "cookie monster [verb] a bit of the soup to it .",
            "nemo [verb] a bit of the soup to it .",
            "the baby [verb] a bit of the milk to it .",
            "we [verb] the small cake to it .",
            "grandma [verb] a few toys to it .",
            "barney [verb] a few cheerios to it .",
            "cookie monster [verb] a bit of the soup to it .",
            "the cat [verb] a bit of the milk to it .",
            "the baby [verb] a few toys to it .",
            "the puppy [verb] the small cake to it .",
            "he [verb] a bit of the milk to it .",
            "the toys [verb] a piece of cake to it .",
            "the cat [verb] a bit of the milk to it .",
            "the cat [verb] the small cake to it ."
        ]
    },
    "nilnal": {
        "do": [
            "the puppy [verb] the cute puppy a bit of the soup .",
            "daddy [verb] the cute baby a bit of the milk .",
            "the cat [verb] the cute cat a few cheerios .",
            "pooh [verb] the small cat a few cheerios .",
            "it [verb] the small baby a bit of the milk .",
            "the puppy [verb] the small baby a few toys .",
            "the puppy [verb] the cute puppy the small cake .",
            "nemo [verb] the cute baby a few cheerios .",
            "daddy [verb] the cute baby a few toys .",
            "it [verb] the cute cat a bit of the milk .",
            "lucy [verb] the cute cat the small cake .",
            "pooh [verb] the cute baby a few cheerios .",
            "cookie monster [verb] the small cat a bit of the cheerios .",
            "cookie monster [verb] the cute puppy a few toys .",
            "daddy [verb] the small puppy a bit of the soup .",
            "they [verb] the small puppy the small cake .",
            "the toys [verb] the small cat a few toys .",
            "the cat [verb] the cute cat a piece of cake .",
            "nemo [verb] the cute cat a bit of the cheerios .",
            "nemo [verb] the small cat a few cheerios ."
        ],
        "pp": [
            "the puppy [verb] a bit of the soup to the cute puppy .",
            "daddy [verb] a bit of the milk to the cute baby .",
            "the cat [verb] a few cheerios to the cute cat .",
            "pooh [verb] a few cheerios to the small cat .",
            "it [verb] a bit of the milk to the small baby .",
            "the puppy [verb] a few toys to the small baby .",
            "the puppy [verb] the small cake to the cute puppy .",
            "nemo [verb] a few cheerios to the cute baby .",
            "daddy [verb] a few toys to the cute baby .",
            "it [verb] a bit of the milk to the cute cat .",
            "lucy [verb] the small cake to the cute cat .",
            "pooh [verb] a few cheerios to the cute baby .",
            "cookie monster [verb] a bit of the cheerios to the small cat .",
            "cookie monster [verb] a few toys to the cute puppy .",
            "daddy [verb] a bit of the soup to the small puppy .",
            "they [verb] the small cake to the small puppy .",
            "the toys [verb] a few toys to the small cat .",
            "the cat [verb] a piece of cake to the cute cat .",
            "nemo [verb] a bit of the cheerios to the cute cat .",
            "nemo [verb] a few cheerios to the small cat ."
        ]
    },
    "nilnas": {
        "do": [
            "they [verb] pooh a few toys .",
            "barney [verb] pooh a piece of cake .",
            "he [verb] david a few cheerios .",
            "nemo [verb] daddy a bit of the soup .",
            "he [verb] pooh a piece of cake .",
            "nemo [verb] barney a bit of the milk .",
            "the baby [verb] daddy a bit of the milk .",
            "the toys [verb] cookie monster a piece of cake .",
            "pooh [verb] grandma a few cheerios .",
            "cookie monster [verb] pooh the small cake .",
            "it [verb] pooh a bit of the milk .",
            "they [verb] barney a few cheerios .",
            "he [verb] lucy the small cake .",
            "the toys [verb] pooh a few toys .",
            "the puppy [verb] lucy the small cake .",
            "the baby [verb] david a bit of the soup .",
            "he [verb] barney a piece of cake .",
            "they [verb] barney a few cheerios .",
            "the baby [verb] daddy a bit of the soup .",
            "cookie monster [verb] david a bit of the soup ."
        ],
        "pp": [
            "they [verb] a few toys to pooh .",
            "barney [verb] a piece of cake to pooh .",
            "he [verb] a few cheerios to david .",
            "nemo [verb] a bit of the soup to daddy .",
            "he [verb] a piece of cake to pooh .",
            "nemo [verb] a bit of the milk to barney .",
            "the baby [verb] a bit of the milk to daddy .",
            "the toys [verb] a piece of cake to cookie monster .",
            "pooh [verb] a few cheerios to grandma .",
            "cookie monster [verb] the small cake to pooh .",
            "it [verb] a bit of the milk to pooh .",
            "they [verb] a few cheerios to barney .",
            "he [verb] the small cake to lucy .",
            "the toys [verb] a few toys to pooh .",
            "the puppy [verb] the small cake to lucy .",
            "the baby [verb] a bit of the soup to david .",
            "he [verb] a piece of cake to barney .",
            "they [verb] a few cheerios to barney .",
            "the baby [verb] a bit of the soup to daddy .",
            "cookie monster [verb] a bit of the soup to david ."
        ]
    },
    "nilnil": {
        "do": [
            "cookie monster [verb] a bit of the milk a bit of the soup .",
            "the puppy [verb] a piece of cake a bit of the soup .",
            "they [verb] a bit of the cheerios a few toys .",
            "the puppy [verb] a bit of the cheerios a bit of the soup .",
            "cookie monster [verb] a bit of the soup a bit of the cheerios .",
            "the car [verb] a few cheerios a bit of the cheerios .",
            "the baby [verb] a few cheerios a bit of the milk .",
            "we [verb] a bit of the soup the small cake .",
            "daddy [verb] a piece of cake a bit of the soup .",
            "the toys [verb] a piece of cake a few toys .",
            "cookie monster [verb] a bit of the soup a few toys .",
            "barney [verb] a bit of the milk a few toys .",
            "the car [verb] a bit of the milk a few cheerios .",
            "the car [verb] the small cake a few cheerios .",
            "nemo [verb] a few cheerios a bit of the milk .",
            "cookie monster [verb] the small cake a few cheerios .",
            "cookie monster [verb] a piece of cake the small cake .",
            "daddy [verb] a bit of the soup a few toys .",
            "he [verb] a piece of cake a bit of the cheerios .",
            "grandma [verb] a bit of the soup a piece of cake ."
        ],
        "pp": [
            "cookie monster [verb] a bit of the soup to a bit of the milk .",
            "the puppy [verb] a bit of the soup to a piece of cake .",
            "they [verb] a few toys to a bit of the cheerios .",
            "the puppy [verb] a bit of the soup to a bit of the cheerios .",
            "cookie monster [verb] a bit of the cheerios to a bit of the soup .",
            "the car [verb] a bit of the cheerios to a few cheerios .",
            "the baby [verb] a bit of the milk to a few cheerios .",
            "we [verb] the small cake to a bit of the soup .",
            "daddy [verb] a bit of the soup to a piece of cake .",
            "the toys [verb] a few toys to a piece of cake .",
            "cookie monster [verb] a few toys to a bit of the soup .",
            "barney [verb] a few toys to a bit of the milk .",
            "the car [verb] a few cheerios to a bit of the milk .",
            "the car [verb] a few cheerios to the small cake .",
            "nemo [verb] a bit of the milk to a few cheerios .",
            "cookie monster [verb] a few cheerios to the small cake .",
            "cookie monster [verb] the small cake to a piece of cake .",
            "daddy [verb] a few toys to a bit of the soup .",
            "he [verb] a bit of the cheerios to a piece of cake .",
            "grandma [verb] a piece of cake to a bit of the soup ."
        ]
    },
    "nilnis": {
        "do": [
            "barney [verb] the cheerios a piece of cake .",
            "the cat [verb] the toys a few cheerios .",
            "grandma [verb] the cheerios a few toys .",
            "the toys [verb] the car a bit of the soup .",
            "pooh [verb] the milk a few cheerios .",
            "the cat [verb] the cheerios a bit of the cheerios .",
            "barney [verb] the car a piece of cake .",
            "the car [verb] the cake a few cheerios .",
            "daddy [verb] the cake the small cake .",
            "cookie monster [verb] the milk a few cheerios .",
            "he [verb] the soup a few cheerios .",
            "pooh [verb] the cake a bit of the cheerios .",
            "the car [verb] the book the small cake .",
            "barney [verb] the book a few cheerios .",
            "daddy [verb] the car a bit of the milk .",
            "the car [verb] the cake a bit of the soup .",
            "the baby [verb] the car a few toys .",
            "the cat [verb] the milk a bit of the milk .",
            "the baby [verb] the book a bit of the soup .",
            "the car [verb] the cake a bit of the milk ."
        ],
        "pp": [
            "barney [verb] a piece of cake to the cheerios .",
            "the cat [verb] a few cheerios to the toys .",
            "grandma [verb] a few toys to the cheerios .",
            "the toys [verb] a bit of the soup to the car .",
            "pooh [verb] a few cheerios to the milk .",
            "the cat [verb] a bit of the cheerios to the cheerios .",
            "barney [verb] a piece of cake to the car .",
            "the car [verb] a few cheerios to the cake .",
            "daddy [verb] the small cake to the cake .",
            "cookie monster [verb] a few cheerios to the milk .",
            "he [verb] a few cheerios to the soup .",
            "pooh [verb] a bit of the cheerios to the cake .",
            "the car [verb] the small cake to the book .",
            "barney [verb] a few cheerios to the book .",
            "daddy [verb] a bit of the milk to the car .",
            "the car [verb] a bit of the soup to the cake .",
            "the baby [verb] a few toys to the car .",
            "the cat [verb] a bit of the milk to the milk .",
            "the baby [verb] a bit of the soup to the book .",
            "the car [verb] a bit of the milk to the cake ."
        ]
    },
    "nispas": {
        "do": [
            "the baby [verb] him the soup .",
            "david [verb] them the book .",
            "cookie monster [verb] them the book .",
            "pooh [verb] us the car .",
            "daddy [verb] him the soup .",
            "the car [verb] them the book .",
            "the baby [verb] him the toys .",
            "david [verb] them the toys .",
            "it [verb] him the cheerios .",
            "grandma [verb] them the book .",
            "barney [verb] him the car .",
            "barney [verb] us the toys .",
            "nemo [verb] him the cake .",
            "cookie monster [verb] them the milk .",
            "the cat [verb] him the book .",
            "david [verb] us the toys .",
            "the car [verb] him the book .",
            "he [verb] us the cheerios .",
            "nemo [verb] us the toys .",
            "daddy [verb] us the milk ."
        ],
        "pp": [
            "the baby [verb] the soup to him .",
            "david [verb] the book to them .",
            "cookie monster [verb] the book to them .",
            "pooh [verb] the car to us .",
            "daddy [verb] the soup to him .",
            "the car [verb] the book to them .",
            "the baby [verb] the toys to him .",
            "david [verb] the toys to them .",
            "it [verb] the cheerios to him .",
            "grandma [verb] the book to them .",
            "barney [verb] the car to him .",
            "barney [verb] the toys to us .",
            "nemo [verb] the cake to him .",
            "cookie monster [verb] the milk to them .",
            "the cat [verb] the book to him .",
            "david [verb] the toys to us .",
            "the car [verb] the book to him .",
            "he [verb] the cheerios to us .",
            "nemo [verb] the toys to us .",
            "daddy [verb] the milk to us ."
        ]
    },
    "nispis": {
        "do": [
            "we [verb] it the soup .",
            "david [verb] it the cheerios .",
            "lucy [verb] it the cheerios .",
            "barney [verb] it the toys .",
            "we [verb] it the soup .",
            "he [verb] it the cake .",
            "lucy [verb] it the toys .",
            "the puppy [verb] it the soup .",
            "lucy [verb] it the car .",
            "pooh [verb] it the milk .",
            "the puppy [verb] it the milk .",
            "lucy [verb] it the cheerios .",
            "the puppy [verb] it the car .",
            "daddy [verb] it the cake .",
            "he [verb] it the book .",
            "he [verb] it the soup .",
            "the toys [verb] it the car .",
            "nemo [verb] it the book .",
            "the car [verb] it the cheerios .",
            "grandma [verb] it the soup ."
        ],
        "pp": [
            "we [verb] the soup to it .",
            "david [verb] the cheerios to it .",
            "lucy [verb] the cheerios to it .",
            "barney [verb] the toys to it .",
            "we [verb] the soup to it .",
            "he [verb] the cake to it .",
            "lucy [verb] the toys to it .",
            "the puppy [verb] the soup to it .",
            "lucy [verb] the car to it .",
            "pooh [verb] the milk to it .",
            "the puppy [verb] the milk to it .",
            "lucy [verb] the cheerios to it .",
            "the puppy [verb] the car to it .",
            "daddy [verb] the cake to it .",
            "he [verb] the book to it .",
            "he [verb] the soup to it .",
            "the toys [verb] the car to it .",
            "nemo [verb] the book to it .",
            "the car [verb] the cheerios to it .",
            "grandma [verb] the soup to it ."
        ]
    },
    "nisnal": {
        "do": [
            "he [verb] the cute baby the soup .",
            "nemo [verb] the small cat the car .",
            "pooh [verb] the cute puppy the soup .",
            "the cat [verb] the small baby the cake .",
            "daddy [verb] the cute baby the cake .",
            "the toys [verb] the small cat the cake .",
            "david [verb] the cute cat the soup .",
            "the baby [verb] the cute puppy the car .",
            "daddy [verb] the small baby the book .",
            "nemo [verb] the cute baby the cheerios .",
            "nemo [verb] the cute puppy the book .",
            "barney [verb] the cute baby the toys .",
            "the baby [verb] the cute cat the cake .",
            "the cat [verb] the small cat the milk .",
            "he [verb] the small baby the soup .",
            "the baby [verb] the cute baby the toys .",
            "he [verb] the small cat the soup .",
            "the puppy [verb] the small cat the book .",
            "daddy [verb] the cute cat the soup .",
            "the cat [verb] the small puppy the book ."
        ],
        "pp": [
            "he [verb] the soup to the cute baby .",
            "nemo [verb] the car to the small cat .",
            "pooh [verb] the soup to the cute puppy .",
            "the cat [verb] the cake to the small baby .",
            "daddy [verb] the cake to the cute baby .",
            "the toys [verb] the cake to the small cat .",
            "david [verb] the soup to the cute cat .",
            "the baby [verb] the car to the cute puppy .",
            "daddy [verb] the book to the small baby .",
            "nemo [verb] the cheerios to the cute baby .",
            "nemo [verb] the book to the cute puppy .",
            "barney [verb] the toys to the cute baby .",
            "the baby [verb] the cake to the cute cat .",
            "the cat [verb] the milk to the small cat .",
            "he [verb] the soup to the small baby .",
            "the baby [verb] the toys to the cute baby .",
            "he [verb] the soup to the small cat .",
            "the puppy [verb] the book to the small cat .",
            "daddy [verb] the soup to the cute cat .",
            "the cat [verb] the book to the small puppy ."
        ]
    },
    "nisnas": {
        "do": [
            "they [verb] lucy the book .",
            "the puppy [verb] barney the milk .",
            "daddy [verb] cookie monster the cake .",
            "daddy [verb] pooh the toys .",
            "they [verb] pooh the soup .",
            "the puppy [verb] lucy the cheerios .",
            "david [verb] barney the cake .",
            "we [verb] daddy the milk .",
            "david [verb] lucy the toys .",
            "it [verb] nemo the cheerios .",
            "the toys [verb] david the soup .",
            "the car [verb] david the milk .",
            "cookie monster [verb] daddy the milk .",
            "david [verb] daddy the car .",
            "they [verb] pooh the milk .",
            "pooh [verb] barney the car .",
            "nemo [verb] daddy the soup .",
            "daddy [verb] lucy the soup .",
            "david [verb] barney the car .",
            "grandma [verb] daddy the milk ."
        ],
        "pp": [
            "they [verb] the book to lucy .",
            "the puppy [verb] the milk to barney .",
            "daddy [verb] the cake to cookie monster .",
            "daddy [verb] the toys to pooh .",
            "they [verb] the soup to pooh .",
            "the puppy [verb] the cheerios to lucy .",
            "david [verb] the cake to barney .",
            "we [verb] the milk to daddy .",
            "david [verb] the toys to lucy .",
            "it [verb] the cheerios to nemo .",
            "the toys [verb] the soup to david .",
            "the car [verb] the milk to david .",
            "cookie monster [verb] the milk to daddy .",
            "david [verb] the car to daddy .",
            "they [verb] the milk to pooh .",
            "pooh [verb] the car to barney .",
            "nemo [verb] the soup to daddy .",
            "daddy [verb] the soup to lucy .",
            "david [verb] the car to barney .",
            "grandma [verb] the milk to daddy ."
        ]
    },
    "nisnil": {
        "do": [
            "grandma [verb] a few toys the car .",
            "we [verb] a piece of cake the car .",
            "pooh [verb] the small cake the soup .",
            "cookie monster [verb] a few cheerios the cake .",
            "they [verb] a bit of the milk the cheerios .",
            "the toys [verb] a piece of cake the soup .",
            "the baby [verb] a piece of cake the cheerios .",
            "they [verb] the small cake the car .",
            "they [verb] a bit of the soup the milk .",
            "the car [verb] a piece of cake the cake .",
            "daddy [verb] a few toys the soup .",
            "the baby [verb] a few toys the car .",
            "he [verb] a few cheerios the cheerios .",
            "cookie monster [verb] a bit of the milk the car .",
            "daddy [verb] a few toys the soup .",
            "grandma [verb] a bit of the cheerios the soup .",
            "barney [verb] the small cake the soup .",
            "david [verb] a bit of the milk the car .",
            "david [verb] a bit of the cheerios the milk .",
            "barney [verb] a bit of the cheerios the milk ."
        ],
        "pp": [
            "grandma [verb] the car to a few toys .",
            "we [verb] the car to a piece of cake .",
            "pooh [verb] the soup to the small cake .",
            "cookie monster [verb] the cake to a few cheerios .",
            "they [verb] the cheerios to a bit of the milk .",
            "the toys [verb] the soup to a piece of cake .",
            "the baby [verb] the cheerios to a piece of cake .",
            "they [verb] the car to the small cake .",
            "they [verb] the milk to a bit of the soup .",
            "the car [verb] the cake to a piece of cake .",
            "daddy [verb] the soup to a few toys .",
            "the baby [verb] the car to a few toys .",
            "he [verb] the cheerios to a few cheerios .",
            "cookie monster [verb] the car to a bit of the milk .",
            "daddy [verb] the soup to a few toys .",
            "grandma [verb] the soup to a bit of the cheerios .",
            "barney [verb] the soup to the small cake .",
            "david [verb] the car to a bit of the milk .",
            "david [verb] the milk to a bit of the cheerios .",
            "barney [verb] the milk to a bit of the cheerios ."
        ]
    },
    "nisnis": {
        "do": [
            "they [verb] the toys the cheerios .",
            "daddy [verb] the car the cheerios .",
            "cookie monster [verb] the toys the cheerios .",
            "nemo [verb] the car the milk .",
            "he [verb] the cheerios the car .",
            "they [verb] the book the car .",
            "david [verb] the car the book .",
            "the baby [verb] the milk the toys .",
            "we [verb] the car the cheerios .",
            "barney [verb] the car the cake .",
            "the car [verb] the soup the toys .",
            "the puppy [verb] the car the milk .",
            "they [verb] the cheerios the soup .",
            "daddy [verb] the book the toys .",
            "the toys [verb] the cheerios the cake .",
            "nemo [verb] the milk the cake .",
            "nemo [verb] the milk the cheerios .",
            "daddy [verb] the toys the car .",
            "the puppy [verb] the soup the toys .",
            "the car [verb] the cake the milk ."
        ],
        "pp": [
            "they [verb] the cheerios to the toys .",
            "daddy [verb] the cheerios to the car .",
            "cookie monster [verb] the cheerios to the toys .",
            "nemo [verb] the milk to the car .",
            "he [verb] the car to the cheerios .",
            "they [verb] the car to the book .",
            "david [verb] the book to the car .",
            "the baby [verb] the toys to the milk .",
            "we [verb] the cheerios to the car .",
            "barney [verb] the cake to the car .",
            "the car [verb] the toys to the soup .",
            "the puppy [verb] the milk to the car .",
            "they [verb] the soup to the cheerios .",
            "daddy [verb] the toys to the book .",
            "the toys [verb] the cake to the cheerios .",
            "nemo [verb] the cake to the milk .",
            "nemo [verb] the cheerios to the milk .",
            "daddy [verb] the car to the toys .",
            "the puppy [verb] the toys to the soup .",
            "the car [verb] the milk to the cake ."
        ]
    }
}